t,q1,q2,q3,qd1,qd2,qd3,tau1,tau2,tau3
0.000000000000000000e+00,-2.545308778298283011e-21,-1.570796326794816622e+00,3.525588624044043097e-13,-8.596528420022062439e-19,4.085181545425340078e-12,1.762794671089644571e-11,3.226850810695137738e-16,-1.478695981049355179e+00,-1.478695981046456831e+00
1.094031333923339844e-02,-4.578430393746563629e-21,-1.570796326794776654e+00,5.288382867924644364e-13,-1.437298203091582406e-18,4.085181500935412252e-12,1.762794237077576013e-11,7.658398373315271829e-16,-1.478695981054261699e+00,-1.478695981049838126e+00
2.118968963623046875e-02,1.579000505653234222e-21,-1.570796326794736686e+00,7.051176955552786820e-13,1.570760413907038967e-18,4.085185037383905773e-12,1.762793526035560999e-11,-7.114601991906033607e-16,-1.478695981059154008e+00,-1.478695981053212982e+00
3.553891181945800781e-02,8.972974174833431900e-21,-1.570796326794696718e+00,8.813971207567626968e-13,1.178397054547250753e-18,4.085184138694781345e-12,1.762794384078824721e-11,-6.594610966850736225e-16,-1.478695981064057197e+00,-1.478695981056592723e+00
5.066752433776855469e-02,1.189990610369457710e-20,-1.570796326794656750e+00,1.057676556585934711e-12,1.061361966092049334e-18,4.085183942855325227e-12,1.762793807426771353e-11,2.159097204471981899e-16,-1.478695981068964604e+00,-1.478695981059972908e+00
6.116509437561035156e-02,1.214331772658218289e-20,-1.570796326794616782e+00,1.233955976766075060e-12,4.380945884205110890e-19,4.085184197300866210e-12,1.762794068541511116e-11,-5.281253981936870116e-16,-1.478695981073864241e+00,-1.478695981063351539e+00
7.019734382629394531e-02,1.542430244927089741e-20,-1.570796326794576814e+00,1.410235411622159254e-12,9.998816753794757038e-19,4.085183662990881066e-12,1.762794304761731741e-11,5.215389564608492877e-18,-1.478695981078769428e+00,-1.478695981066730836e+00
8.112668991088867188e-02,2.032080280844753298e-20,-1.570796326794536846e+00,1.586514827028098057e-12,2.454555720448361889e-18,4.085185469725222812e-12,1.762794203912031724e-11,6.829359662387521713e-17,-1.478695981083670841e+00,-1.478695981070109688e+00
9.043264389038085938e-02,2.642160528944633507e-20,-1.570796326794496878e+00,1.762794241856638942e-12,-2.805657305506475138e-19,4.085182940644228868e-12,1.762794417051217167e-11,-2.954055303224561820e-16,-1.478695981088572697e+00,-1.478695981073487653e+00
1.006371974945068359e-01,2.802739887832446814e-20,-1.570796326794456910e+00,1.939073672982577811e-12,5.171177037536830227e-19,4.085183616893514320e-12,1.762794244989600255e-11,2.133675806131746751e-16,-1.478695981093478773e+00,-1.478695981076868726e+00
1.109056472778320312e-01,2.889107305281615452e-20,-1.570796326794416942e+00,2.115353108845957965e-12,6.479833356574052433e-19,4.085185045551500066e-12,1.762794120846312274e-11,-5.226944675959651299e-16,-1.478695981098376189e+00,-1.478695981080245581e+00
1.216430664062500000e-01,3.481342383462964534e-20,-1.570796326794376974e+00,2.291632517270444940e-12,3.645914601490264819e-19,4.085184448018805004e-12,1.762794164588725219e-11,-4.487755802439380519e-16,-1.478695981103278712e+00,-1.478695981083624433e+00
1.305007934570312500e-01,4.187540260506074265e-20,-1.570796326794337006e+00,2.467911936222945862e-12,1.263821447202848157e-18,4.085184138850530407e-12,1.762794212914336559e-11,-3.848224776702446212e-17,-1.478695981108183455e+00,-1.478695981087004174e+00
1.441051959991455078e-01,4.493644804486047306e-20,-1.570796326794297038e+00,2.644191361473030474e-12,7.310275645679953265e-19,4.085183618523361434e-12,1.762794121695260015e-11,2.571069125619635594e-16,-1.478695981113088420e+00,-1.478695981090384359e+00
1.598200798034667969e-01,4.876549656100371532e-20,-1.570796326794257070e+00,2.820470788590069402e-12,1.355404773052335383e-18,4.085185164654076379e-12,1.762793647764934004e-11,-6.590426831060128736e-17,-1.478695981117989611e+00,-1.478695981093763212e+00
1.701533794403076172e-01,5.060838169404857133e-20,-1.570796326794217102e+00,2.996750216345190124e-12,1.603954510709757422e-19,4.085183149174648603e-12,1.762794438785734144e-11,4.760359551353429714e-16,-1.478695981122894798e+00,-1.478695981097142731e+00
1.806023120880126953e-01,5.425573156537713088e-20,-1.570796326794177133e+00,3.173029633213367155e-12,8.943895765251671101e-19,4.085184529974532083e-12,1.762793815434583109e-11,3.718173398088876786e-16,-1.478695981127797543e+00,-1.478695981100522028e+00
1.932208538055419922e-01,5.802316763820362866e-20,-1.570796326794137165e+00,3.349309062622834561e-12,2.730107436343192054e-18,4.085185453387457365e-12,1.762793927186677080e-11,-3.393483602129914401e-16,-1.478695981132694959e+00,-1.478695981103899326e+00
2.085366249084472656e-01,6.514063090612271737e-20,-1.570796326794097197e+00,3.525588480270841365e-12,-2.519513717159107480e-19,4.085182192275752528e-12,1.762794532946106618e-11,5.908438360106105459e-16,-1.478695981137604143e+00,-1.478695981107280399e+00
2.176816463470458984e-01,6.705899396865916536e-20,-1.570796326794057229e+00,3.701867895112073294e-12,8.953628991108842306e-19,4.085184481790255699e-12,1.762793611146428292e-11,5.306210109874887325e-16,-1.478695981142508442e+00,-1.478695981110661029e+00
2.278034687042236328e-01,7.122152953175044961e-20,-1.570796326794017261e+00,3.878147318198919853e-12,1.276768461994656807e-20,4.085183499014198385e-12,1.762794341390319040e-11,-8.753323030496127500e-17,-1.478695981147404082e+00,-1.478695981114036329e+00
2.372510433197021484e-01,7.419230895707945352e-20,-1.570796326793977293e+00,4.054426740988478184e-12,-5.276920159857654523e-19,4.085182170216339201e-12,1.762794891070988220e-11,-8.290609466068835658e-16,-1.478695981152301053e+00,-1.478695981117412961e+00
2.484073638916015625e-01,7.109639704020470127e-20,-1.570796326793937325e+00,4.230706179516710750e-12,4.138627201166822775e-19,4.085184806302764586e-12,1.762794422333463312e-11,-7.990568043857130220e-16,-1.478695981157204242e+00,-1.478695981120792036e+00
2.604508399963378906e-01,7.264209473094633310e-20,-1.570796326793897357e+00,4.406985601565154027e-12,1.715704128712143451e-18,4.085184590341934888e-12,1.762793715275074518e-11,-1.972366904405557716e-16,-1.478695981162112982e+00,-1.478695981124174441e+00
2.708702087402343750e-01,7.607007589467839788e-20,-1.570796326793857389e+00,4.583265013388859758e-12,3.969049989558752306e-19,4.085183775657802382e-12,1.762793985210265396e-11,-5.219495180461207322e-17,-1.478695981167014617e+00,-1.478695981127551962e+00
2.821552753448486328e-01,7.753805177220882141e-20,-1.570796326793817421e+00,4.759544438438956493e-12,3.774771739104202771e-19,4.085184363435251134e-12,1.762794284662311082e-11,3.855091719248312370e-16,-1.478695981171920693e+00,-1.478695981130932813e+00
2.910013198852539062e-01,7.497293775034303210e-20,-1.570796326793777453e+00,4.935823873423053753e-12,1.089605895434688311e-19,4.085183334027099237e-12,1.762794325812273102e-11,2.105247484061870540e-16,-1.478695981176821661e+00,-1.478695981134311443e+00
3.019678592681884766e-01,7.250615124567288022e-20,-1.570796326793737485e+00,5.112103309382820239e-12,-9.083822675685874789e-19,4.085182672848351459e-12,1.762794420750486481e-11,5.173648876764008326e-17,-1.478695981181723962e+00,-1.478695981137690074e+00
3.111224174499511719e-01,7.143707221922504581e-20,-1.570796326793697517e+00,5.288382723729935747e-12,-9.258682917806291686e-19,4.085180805354179177e-12,1.762794614880427168e-11,1.233818190676836672e-15,-1.478695981186633590e+00,-1.478695981141071591e+00
3.212823867797851562e-01,6.997323586367257070e-20,-1.570796326793657549e+00,5.464662158543621684e-12,1.663364749223777639e-18,4.085183629100723491e-12,1.762793963262914848e-11,1.102455200778816583e-15,-1.478695981191533448e+00,-1.478695981144449556e+00
3.318638801574707031e-01,7.227645204661946768e-20,-1.570796326793617581e+00,5.640941585791753796e-12,6.671470845039929932e-19,4.085183745643712991e-12,1.762794422790266696e-11,-3.884996418850217554e-16,-1.478695981196426645e+00,-1.478695981147825300e+00
3.414385318756103516e-01,6.950368263649401115e-20,-1.570796326793577613e+00,5.817221022536223877e-12,-8.127332003743858032e-20,4.085182406807132540e-12,1.762794449837518209e-11,8.560925045281519372e-16,-1.478695981201338494e+00,-1.478695981151207484e+00
3.532359600067138672e-01,7.044037355746088142e-20,-1.570796326793537645e+00,5.993500459087998842e-12,-8.636474086557370531e-19,4.085182745076358602e-12,1.762794527997806857e-11,-4.931372219186040593e-17,-1.478695981206236576e+00,-1.478695981154585226e+00
3.639378547668457031e-01,7.442060966473175296e-20,-1.570796326793497677e+00,6.169779886068863566e-12,6.393859951867441367e-19,4.085184085641092220e-12,1.762794482497685194e-11,-4.241869320893218292e-16,-1.478695981211133548e+00,-1.478695981157961192e+00
3.756070137023925781e-01,7.813639929268123182e-20,-1.570796326793457709e+00,6.346059303642143407e-12,8.651649482298544423e-20,4.085183219101227640e-12,1.762794415560236068e-11,-1.041424523573227752e-16,-1.478695981216039845e+00,-1.478695981161342266e+00
3.860092163085937500e-01,7.804491326273958952e-20,-1.570796326793417741e+00,6.522338744496071813e-12,-1.159081978500592682e-19,4.085183799598813303e-12,1.762794345304999433e-11,6.453769650254620647e-16,-1.478695981220949252e+00,-1.478695981164724005e+00
3.963916301727294922e-01,8.470767651681558222e-20,-1.570796326793377773e+00,6.698618154055181593e-12,1.635813090486179202e-18,4.085183843151256304e-12,1.762793796675036069e-11,4.129475701295682132e-16,-1.478695981225849110e+00,-1.478695981168102414e+00
4.071323871612548828e-01,8.289750212840691995e-20,-1.570796326793337805e+00,6.874897583107994811e-12,-5.930830829446544678e-19,4.085182125631474629e-12,1.762794749759164345e-11,-5.172907306618551249e-16,-1.478695981230745415e+00,-1.478695981171478380e+00
4.187517166137695312e-01,8.409893899311852508e-20,-1.570796326793297837e+00,7.051177012698623254e-12,-7.339410699766111173e-19,4.085182780448041890e-12,1.762794364850422016e-11,6.006066243355415992e-17,-1.478695981235652823e+00,-1.478695981174859453e+00
4.297785758972167969e-01,8.017363199981284449e-20,-1.570796326793257869e+00,7.227456457945227256e-12,3.138207180246488152e-19,4.085182644852696661e-12,1.762794297212494699e-11,5.414734427076513357e-16,-1.478695981240556900e+00,-1.478695981178238972e+00
4.424993991851806641e-01,7.712552571053065028e-20,-1.570796326793217901e+00,7.403735889444606466e-12,5.989169761630764321e-20,4.085184129528737240e-12,1.762794452126356691e-11,-9.849917270762116372e-16,-1.478695981245449875e+00,-1.478695981181614272e+00
4.519560337066650391e-01,8.029855085782897979e-20,-1.570796326793177933e+00,7.580015307237930890e-12,1.776651920289798936e-18,4.085185799374535420e-12,1.762793705815785677e-11,5.197487473294124221e-16,-1.478695981250363500e+00,-1.478695981184998232e+00
4.617910385131835938e-01,8.289953901583274732e-20,-1.570796326793137965e+00,7.756294738632217772e-12,-1.299564707050508338e-18,4.085181859088846934e-12,1.762794334039986300e-11,8.726604973017274768e-16,-1.478695981255267800e+00,-1.478695981188377306e+00
4.715409278869628906e-01,8.149527654282676455e-20,-1.570796326793097997e+00,7.932574168700262714e-12,-3.484095475649857283e-19,4.085183790781867688e-12,1.762794234872322194e-11,2.379704478025917766e-16,-1.478695981260166770e+00,-1.478695981191755049e+00
4.812147617340087891e-01,8.065050263592276833e-20,-1.570796326793058029e+00,8.108853603730268498e-12,1.366777748360676935e-18,4.085184795110025390e-12,1.762794320365353069e-11,-7.126498256202082473e-17,-1.478695981265064852e+00,-1.478695981195131903e+00
4.926009178161621094e-01,8.411907294848711069e-20,-1.570796326793018061e+00,8.285133031887949508e-12,2.990353536942682315e-19,4.085184428258248576e-12,1.762794259417870311e-11,2.182837992347269974e-17,-1.478695981269970261e+00,-1.478695981198512310e+00
5.029830932617187500e-01,8.589973544549505382e-20,-1.570796326792978093e+00,8.461412462755007301e-12,2.427913957557294297e-19,4.085183573306284497e-12,1.762794179716247559e-11,5.962116003320843956e-16,-1.478695981274875004e+00,-1.478695981201891829e+00
5.116450786590576172e-01,8.929646782392862935e-20,-1.570796326792938125e+00,8.637691884986990970e-12,-7.261496530307888461e-19,4.085182677447641262e-12,1.762794504132547586e-11,-3.011133178257014099e-16,-1.478695981279773308e+00,-1.478695981205269350e+00
5.221896171569824219e-01,8.668786425063748929e-20,-1.570796326792898157e+00,8.813971306143573603e-12,1.994972193019660694e-19,4.085184090527833749e-12,1.762793993248305434e-11,-2.026270579367489337e-16,-1.478695981284676275e+00,-1.478695981208648424e+00
5.327460765838623047e-01,8.817718805267261428e-20,-1.570796326792858189e+00,8.990250734199732734e-12,1.296665859460061571e-19,4.085184001691718501e-12,1.762794394440692980e-11,-4.678468720680790025e-16,-1.478695981289576133e+00,-1.478695981212026389e+00
5.445799827575683594e-01,-1.123164590869002362e-04,-1.570981854711046566e+00,5.105675685313656141e-04,-2.046090644637316852e-02,-3.377189122615575217e-02,9.291748138431137061e-02,0.000000000000000000e+00,-4.902811708600247738e-34,-4.336808689942017736e-16
5.550363063812255859e-01,2.476190438001969404e-02,-1.556658075662874730e+00,-2.530660636916808037e-02,3.141592653985723960e+00,1.807272962664462135e+00,-3.141592654179099942e+00,-6.968005576017496594e+00,4.564368494898445761e+01,1.662960942798878961e+01
5.665366649627685547e-01,5.617783091983683669e-02,-1.537780602485296910e+00,-5.672253291097838906e-02,3.141592653977474559e+00,1.953912237940925056e+00,-3.141592654180923372e+00,-6.775968092557071998e+00,4.573786454551600400e+01,1.704139766232255226e+01
5.764605998992919922e-01,8.759375745954221804e-02,-1.517423865898005486e+00,-8.813845945277458405e-02,3.141592653964120352e+00,2.102974029336671435e+00,-3.141592654178065214e+00,-6.509496003031919997e+00,4.573786454551603242e+01,1.741377582898619636e+01
5.875833034515380859e-01,1.190096839983826177e-01,-1.495741907666485959e+00,-1.195543859933390907e-01,3.141592653877089969e+00,2.222039389132634213e+00,-3.141592654054482736e+00,-4.548433040452124487e+00,3.467131929563499426e+01,1.359615818618857119e+01
5.988533496856689453e-01,1.504256105370561092e-01,-1.472850830655495269e+00,-1.509703125338514029e-01,3.141592653858899187e+00,2.344529026440527186e+00,-3.141592654048237510e+00,-4.181790599052629176e+00,3.467131929563500137e+01,1.395305911832328505e+01
6.070940494537353516e-01,1.818415370750405269e-01,-1.448881912255570725e+00,-1.823862390733653471e-01,3.141592653790610257e+00,2.440335393935849417e+00,-3.141592653948701130e+00,-2.250081665724955826e+00,2.442840637866857634e+01,1.043182031117803277e+01
6.185042858123779297e-01,2.132574636128460599e-01,-1.423932198375601033e+00,-2.138021656128148429e-01,3.141592653772167676e+00,2.540328688197217577e+00,-3.141592653941704949e+00,-1.786369177954327370e+00,2.442840637866856213e+01,1.077035693763635393e+01
6.274127960205078125e-01,2.446733901501290109e-01,-1.398113208374737626e+00,-2.452180921514666989e-01,3.141592653721312800e+00,2.616601783418324612e+00,-3.141592653862668616e+00,1.073640969061209205e-01,1.497992675249075489e+01,7.534849270611513106e+00
6.375184059143066406e-01,2.760893166872576132e-01,-1.371505619782179997e+00,-2.766340186900606568e-01,3.141592653706005045e+00,2.697620754177320723e+00,-3.141592653856646322e+00,6.485311411728673647e-01,1.497992675249076910e+01,7.854514704768803313e+00
6.468453407287597656e-01,3.075052432240067413e-01,-1.344206337747158031e+00,-3.080499452280121564e-01,3.141592653669667889e+00,2.757114417604088263e+00,-3.141592653793252143e+00,2.504902626384323483e+00,6.143316695694473140e+00,4.837335606644408870e+00
6.577725410461425781e-01,3.389211697606425155e-01,-1.316284100279160318e+00,-3.394658717659207459e-01,3.141592653658717538e+00,2.821735185957949366e+00,-3.141592653788860989e+00,3.092888691191678419e+00,6.143316695694480245e+00,5.138716446086828427e+00
6.675181388854980469e-01,3.703370962970126690e-01,-1.287825072299269902e+00,-3.708817983033052545e-01,3.141592653633582977e+00,2.866466827340333534e+00,-3.141592653737254714e+00,4.894640199736414843e+00,-2.202320639993480711e+00,2.296308723970316379e+00
6.780071258544921875e-01,4.017530228333096032e-01,-1.258889442806356396e+00,-4.022977248406625628e-01,3.141592653626631204e+00,2.916546823442681458e+00,-3.141592653734476492e+00,5.492234094251042364e+00,-2.202320639993452289e+00,2.580562925189488155e+00
6.885759830474853516e-01,4.331689493694247939e-01,-1.229555586176593218e+00,-4.337136513775858848e-01,3.141592653609554642e+00,2.947968644817464234e+00,-3.141592653691748893e+00,7.210670641853567986e+00,-1.013237260687236230e+01,-1.131406170893782814e-01
6.987059116363525391e-01,4.645848759054983512e-01,-1.199877775363945576e+00,-4.651295779144957176e-01,3.141592653605643992e+00,2.984812433424582689e+00,-3.141592653690325587e+00,7.777570723969909672e+00,-1.013237260687235519e+01,1.555765689170200972e-01
7.108848094940185547e-01,4.960008024414486183e-01,-1.169928858233813429e+00,-4.965455044510406757e-01,3.141592653594105222e+00,3.003938346826024564e+00,-3.141592653654411649e+00,9.377627635670062745e+00,-1.768837897031883699e+01,-2.402449293969350919e+00
7.176973819732666016e-01,5.274167289773793454e-01,-1.139759260164315613e+00,-5.279614309875831912e-01,3.141592653592282680e+00,3.028421177234369654e+00,-3.141592653654075917e+00,9.873408121745843147e+00,-1.768837897031883344e+01,-2.147208854982082471e+00
7.282183170318603516e-01,5.585724968667319379e-01,-1.109477371957685810e+00,-5.593773575238039086e-01,3.094053254809545184e+00,3.028616800317363467e+00,-3.141592653622451436e+00,9.283712498726956142e+00,-2.488665592749060096e+01,-4.727533694938744091e+00
7.379336357116699219e-01,5.892459475615974274e-01,-1.079170847970298830e+00,-5.907932840600323976e-01,3.045385305051581337e+00,3.032936641162640168e+00,-3.141592653623142883e+00,9.283712498726956142e+00,-2.488665592749060096e+01,-4.466708356608018349e+00
7.489504814147949219e-01,6.191526340496539271e-01,-1.048957841182690753e+00,-6.222092105959896591e-01,2.947559229832768857e+00,3.012460441796616539e+00,-3.141592653596624540e+00,7.953589292857270010e+00,-3.169251842519388163e+01,-6.837161838461510932e+00
7.581064701080322266e-01,6.481390712687954414e-01,-1.018925124362387358e+00,-6.536251371319659054e-01,2.860067078971787247e+00,2.996398698514362025e+00,-3.141592653598423546e+00,7.953589292857270898e+00,-3.169251842519388163e+01,-6.523753455770100018e+00
7.706718444824218750e-01,6.760619566059040686e-01,-9.894718410117857577e-01,-6.842422470967981507e-01,2.739856492556847378e+00,2.906024122280130850e+00,-3.001248916421648705e+00,6.883401699122043027e+00,-3.799551506946113477e+01,-6.500272920111273223e+00
7.808537483215332031e-01,7.028858507279516221e-01,-9.608359220002974377e-01,-7.136256545648034244e-01,2.637820057884646463e+00,2.831013066546275159e+00,-2.891033101076330158e+00,6.883401699122043027e+00,-3.799551506946113477e+01,-6.500272920111273223e+00
7.912483215332031250e-01,7.286797700973046688e-01,-9.331525245974209293e-01,-7.414789995403349154e-01,2.534233828853336590e+00,2.719362440334940345e+00,-2.703618147365132618e+00,6.460150544503303394e+00,-4.093740692628441735e+01,-5.829703376642208390e+00
7.992405891418457031e-01,7.535283248618790397e-01,-9.065055760262098472e-01,-7.676233452173821803e-01,2.446615293200930186e+00,2.621945637999266498e+00,-2.545515620973186621e+00,6.460150544503302505e+00,-4.093740692628441735e+01,-5.829703376642203949e+00
8.103859424591064453e-01,7.774060313802403366e-01,-8.813433309569470575e-01,-7.911601482496610771e-01,2.342471149719293155e+00,2.432173392429893610e+00,-2.202304758082376246e+00,5.630950945091612425e+00,-4.797566000718358481e+01,-4.593866355869097085e+00
8.199470043182373047e-01,8.003394266775732957e-01,-8.579949370545222331e-01,-8.114556866644387911e-01,2.255451228418636767e+00,2.257210862965199460e+00,-1.892761395484443776e+00,5.630950945091612425e+00,-4.797566000718358481e+01,-4.593866355869106854e+00
8.307976722717285156e-01,8.224216095912412205e-01,-8.365204858703122470e-01,-8.284634707685383237e-01,2.171791509066266279e+00,2.059455505834482558e+00,-1.547923258951878989e+00,5.292840551290920459e+00,-5.112897526466095854e+01,-4.550652516448923102e+00
8.410847187042236328e-01,8.437432640477763313e-01,-8.169617293913217226e-01,-8.421659057802645121e-01,2.101570259169163180e+00,1.872584695023630896e+00,-1.228204579958087406e+00,5.292840551290920459e+00,-5.112897526466095854e+01,-4.550652516448920437e+00
8.732419013977050781e-01,8.644087000469306004e-01,-7.992430959743903607e-01,-8.527812561727525775e-01,2.039475089046747236e+00,1.690628261853824199e+00,-9.278089805774343279e-01,5.168932415706263939e+00,-5.208567109663728445e+01,-4.889931724817551562e+00
8.853476047515869141e-01,8.844896065643947924e-01,-7.832177650524561052e-01,-8.607664919205756382e-01,1.983805374509388209e+00,1.531372607702456978e+00,-6.946773158018036964e-01,4.965864515845679783e+00,-5.287958751309771799e+01,-6.199908354430129442e+00
9.015111923217773438e-01,9.040621434449616078e-01,-7.687537325937704447e-01,-8.664852601660517628e-01,1.936716559740049082e+00,1.377619470287390069e+00,-4.728781423203580747e-01,4.965864515845678895e+00,-5.287958751309771799e+01,-6.199908354430129442e+00
9.117431640625000000e-01,9.231964445533763497e-01,-7.556054067364286198e-01,-8.705671365631280079e-01,1.895413463586066438e+00,1.264058557583196629e+00,-3.562571657934054947e-01,4.774483291206768953e+00,-5.262140358234846360e+01,-8.035777802027476824e+00
9.221665859222412109e-01,9.419539980435359672e-01,-7.435719107479207279e-01,-8.735167426790658718e-01,1.860579317345775641e+00,1.154190750540528221e+00,-2.456039423074907746e-01,4.774483291206768953e+00,-5.262140358234846360e+01,-8.035777802027475047e+00
9.333498477935791016e-01,9.603911537650126062e-01,-7.325018099495633761e-01,-8.756929799451365071e-01,1.830726178735110121e+00,1.068860698666801223e+00,-1.953245328034898809e-01,4.661924935272423909e+00,-5.225001383002955890e+01,-9.019163939034287480e+00
9.442458152770996094e-01,9.785582760149418302e-01,-7.222690347214825168e-01,-8.773868829700601779e-01,1.805968671587361074e+00,9.863866671521763774e-01,-1.486650953276300591e-01,4.661924935272423909e+00,-5.225001383002955890e+01,-9.019163939034287480e+00
9.582433700561523438e-01,9.964929673095240803e-01,-7.126261559403059831e-01,-8.792005621070000387e-01,1.783911767333150600e+00,9.465958196030923588e-01,-2.085019530839738733e-01,4.391422481865664196e+00,-5.141172490242183102e+01,-1.080100635048668067e+01
9.683258533477783203e-01,1.014216966375689477e+00,-7.031851212094503145e-01,-8.820936079261899598e-01,1.763609620118599564e+00,9.424308542114996357e-01,-3.557188988122075290e-01,4.061195933887945309e+00,-5.062283417892671622e+01,-1.223099465390762930e+01
9.785201549530029297e-01,1.031760287390230069e+00,-6.937727113936548173e-01,-8.864698597162398164e-01,1.747316853186485108e+00,9.406017956287786586e-01,-5.049365747876014554e-01,4.061195933887944420e+00,-5.062283417892671622e+01,-1.223099465390762930e+01
9.884305000305175781e-01,1.049142264046393880e+00,-6.842773751090716061e-01,-8.925855910977784635e-01,1.731285807294061119e+00,9.571222789092794780e-01,-6.990402805351206839e-01,3.673949957009428502e+00,-5.028490773178349116e+01,-1.298387960753012038e+01
9.994661808013916016e-01,1.066383505504632678e+00,-6.746071091999422675e-01,-9.006500783589537207e-01,1.718771174472348395e+00,9.753663107392166465e-01,-8.945225302629207231e-01,3.673949957009428502e+00,-5.028490773178349116e+01,-1.298387960753012393e+01
1.010136842727661133e+00,1.083494166891526778e+00,-6.647813258891343002e-01,-9.106060432755166412e-01,1.705254884443128116e+00,9.886839693339990465e-01,-1.078524642975274395e+00,3.235317892378068105e+00,-5.063960801017569224e+01,-1.284256795424933983e+01
1.020387649536132812e+00,1.100487293980020320e+00,-6.548154137410995279e-01,-9.224101905150032810e-01,1.694910371801322313e+00,1.003221601049410605e+00,-1.263985080305651598e+00,3.235317892378068549e+00,-5.063960801017569224e+01,-1.284256795424933983e+01
1.031084537506103516e+00,1.117367609154369834e+00,-6.448355745840894659e-01,-9.357535976351670781e-01,1.682858639497721409e+00,9.939072285375993854e-01,-1.392367466631400763e+00,2.757719448762951053e+00,-5.156429848855498221e+01,-1.191815784378038501e+01
1.043562412261962891e+00,1.134143759716055744e+00,-6.349416906814918660e-01,-9.503975595464315695e-01,1.673754469004716583e+00,9.858632701157670208e-01,-1.523772067554978404e+00,2.757719448762951053e+00,-5.156429848855498221e+01,-1.191815784378038323e+01
1.054161548614501953e+00,1.150831343202448398e+00,-6.252153030575293702e-01,-9.661482954003606238e-01,1.665088499652776610e+00,9.620300196465678688e-01,-1.617688894640270769e+00,2.506436894760929235e+00,-5.215641512678223535e+01,-1.123264714197951086e+01
1.065094709396362305e+00,1.167447337497478310e+00,-6.157199798413587333e-01,-9.828613582189845710e-01,1.659143722254737829e+00,9.394804499354184602e-01,-1.715788471544699600e+00,2.506436894760929235e+00,-5.215641512678223535e+01,-1.123264714197950909e+01
1.074225425720214844e+00,1.183993412878696638e+00,-6.066400918950821675e-01,-1.000099633677053568e+00,1.651288959328215622e+00,8.825426997753830216e-01,-1.731489991030631392e+00,1.988558167061179383e+00,-5.331952600540661535e+01,-9.655382844766723593e+00
1.085400819778442383e+00,1.200475126137464432e+00,-5.981184335655757023e-01,-1.017533832920965109e+00,1.645997012759595979e+00,8.275870015064941132e-01,-1.754198975513202363e+00,1.988558167061179605e+00,-5.331952600540661535e+01,-9.655382844766723593e+00
1.095079183578491211e+00,1.216893693266101195e+00,-5.903281109111313540e-01,-1.034753883365196803e+00,1.638827717028464415e+00,7.397221601870949126e-01,-1.697102342032950517e+00,1.447388817644527315e+00,-5.429757824488362417e+01,-7.935769141186021614e+00
1.107713699340820312e+00,1.233253506079926787e+00,-5.834019457611074877e-01,-1.051453994352584465e+00,1.633995445102032873e+00,6.544323300286759570e-01,-1.649154882919948051e+00,1.447388817644527093e+00,-5.429757824488362417e+01,-7.935769141186020725e+00
1.118142127990722656e+00,1.249554823381556101e+00,-5.774696115721176248e-01,-1.067321862931191356e+00,1.627281213802999060e+00,5.436063064762710617e-01,-1.537311398474115354e+00,8.880292109092868813e-01,-5.479836943877616307e+01,-6.322951580946972072e+00
1.129688739776611328e+00,1.265778938922117014e+00,-5.727214858750646620e-01,-1.081860954674465969e+00,1.618694720237790374e+00,4.189848567219584541e-01,-1.387253077831839931e+00,3.179888679174718291e-01,-5.458122970098983018e+01,-5.038240232145215103e+00
1.139977455139160156e+00,1.281926793367111905e+00,-5.692038833142948340e-01,-1.094954475219943379e+00,1.611839245823956546e+00,2.971325099230155975e-01,-1.246968957879037054e+00,3.179888679174718291e-01,-5.458122970098983018e+01,-5.038240232145215991e+00
1.149924993515014648e+00,1.297995347200233462e+00,-5.669029646357902630e-01,-1.106604874708644326e+00,1.602982571352306262e+00,1.755648248024705982e-01,-1.099223812060421190e+00,-2.567233016916190547e-01,-5.348716693912419373e+01,-4.240468524686719753e+00
1.159725666046142578e+00,1.313982698733944243e+00,-5.658067675654341322e-01,-1.116819812320811955e+00,1.595453714835633585e+00,5.591741184141571508e-02,-9.589128389308929634e-01,-2.567233016916192767e-01,-5.348716693912417952e+01,-4.240468524686722418e+00
1.172841548919677734e+00,1.329883332905831272e+00,-5.658331474493658586e-01,-1.125748302768389442e+00,1.585802909620438683e+00,-5.037329381377608772e-02,-8.396192818872105779e-01,-8.285968714966943649e-01,-5.155241744561718065e+01,-3.945120041761540630e+00
1.182767868041992188e+00,1.345692851067116447e+00,-5.669167424740511052e-01,-1.133512163566469777e+00,1.577124984564276078e+00,-1.556809227542740315e-01,-7.253302874653673182e-01,-8.285968714966944759e-01,-5.155241744561718065e+01,-3.945120041761542851e+00
1.191740512847900391e+00,1.361411998531701251e+00,-5.689952852999281552e-01,-1.140244175087858913e+00,1.567771166026250329e+00,-2.504809874981849260e-01,-6.310883894444033748e-01,-1.112956285504398402e+00,-5.033373531010496293e+01,-3.940313715546969409e+00
1.202757120132446289e+00,1.377041907892328387e+00,-5.720201181430071280e-01,-1.146052174546122737e+00,1.559193316546855224e+00,-3.450094821107171361e-01,-5.400904288915547857e-01,-1.112956285504398402e+00,-5.033373531010496293e+01,-3.940313715546968076e+00
1.212008476257324219e+00,1.392573768546538915e+00,-5.758567471842623853e-01,-1.151192537850446840e+00,1.548348432993443824e+00,-4.153333259678441136e-01,-4.930508962901743453e-01,-1.673550818093499482e+00,-4.758413723343116430e+01,-4.088084330718999126e+00
1.222780942916870117e+00,1.407999946150819026e+00,-5.803985883046138827e-01,-1.155874017715027957e+00,1.538000711860789016e+00,-4.860415492623550993e-01,-4.480543919991555324e-01,-1.673550818093499482e+00,-4.758413723343116430e+01,-4.088084330719002679e+00
1.232994794845581055e+00,1.423310276836195376e+00,-5.854978266503222395e-01,-1.160380667231483809e+00,1.525367820674085051e+00,-5.295909491546102466e-01,-4.530363567462913910e-01,-2.226963329099179489e+00,-4.453835264521642046e+01,-4.332045893861151242e+00
1.243300437927246094e+00,1.438495481031986989e+00,-5.910374510396091408e-01,-1.164945606207503204e+00,1.512945428907991774e+00,-5.740482372993375160e-01,-4.595452618153768043e-01,-2.226963329099179489e+00,-4.453835264521642046e+01,-4.332045893861152130e+00
1.252918004989624023e+00,1.453543850508967505e+00,-5.968766625857522268e-01,-1.169838016340585263e+00,1.498188246695084436e+00,-5.921963673205367096e-01,-5.137490330003753325e-01,-2.768800199842202048e+00,-4.141797678120319404e+01,-4.509896506332626842e+00
1.262753009796142578e+00,1.468443953071426167e+00,-6.029048317349572361e-01,-1.175280267672108359e+00,1.483291519136430203e+00,-6.117229584852281743e-01,-5.693750280533118602e-01,-2.768800199842202048e+00,-4.141797678120319404e+01,-4.509896506332628618e+00
1.274536132812500000e+00,1.483181605993598939e+00,-6.090085689397983781e-01,-1.181483054587492365e+00,1.465890366723010318e+00,-6.095355666614296064e-01,-6.621435330412449582e-01,-3.293795626571576651e+00,-3.844064228998564658e+01,-4.462448948216664490e+00
1.284946203231811523e+00,1.497742034402202327e+00,-6.151004969216468110e-01,-1.188621506954947948e+00,1.447884772369341988e+00,-6.092037488245600763e-01,-7.563660994228416090e-01,-3.293795626571576651e+00,-3.844064228998564658e+01,-4.462448948216664490e+00
1.295875072479248047e+00,1.512107056765104041e+00,-6.211097047730017584e-01,-1.196814833811951528e+00,1.427021328551804524e+00,-5.944756131763468954e-01,-8.710817542058785223e-01,-3.796980584673176562e+00,-3.576568745443525188e+01,-4.069018815752864171e+00
1.305242538452148438e+00,1.526256933725137266e+00,-6.269842209308890135e-01,-1.206163733659105564e+00,1.404945719127269843e+00,-5.820704317707888764e-01,-9.873230341736506377e-01,-3.796980584673176118e+00,-3.576568745443524477e+01,-4.069018815752865059e+00
1.314151763916015625e+00,1.540167826956054142e+00,-6.327023259433065538e-01,-1.216680864167467790e+00,1.379476330735542877e+00,-5.637996397560570694e-01,-1.104662351873452186e+00,-4.272287386387326080e+00,-3.347743118345314883e+01,-3.266880521406565485e+00
1.325327873229980469e+00,1.553813454136650174e+00,-6.382522997103108331e-01,-1.228381012164187602e+00,1.352048336774421156e+00,-5.482199705420282010e-01,-1.223739234167051215e+00,-4.272287386387326080e+00,-3.347743118345314883e+01,-3.266880521406565929e+00
1.334659099578857422e+00,1.567163100121546027e+00,-6.436585101455449820e-01,-1.241176446066844852e+00,1.320586205804388458e+00,-5.348106537330040711e-01,-1.325546515862263908e+00,-4.712577652207834866e+00,-3.157163161128275419e+01,-2.056724518789415868e+00
1.344074249267578125e+00,1.580182881259034833e+00,-6.489461212035312343e-01,-1.255002369893092107e+00,1.286308641658572727e+00,-5.242641889041298464e-01,-1.429592112562481976e+00,-4.712577652207834866e+00,-3.157163161128275419e+01,-2.056724518789416312e+00
1.354919195175170898e+00,1.592834907481781359e+00,-6.541738060942356991e-01,-1.269695842657946105e+00,1.247397253439866516e+00,-5.219415071851766230e-01,-1.502344834637465931e+00,-5.107981763274692000e+00,-2.996722071608039073e+01,-5.030247829520255731e-01
1.364361524581909180e+00,1.605077499476843306e+00,-6.593934464895728764e-01,-1.285133720641552957e+00,1.204740225954896937e+00,-5.224296737716354055e-01,-1.578136268082053428e+00,-5.107981763274690223e+00,-2.996722071608039073e+01,-5.030247829520246849e-01
1.375097990036010742e+00,1.616866477397485014e+00,-6.646810888703807985e-01,-1.301113771523623619e+00,1.157075161109811123e+00,-5.343095894617277963e-01,-1.614878166498786571e+00,-5.445772034809680306e+00,-2.852579204707269867e+01,1.283057727491545341e+00
1.383029699325561523e+00,1.628153184615081628e+00,-6.701015319365517531e-01,-1.317483251814911105e+00,1.104693485050133983e+00,-5.487912765487963362e-01,-1.655574529425368979e+00,-5.445772034809679418e+00,-2.852579204707269867e+01,1.283057727491546673e+00
1.396214962005615234e+00,1.638889209167737615e+00,-6.757305058364887485e-01,-1.334037451897754467e+00,1.047341864423128710e+00,-5.747612622384138392e-01,-1.656034020410843244e+00,-5.710760711015577584e+00,-2.708567521409314338e+01,3.165938857026255437e+00
1.407129287719726562e+00,1.649020729960921638e+00,-6.816317979006807359e-01,-1.350622500877289411e+00,9.842897316989911438e-01,-6.030877565696114440e-01,-1.661197285327694617e+00,-5.710760711015577584e+00,-2.708567521409314338e+01,3.165938857026254105e+00
1.417606115341186523e+00,1.658498321132127584e+00,-6.878659958838498900e-01,-1.367060665618585302e+00,9.169078318526153737e-01,-6.403487505469112051e-01,-1.630401436827824346e+00,-5.885969073740538349e+00,-2.549142337439829475e+01,5.014830318250697694e+00
1.427382707595825195e+00,1.667288304504489727e+00,-6.944970385718255423e-01,-1.383037836657509789e+00,8.469707304702507322e-01,-6.819389784973698410e-01,-1.571866659478971862e+00,-5.954669720157791168e+00,-2.362778297470412525e+01,6.720263452301048268e+00
1.438867330551147461e+00,1.675340973683190571e+00,-7.015528141754805436e-01,-1.398460934866949890e+00,7.700643472056020178e-01,-7.252038693669723424e-01,-1.518909816014339498e+00,-5.954669720157792057e+00,-2.362778297470412525e+01,6.720263452301050933e+00
1.448694944381713867e+00,1.682622778378780604e+00,-7.090335642419814954e-01,-1.413261418247310219e+00,6.928133503323815612e-01,-7.670160546065850626e-01,-1.449071568127350718e+00,-5.904279587050528022e+00,-2.142315652218777444e+01,8.181101462479681175e+00
1.459606409072875977e+00,1.689090886843784833e+00,-7.169416704824135289e-01,-1.427392103864142170e+00,6.080014455720302857e-01,-8.105740757067563251e-01,-1.384319124621053776e+00,-5.904279587050528022e+00,-2.142315652218777444e+01,8.181101462479681175e+00
1.468862056732177734e+00,1.694725162468156077e+00,-7.252453600420940560e-01,-1.440843619026158873e+00,5.258132916647796362e-01,-8.468174964647016134e-01,-1.313818522856110560e+00,-5.728702165099788246e+00,-1.889584803339928953e+01,9.349950856440802482e+00
1.479946136474609375e+00,1.699494719260086661e+00,-7.339215324279532160e-01,-1.453614931151418155e+00,4.357677486217795826e-01,-8.849484124552786657e-01,-1.247723527431465529e+00,-5.728702165099788246e+00,-1.889584803339928953e+01,9.349950856440802482e+00
1.489549636840820312e+00,1.703398142268397475e+00,-7.429130943889797889e-01,-1.465740699856392659e+00,3.520440301209544764e-01,-9.110548686354100756e-01,-1.184430298256117231e+00,-5.425728105375386079e+00,-1.613187420707960484e+01,1.026878515569297257e+01
1.499700784683227539e+00,1.706422091555035214e+00,-7.521764337543833667e-01,-1.477254724286878762e+00,2.605830586701910478e-01,-9.391602058628755190e-01,-1.124899190598941168e+00,-5.425728105375386079e+00,-1.613187420707960484e+01,1.026878515569297257e+01
1.513362407684326172e+00,1.708588659854406444e+00,-7.616369041675100648e-01,-1.488219637076040103e+00,1.796701983797907576e-01,-9.519622871351733906e-01,-1.073779785450737378e+00,-5.002260428139254422e+00,-1.325128490829909467e+01,1.099759107821640924e+01
1.524006128311157227e+00,1.709907195800252078e+00,-7.712362036724152992e-01,-1.498691874569726856e+00,9.164348532458926888e-02,-9.667696216839363199e-01,-1.025953245634489530e+00,-5.002260428139254422e+00,-1.325128490829909467e+01,1.099759107821640924e+01
1.533368825912475586e+00,1.710365079086130669e+00,-7.809428693765869678e-01,-1.508723508416393022e+00,7.261033307757526999e-03,-9.741667209740444422e-01,-9.849546436141564110e-01,-4.747994069524237304e+00,-1.180260052319002817e+01,1.131069953179536114e+01
1.544592380523681641e+00,1.709941726401126516e+00,-7.907353552198160829e-01,-1.518360391619416605e+00,-8.395466570465950906e-02,-9.837504202742457515e-01,-9.466640620782691418e-01,-4.747994069524236416e+00,-1.180260052319002639e+01,1.131069953179536114e+01
1.554722309112548828e+00,1.708702285804887033e+00,-8.005282595817601043e-01,-1.527675033078996325e+00,-1.574722294404032885e-01,-9.759223379392294451e-01,-9.194472368422522690e-01,-4.178880948411606511e+00,-8.997634757554671125e+00,1.187612282434733224e+01
1.564881563186645508e+00,1.706697848999614076e+00,-8.102534740852158635e-01,-1.536732241845445435e+00,-2.364219624236941764e-01,-9.700419246580083144e-01,-8.948604006622534746e-01,-4.178880948411606511e+00,-8.997634757554669349e+00,1.187612282434733224e+01
1.575820684432983398e+00,1.704026559121300410e+00,-8.198216650819821760e-01,-1.545604842007129109e+00,-2.928051109200108248e-01,-9.462306561038441588e-01,-8.814677457593202980e-01,-3.520683868434522523e+00,-6.320240704944582788e+00,1.239516891297385115e+01
1.586191892623901367e+00,1.700771238245500028e+00,-8.291603620592972179e-01,-1.554358622861910622e+00,-3.528566793616446651e-01,-9.239997825930776898e-01,-8.707820593838432321e-01,-3.520683868434522079e+00,-6.320240704944582788e+00,1.239516891297385115e+01
1.595299482345581055e+00,1.697059438416657073e+00,-8.381817731031347973e-01,-1.563058292867234966e+00,-3.864510298231406682e-01,-8.844225405737160539e-01,-8.697458600376007931e-01,-2.807582603414133349e+00,-3.866102910961461969e+00,1.290821258579317643e+01
1.605897426605224609e+00,1.693160395882993496e+00,-8.467246124329331769e-01,-1.571783443514053191e+00,-3.927749987289368971e-01,-8.297144399644960089e-01,-8.752780622312690273e-01,-2.095486538066035020e+00,-1.754569597461909991e+00,1.344802263967699574e+01
1.615335702896118164e+00,1.689196374426424896e+00,-8.547237131433949031e-01,-1.580581668784412530e+00,-3.994207855799856710e-01,-7.756187277658548318e-01,-8.840012543359740960e-01,-2.095486538066035020e+00,-1.754569597461909991e+00,1.344802263967699396e+01
1.626763343811035156e+00,1.685302273314271737e+00,-8.621206486740150554e-01,-1.589474767341771066e+00,-3.811179169356968544e-01,-7.103266386230814300e-01,-8.941503564825722394e-01,-1.472166116526639978e+00,-1.332497636588279022e-01,1.403829210762058999e+01
1.637049674987792969e+00,1.681594649460199209e+00,-8.688656633253987183e-01,-1.598487100845737530e+00,-3.622093852095488731e-01,-6.452183764934453780e-01,-9.074886564559146995e-01,-1.472166116526639978e+00,-1.332497636588279022e-01,1.403829210762058999e+01
1.646273374557495117e+00,1.678078800972602647e+00,-8.749606385276006426e-01,-1.607649249715792594e+00,-3.428311411712492984e-01,-5.802994440347803984e-01,-9.237810590027845103e-01,-1.472166116526639978e+00,-1.332497636588290124e-01,1.403829210762058821e+01
1.655359029769897461e+00,1.674858926813890259e+00,-8.803741991975367887e-01,-1.616947567591232593e+00,-3.048185808548426468e-01,-5.094670548434576673e-01,-9.352279305345929661e-01,-1.015373242520369423e+00,8.957917743607242134e-01,1.468303221975872574e+01
1.665895223617553711e+00,1.672078365988366233e+00,-8.850773817953695444e-01,-1.626303711274878161e+00,-2.560456990165196900e-01,-4.382180842380408725e-01,-9.363824754771017389e-01,-7.341991230749580488e-01,1.362348750347606829e+00,1.537104280844841497e+01
1.676254272460937500e+00,1.669789277783781500e+00,-8.890655250098159490e-01,-1.635687488187404837e+00,-2.066247134226291415e-01,-3.665044285406489077e-01,-9.404250086073975279e-01,-7.341991230749580488e-01,1.362348750347605275e+00,1.537104280844841497e+01
1.685665845870971680e+00,1.668007381252003096e+00,-8.923612785065135888e-01,-1.645031414106109091e+00,-1.548728700441028838e-01,-2.992571361000411767e-01,-9.298706264802328869e-01,-6.334779094464866311e-01,1.320535879229969289e+00,1.606725012523700613e+01
1.695726871490478516e+00,1.666744589729816983e+00,-8.949807453185497641e-01,-1.654284497078636118e+00,-1.028559509132455502e-01,-2.313144729332711758e-01,-9.219533229894243398e-01,-6.334779094464864091e-01,1.320535879229971066e+00,1.606725012523700613e+01
1.709349393844604492e+00,1.665969883521585260e+00,-8.969680267513858718e-01,-1.663364490099258131e+00,-5.670158020055368620e-02,-1.719376922928028961e-01,-8.969545212179369509e-01,-7.088435662836061191e-01,8.336007164420087268e-01,1.671894990130268610e+01
1.717078685760498047e+00,1.665656554050644722e+00,-8.983567999180167574e-01,-1.672207694209341788e+00,-1.058781645640811606e-02,-1.116974747004478713e-01,-8.743212561974416097e-01,-7.088435662836061191e-01,8.336007164420085047e-01,1.671894990130268610e+01
1.728666782379150391e+00,1.665738829143698974e+00,-8.992052853365518628e-01,-1.680727737500453900e+00,2.359834210402392968e-02,-6.273616894798736410e-02,-8.340746464469981358e-01,-9.144023244991017485e-01,1.382310691144406078e-02,1.728344282426665046e+01
1.741219520568847656e+00,1.666162111130196966e+00,-8.995588487660393096e-01,-1.688856970049983364e+00,5.762998033293142974e-02,-1.281002814424636767e-02,-7.959140515508208447e-01,-9.144023244991017485e-01,1.382310691144406078e-02,1.728344282426665046e+01
1.750447034835815430e+00,1.666841749932026939e+00,-8.994818242858972912e-01,-1.696515187095294364e+00,7.640193417668637854e-02,2.463617530380880424e-02,-7.414862277105290778e-01,-1.191098387567853578e+00,-1.020953791369312968e+00,1.772084639116222604e+01
1.761477708816528320e+00,1.667708576511315988e+00,-8.990248571140714295e-01,-1.703639173694254660e+00,9.508428829684383021e-02,6.307536103511360293e-02,-6.888527903531252994e-01,-1.191098387567853578e+00,-1.020953791369314301e+00,1.772084639116222604e+01
1.784195423126220703e+00,1.668674775474192851e+00,-8.982507801009909087e-01,-1.710163395729373592e+00,9.788351029612099574e-02,8.927997295867275140e-02,-6.228537444866882877e-01,-1.480010104088341771e+00,-2.152733477284099806e+00,1.800173417481864391e+01
1.795531749725341797e+00,1.669627629468916297e+00,-8.972433587435849622e-01,-1.716002887873935956e+00,9.318042487808880781e-02,1.102585385131782114e-01,-5.523307825130651105e-01,-1.614175155314305110e+00,-2.727992560376240494e+00,1.807893341477019788e+01
1.806820154190063477e+00,1.670534316416016685e+00,-8.960211909777076045e-01,-1.721144531040597947e+00,8.864242703447804128e-02,1.321307224235363231e-01,-4.831178915980628430e-01,-1.614175155314305110e+00,-2.727992560376240050e+00,1.807893341477019788e+01
1.817299604415893555e+00,1.671359237636988793e+00,-8.946061133615935690e-01,-1.725574525453935415e+00,7.750254537333942095e-02,1.493015267929749257e-01,-4.103306468810782870e-01,-1.730600013830829287e+00,-3.279517327808119553e+00,1.810984542272564823e+01
1.826806306838989258e+00,1.672013557717008103e+00,-8.930653278544463669e-01,-1.729251546823174612e+00,5.561477475840722468e-02,1.580977737697518981e-01,-3.329568414827640543e-01,-1.896314215410054071e+00,-4.316549800572435203e+00,1.803156763475686120e+01
1.836557388305664062e+00,1.672451209616817147e+00,-8.914326610131056983e-01,-1.732159298771697609e+00,3.413336252485351524e-02,1.675955727512902504e-01,-2.563651024595475225e-01,-1.896314215410054071e+00,-4.316549800572435203e+00,1.803156763475686120e+01
1.847281932830810547e+00,1.672634680952734598e+00,-8.897382093044411411e-01,-1.734299582418252328e+00,5.505150656768807195e-03,1.710467943099995003e-01,-1.794671053723137788e-01,-1.972091292132300833e+00,-5.257894218428566191e+00,1.778819892633342192e+01
1.857538223266601562e+00,1.672534616654169026e+00,-8.880061509268322162e-01,-1.735673373976484912e+00,-2.262110155756143215e-02,1.750494853901772285e-01,-1.029928460866122025e-01,-1.972091292132300833e+00,-5.257894218428565303e+00,1.778819892633342192e+01
1.868455886840820312e+00,1.672136110228558792e+00,-8.862530507875245878e-01,-1.736303639180367009e+00,-5.386552760499476594e-02,1.755906150004992172e-01,-3.035238416207573786e-02,-1.947103940633079233e+00,-6.066621894215929345e+00,1.739546743048185817e+01
1.878345012664794922e+00,1.671428186827207618e+00,-8.844921971796818605e-01,-1.736208103603838149e+00,-8.455788198298422320e-02,1.765474189112756775e-01,4.220434748178185369e-02,-1.947103940633079233e+00,-6.066621894215929345e+00,1.739546743048185817e+01
1.887819290161132812e+00,1.670415993764672979e+00,-8.827281567861158251e-01,-1.735427193117091704e+00,-1.147657421345766732e-01,1.763377906570005871e-01,1.074742042235917461e-01,-1.830187778446785707e+00,-6.751333372899068763e+00,1.688033880486171157e+01
1.898864984512329102e+00,1.669104884168976621e+00,-8.809644474985285356e-01,-1.733992509477115362e+00,-1.443968906331800639e-01,1.764407347204687559e-01,1.729623727244346543e-01,-1.830187778446785929e+00,-6.751333372899067875e+00,1.688033880486171157e+01
1.909426927566528320e+00,1.667515629004980182e+00,-8.791962892423120790e-01,-1.731957254546527825e+00,-1.707245854245852956e-01,1.771636693517798233e-01,2.285921910514114586e-01,-1.639537845114785952e+00,-7.339262501845688291e+00,1.627409288104843199e+01
1.919236421585083008e+00,1.665666355391046682e+00,-8.774194785306796973e-01,-1.729363234321705800e+00,-1.964572487860001271e-01,1.781391935928863524e-01,2.846900634637197225e-01,-1.639537845114785952e+00,-7.339262501845688291e+00,1.627409288104843199e+01
1.928863763809204102e+00,1.663588029591263062e+00,-8.756231334912785158e-01,-1.726271241104835985e+00,-2.170486832295953628e-01,1.808956082079745675e-01,3.293432210293858464e-01,-1.399321733050778338e+00,-7.866760491988884496e+00,1.561057240289801840e+01
1.940413475036621094e+00,1.661307169339139245e+00,-8.737978929351479795e-01,-1.722729180739584365e+00,-2.370221347622013808e-01,1.838901521683223572e-01,3.746552310781400275e-01,-1.399321733050778338e+00,-7.866760491988884496e+00,1.561057240289801840e+01
1.949719429016113281e+00,1.658859425049567848e+00,-8.719301953306221042e-01,-1.718800399977132631e+00,-2.510221286307254274e-01,1.891665609088642730e-01,4.079000542646789573e-01,-1.134280940530840276e+00,-8.376310464004031786e+00,1.492102985165216111e+01
1.959562301635742188e+00,1.656275217695234225e+00,-8.700082644211920568e-01,-1.714534888457924122e+00,-2.643750983593686765e-01,1.947080770782147474e-01,4.419362965540316601e-01,-1.134280940530840276e+00,-8.376310464004031786e+00,1.492102985165216111e+01
1.970171928405761719e+00,1.653589827987702154e+00,-8.680189858876584674e-01,-1.709993918295684701e+00,-2.718460634642225759e-01,2.024294189549246392e-01,4.641725861945358300e-01,-8.679676221983776419e-01,-8.905660563974924671e+00,1.423440819033417881e+01
1.980058670043945312e+00,1.650833433758257307e+00,-8.659507037053764122e-01,-1.705225843638256356e+00,-2.786395363485963395e-01,2.104756436072532100e-01,4.872809172907093811e-01,-8.679676221983776419e-01,-8.905660563974924671e+00,1.423440819033417881e+01
1.990570783615112305e+00,1.648025825287508850e+00,-8.637960284890380258e-01,-1.700254966445871041e+00,-2.823909020551512161e-01,2.196060728884338398e-01,5.052510065717565890e-01,-7.396528984911304727e-01,-9.187933235027745837e+00,1.389788047378852909e+01
2.001862287521362305e+00,1.645184619221105038e+00,-8.615480628922460582e-01,-1.695099152438603651e+00,-2.854267189286255890e-01,2.290972093541182586e-01,5.241825387454692731e-01,-7.396528984911304727e-01,-9.187933235027745837e+00,1.389788047378853086e+01
2.011175394058227539e+00,1.642345115081259799e+00,-8.591988079248706889e-01,-1.689836796795767038e+00,-2.826346527261809904e-01,2.397683716801477793e-01,5.280525753232081509e-01,-3.986914852803421505e-01,-1.013883156382677164e+01,1.294986225059937190e+01
2.021562099456787109e+00,1.639537512121035157e+00,-8.567401128004366040e-01,-1.684530635063956172e+00,-2.791169200925146532e-01,2.509360065894815639e-01,5.328567032883726462e-01,-3.986914852803421505e-01,-1.013883156382677164e+01,1.294986225059937190e+01
2.031843423843383789e+00,1.636774981699237186e+00,-8.541681048261529074e-01,-1.679197220456497774e+00,-2.737993273871409672e-01,2.624086042097817373e-01,5.338799198949325531e-01,-2.995726437784578255e-01,-1.049307056758713586e+01,1.264868539518197110e+01
2.042593717575073242e+00,1.634069695222462704e+00,-8.514783581587390682e-01,-1.673848303559990258e+00,-2.677409704909283761e-01,2.744292279448258820e-01,5.358668523668713712e-01,-2.995726437784578255e-01,-1.049307056758713586e+01,1.264868539518197110e+01
2.052688360214233398e+00,1.631433932142464682e+00,-8.486729234258489907e-01,-1.668517508028590335e+00,-2.600568564787043568e-01,2.856426445778775247e-01,5.309373143240292414e-01,-1.328697789949269126e-01,-1.126227724626932414e+01,1.209508542762602801e+01
2.063190937042236328e+00,1.628879113802303102e+00,-8.457518139086094289e-01,-1.663230884813724719e+00,-2.516269042270778411e-01,2.974996895817882958e-01,5.269434471613353432e-01,-1.328697789949268571e-01,-1.126227724626932414e+01,1.209508542762602801e+01
2.072171926498413086e+00,1.626409384406074077e+00,-8.427225517008771760e-01,-1.658012353773024916e+00,-2.430517554882486719e-01,3.074763148514407241e-01,5.178202961542019978e-01,-4.298546660042867895e-03,-1.210955873167001684e+01,1.159361285905661987e+01
2.082884788513183594e+00,1.624029544888248688e+00,-8.395894932680931788e-01,-1.652880172669145109e+00,-2.337257071448168577e-01,3.181848450131800621e-01,5.095879569869636860e-01,-4.298546660042923406e-03,-1.210955873167001684e+01,1.159361285905661987e+01
2.092246055603027344e+00,1.621736752499898016e+00,-8.363649922246030322e-01,-1.647849395768314462e+00,-2.255258609073756693e-01,3.260619451466686969e-01,4.978749760566677507e-01,8.976799020249454086e-02,-1.302390155112050429e+01,1.114162571765088572e+01
2.103157043457031250e+00,1.619530154927499632e+00,-8.330572666933707682e-01,-1.642931173915832321e+00,-2.165656525070077387e-01,3.347470378481018916e-01,4.869963804976473187e-01,8.976799020249454086e-02,-1.302390155112050607e+01,1.114162571765088572e+01
2.113454103469848633e+00,1.617401637047157559e+00,-8.296825391355100443e-01,-1.638132593932471792e+00,-2.096950854239960638e-01,3.398344207735953804e-01,4.741322199436898144e-01,1.550313722467212552e-01,-1.398511369866344722e+01,1.073861698510745555e+01
2.123608589172363281e+00,1.615346109155789911e+00,-8.262521514852781968e-01,-1.633458420644111175e+00,-2.020490791172486478e-01,3.457892540726906216e-01,4.620402989469179489e-01,1.550313722467212552e-01,-1.398511369866344722e+01,1.073861698510745555e+01
2.134283065795898438e+00,1.613352318500698379e+00,-8.227848369388020000e-01,-1.628909356926365737e+00,-1.970733880568320273e-01,3.476403864908723107e-01,4.491749558657190944e-01,1.994441808773443903e-01,-1.496732872488698973e+01,1.038051791601520613e+01
2.143920898437500000e+00,1.611412669491527838e+00,-8.192940004087380101e-01,-1.624485053233682530e+00,-1.913048202754847882e-01,3.503986747943818592e-01,4.370196509137137530e-01,1.994441808773444458e-01,-1.496732872488698973e+01,1.038051791601520435e+01
2.153834342956542969e+00,1.609514952106421593e+00,-8.157993508373256875e-01,-1.620181830139065360e+00,-1.883939142326492844e-01,3.488423191289276581e-01,4.249394785575362765e-01,2.319199876745337008e-01,-1.594239789543185815e+01,1.006073071312593115e+01
2.163319349288940430e+00,1.607650805079046119e+00,-8.123151479126503594e-01,-1.615995830382588982e+00,-1.846769735910724075e-01,3.482113796286841478e-01,4.135121352438116404e-01,2.319199876745337008e-01,-1.594239789543185815e+01,1.006073071312593115e+01
2.173074722290039062e+00,1.605808964713665299e+00,-8.088605544263126612e-01,-1.611921127484821081e+00,-1.836566930575024570e-01,3.433489692182535857e-01,4.026164340996201685e-01,2.609006845429259203e-01,-1.688236083434105694e+01,9.771532130667324623e+00
2.184993505477905273e+00,1.603981799366285710e+00,-8.054494814872197317e-01,-1.607952070186988269e+00,-1.818290822403262896e-01,3.394086021812079412e-01,3.923251731461802061e-01,2.609006845429259203e-01,-1.688236083434105339e+01,9.771532130667324623e+00
2.195350408554077148e+00,1.602160409086586190e+00,-8.020992050328416001e-01,-1.604082491701429580e+00,-1.822707784958594868e-01,3.315813404296157341e-01,3.826501691442422137e-01,2.932923304772603323e-01,-1.776194435088148182e+01,9.505305858386901008e+00
2.204601526260375977e+00,1.600338986420880794e+00,-7.988222236953582689e-01,-1.600306559189705213e+00,-1.819216328627278889e-01,3.246524367548269119e-01,3.735420363192445969e-01,2.932923304772603323e-01,-1.776194435088148182e+01,9.505305858386901008e+00
2.214468955993652344e+00,1.598511826941885872e+00,-7.956328899683079436e-01,-1.596619518956034822e+00,-1.832493372615174032e-01,3.143863203842039988e-01,3.648253780887900644e-01,3.336656119809323640e-01,-1.856030768768969708e+01,9.255739104719818755e+00
2.226068496704101562e+00,1.596675574717588697e+00,-7.925414643543003956e-01,-1.593016689160638766e+00,-1.838229618705144730e-01,3.049772138717455339e-01,3.566487026600023147e-01,3.336656119809323640e-01,-1.856030768768969708e+01,9.255739104719818755e+00
2.239853382110595703e+00,1.594828024232388897e+00,-7.895587221645582465e-01,-1.589495917633599209e+00,-1.854094830556913265e-01,2.929139715809523370e-01,3.484138554224477935e-01,3.844626250331845130e-01,-1.926326538680244482e+01,9.018051336493414283e+00
2.253644466400146484e+00,1.592962779103674009e+00,-7.867069033060994920e-01,-1.586061007670462208e+00,-1.873329353354613591e-01,2.789769563587213841e-01,3.395361734214220606e-01,4.455682677100584188e-01,-1.986282183176084004e+01,8.790040978634282354e+00
2.264649629592895508e+00,1.591082013717462162e+00,-7.839901110336902068e-01,-1.582712171150742586e+00,-1.885882983745204577e-01,2.658216209115633055e-01,3.311521171379954720e-01,4.455682677100584188e-01,-1.986282183176084004e+01,8.790040978634282354e+00
2.276471853256225586e+00,1.589190704828428169e+00,-7.814064815961467847e-01,-1.579448781735032226e+00,-1.894842851557574648e-01,2.523681608368694707e-01,3.224750648202994729e-01,4.795430890304838156e-01,-2.012217513991959805e+01,8.679740549681680406e+00
2.288450479507446289e+00,1.587293672313218940e+00,-7.789535314241259334e-01,-1.576269423417771431e+00,-1.897982662196380510e-01,2.396082727663820244e-01,3.142975699698715708e-01,4.795430890304838156e-01,-2.012217513991959805e+01,8.679740549681680406e+00
2.302836418151855469e+00,1.585396464175800046e+00,-7.766322833116144908e-01,-1.573180197108766665e+00,-1.895794486975825033e-01,2.260986757545105641e-01,3.045973515119958508e-01,5.538941331776496835e-01,-2.055050935150432068e+01,8.469807538695468097e+00
2.315673589706420898e+00,1.583506698255685796e+00,-7.744467258350159478e-01,-1.570198648414240283e+00,-1.884124518101164547e-01,2.124764930447369804e-01,2.929530043455241817e-01,6.315667481921254378e-01,-2.088193057463001523e+01,8.274063278358438467e+00
2.328742980957031250e+00,1.581631126918319863e+00,-7.723941003405270234e-01,-1.567331004380698056e+00,-1.867921679543727564e-01,1.994453916058671061e-01,2.817701647074243310e-01,6.315667481921254378e-01,-2.088193057463001523e+01,8.274063278358438467e+00
2.341167926788330078e+00,1.579775933564947943e+00,-7.704696949942785311e-01,-1.564579773816204167e+00,-1.844187788750905332e-01,1.867889050590196276e-01,2.697517600585684350e-01,6.700748166853359722e-01,-2.101608448390161143e+01,8.182779212690295623e+00
2.351657390594482422e+00,1.577951039849865511e+00,-7.686693299342631791e-01,-1.561960218341218898e+00,-1.808581771095137958e-01,1.745867911089451219e-01,2.556405939761087209e-01,7.431861354650073359e-01,-2.122522705510001373e+01,8.020489444052550709e+00
2.361165523529052734e+00,1.576163620103662399e+00,-7.669883164051012336e-01,-1.559479457526587787e+00,-1.769625722434322312e-01,1.628639479791802458e-01,2.419490202033104387e-01,7.431861354650073359e-01,-2.122522705510001373e+01,8.020489444052552486e+00
2.371660947799682617e+00,1.574419256457464611e+00,-7.654216623724052759e-01,-1.557140006028623347e+00,-1.723265263463831243e-01,1.516576388278527143e-01,2.274557165117104540e-01,7.770380688770865962e-01,-2.130502027225462669e+01,7.949348020991692465e+00
2.381577968597412109e+00,1.572722776372831754e+00,-7.639648033049226683e-01,-1.554943347047031077e+00,-1.674174991090852660e-01,1.408583160141294310e-01,2.133492541128768627e-01,7.770380688770865962e-01,-2.130502027225462669e+01,7.949348020991692465e+00
2.394803762435913086e+00,1.571081367376839122e+00,-7.626125419140779016e-01,-1.552897227279843362e+00,-1.614259696437995995e-01,1.306721463847370091e-01,1.975161419102787197e-01,8.363863140380648487e-01,-2.142359536747009585e+01,7.832211593802766991e+00
2.404984712600708008e+00,1.569501079130985799e+00,-7.613602191329531532e-01,-1.551007541404670453e+00,-1.552186470371542948e-01,1.208308184874182234e-01,1.820248017154863507e-01,8.363863140380648487e-01,-2.142359536747009585e+01,7.832211593802767879e+00
2.416391134262084961e+00,1.567988021026005319e+00,-7.602029655700097699e-01,-1.549279984333749693e+00,-1.480777909204112619e-01,1.115934597529400080e-01,1.652173187231598395e-01,8.838763738556334459e-01,-2.149761145784264471e+01,7.746615196026070294e+00
2.431413650512695312e+00,1.566550514230068636e+00,-7.591351046241073819e-01,-1.547724751325303405e+00,-1.401872662884753873e-01,1.028940557451188814e-01,1.476328755921233193e-01,9.179710008911809993e-01,-2.153644035182032468e+01,7.693718048531884790e+00
2.445388078689575195e+00,1.565192723172487810e+00,-7.581527768073113016e-01,-1.546343911978707020e+00,-1.321520476706704028e-01,9.445626809972812454e-02,1.303079695224552137e-01,9.179710008911809993e-01,-2.153644035182032468e+01,7.693718048531884790e+00
2.458915472030639648e+00,1.563917179842167160e+00,-7.572530327212845247e-01,-1.545136603341383807e+00,-1.237748894841764757e-01,8.634093079625596023e-02,1.129274254836217933e-01,9.295544216426072648e-01,-2.154480631260427614e+01,7.680140586478737319e+00
2.472761392593383789e+00,1.562727374555404447e+00,-7.564329756939820459e-01,-1.544102042368053818e+00,-1.150427229220394726e-01,7.848855326014123057e-02,9.573476303237232754e-02,9.408637666899544172e-01,-2.154352436830031436e+01,7.679951846650645564e+00
2.481420993804931641e+00,1.561625417976245433e+00,-7.556903914733540395e-01,-1.543238442145916434e+00,-1.062169184586011228e-01,7.082388367991321321e-02,7.871315328266435818e-02,9.408637666899544172e-01,-2.154352436830031792e+01,7.679951846650643787e+00
2.491515398025512695e+00,1.560612385630694154e+00,-7.550236659243930726e-01,-1.542542901090855123e+00,-9.727208340452773994e-02,6.329919897600470857e-02,6.207919742912548083e-02,9.410098114402117853e-01,-2.153392127786360177e+01,7.692305885389985498e+00
2.501053571701049805e+00,1.559689174339197404e+00,-7.544313770392288010e-01,-1.542013067082566025e+00,-8.826146848872644390e-02,5.591872774837831905e-02,4.555564108248668503e-02,9.410098114402117853e-01,-2.153392127786360177e+01,7.692305885389986386e+00
2.511597156524658203e+00,1.558855391278413993e+00,-7.539134381763986648e-01,-1.541639160361517824e+00,-7.937585161832183545e-02,4.843593298089187565e-02,3.072031979935357579e-02,9.207763391256671426e-01,-2.146814610683231095e+01,7.773860120425483800e+00
2.520462989807128906e+00,1.558110702809339054e+00,-7.534697438581159368e-01,-1.541413291831496446e+00,-7.044869667742578723e-02,4.105635076047015053e-02,1.593802558366870861e-02,9.207763391256671426e-01,-2.146814610683231095e+01,7.773860120425483800e+00
2.531666517257690430e+00,1.557454682362926945e+00,-7.530999595736016516e-01,-1.541330778704409044e+00,-6.163295763227898127e-02,3.365317167397551684e-02,1.963896147809234168e-03,9.078978049125907557e-01,-2.143362189686713748e+01,7.814375973812094145e+00
2.540626525878906250e+00,1.556886930780653433e+00,-7.528038306854193396e-01,-1.541387996500792612e+00,-5.279867227309769512e-02,2.631569258001460396e-02,-1.201243557468709318e-02,9.078978049125907557e-01,-2.143362189686713748e+01,7.814375973812092369e+00
2.550789117813110352e+00,1.556405567519330235e+00,-7.525818538866284602e-01,-1.541575407293172661e+00,-4.432130720650007821e-02,1.883422354612150629e-02,-2.425257812919928702e-02,8.744685876234834510e-01,-2.134298654700849340e+01,7.909700409733298798e+00
2.562669515609741211e+00,1.556008970301057337e+00,-7.524345120831386069e-01,-1.541885495136077200e+00,-3.584698057315388597e-02,1.138278168466252786e-02,-3.654647187000737568e-02,8.744685876234834510e-01,-2.134298654700849340e+01,7.909700409733299686e+00
2.577387332916259766e+00,1.555694596962560627e+00,-7.523623252432406483e-01,-1.542308075827705460e+00,-2.783226822948097964e-02,3.812408035130655966e-03,-4.694459676777784640e-02,8.319908901454373673e-01,-2.122245033497124922e+01,8.022286427063377801e+00
2.588713884353637695e+00,1.555457583378021535e+00,-7.523659299484666274e-01,-1.542823867842578078e+00,-2.032586685191969250e-02,-3.776255430431761477e-03,-5.538759219098131348e-02,7.822062072368409780e-01,-2.106985493844227975e+01,8.147950744405850543e+00
2.600582838058471680e+00,1.555295454526664845e+00,-7.524455125634524899e-01,-1.543424725221581140e+00,-1.285362592403608076e-02,-1.138402766739036315e-02,-6.394865673078202473e-02,7.822062072368409780e-01,-2.106985493844227975e+01,8.147950744405848766e+00
2.612760543823242188e+00,1.555205211641553564e+00,-7.526003877804610109e-01,-1.544101210801695379e+00,-5.898645086455002982e-03,-1.885119696416526561e-02,-7.069735699415165275e-02,7.273543671219222517e-01,-2.088381864381553044e+01,8.279970143608553101e+00
2.626001834869384766e+00,1.555184225871884873e+00,-7.528301958819462181e-01,-1.544846001415629777e+00,1.001592197596090465e-03,-2.636829950123167898e-02,-7.759680179809810840e-02,7.273543671219222517e-01,-2.088381864381553044e+01,8.279970143608554878e+00
2.641671419143676758e+00,1.555230682805727849e+00,-7.531345496647815496e-01,-1.545655795248978670e+00,7.616685312144488851e-03,-3.377393897075914309e-02,-8.377270351619990618e-02,6.985659759292928150e-01,-2.077794660396343573e+01,8.346721090463718795e+00
2.651987552642822266e+00,1.555340720354437600e+00,-7.535104172794357957e-01,-1.546519737102421743e+00,1.376290155129543044e-02,-4.071917263821818456e-02,-8.856687433506069129e-02,6.392654788575965474e-01,-2.054242300029684642e+01,8.479377635324464535e+00
2.663220882415771484e+00,1.555511758116962184e+00,-7.539562368303618367e-01,-1.547432659001317212e+00,1.982366873323569700e-02,-4.775753003982587119e-02,-9.355120383540539708e-02,6.392654788575965474e-01,-2.054242300029684642e+01,8.479377635324460982e+00
2.672851800918579102e+00,1.555741933806257915e+00,-7.544710632195528177e-01,-1.548392724793190123e+00,2.561568614104124675e-02,-5.454758895106249367e-02,-9.804634202568521251e-02,6.088219211938665776e-01,-2.041321678397510908e+01,8.545789383551353424e+00
2.685425758361816406e+00,1.556029457916191072e+00,-7.550544476676552819e-01,-1.549398887624613641e+00,3.130225070576608121e-02,-6.145948083902406239e-02,-1.027510023286146434e-01,6.088219211938665776e-01,-2.041321678397510908e+01,8.545789383551355201e+00
2.696018457412719727e+00,1.556371589713440251e+00,-7.557028511137234839e-01,-1.550446835926069022e+00,3.657669844786785862e-02,-6.762753893094580748e-02,-1.065009119136037380e-01,5.469688641896536252e-01,-2.013464181390040508e+01,8.677051798340645661e+00
2.709452629089355469e+00,1.556765782175688173e+00,-7.564137335974676635e-01,-1.551533536925858714e+00,4.172537575359371725e-02,-7.394291049950885153e-02,-1.104796975044404217e-01,5.469688641896536252e-01,-2.013464181390040153e+01,8.677051798340645661e+00
2.721115112304687500e+00,1.557209454072223442e+00,-7.571827506760776538e-01,-1.552655963461723188e+00,4.650758295003200316e-02,-7.934707649018528375e-02,-1.137215800721267794e-01,4.839892929227566643e-01,-1.983099219532950741e+01,8.808401684816351107e+00
2.730098485946655273e+00,1.557699219322965289e+00,-7.579999998575075448e-01,-1.553807605738251940e+00,5.097418980340070321e-02,-8.369597840037529268e-02,-1.163826441604547124e-01,4.203514866049078424e-01,-1.950676946748897933e+01,8.940522793397974510e+00
2.741261482238769531e+00,1.558232815218440148e+00,-7.588616957036737887e-01,-1.554987261689754208e+00,5.528772732196710754e-02,-8.822062636773266020e-02,-1.192993739661410146e-01,4.203514866049078424e-01,-1.950676946748897933e+01,8.940522793397974510e+00
2.751901388168334961e+00,1.558807942216312581e+00,-7.597624576230974647e-01,-1.556193418326016875e+00,5.930841409858148700e-02,-9.162228727997495659e-02,-1.217327918555450167e-01,3.566843250301225954e-01,-1.917190396747798431e+01,9.072680856592434395e+00
2.760740518569946289e+00,1.559422356484905237e+00,-7.606982768446195475e-01,-1.557425387557924479e+00,6.316085082499826864e-02,-9.521454550734614886e-02,-1.244354700422114768e-01,3.566843250301225954e-01,-1.917190396747798431e+01,9.072680856592434395e+00
2.771742343902587891e+00,1.560074011947310213e+00,-7.616674611593643451e-01,-1.558683887485608821e+00,6.677889211522636259e-02,-9.834275732361733025e-02,-1.270489528009820512e-01,3.250147710935532563e-01,-1.900368600340370406e+01,9.138603938592982701e+00
2.781247615814208984e+00,1.560760849436588549e+00,-7.626690533840978503e-01,-1.559970054208053458e+00,7.021433692806813842e-02,-1.016770083759934995e-01,-1.299414358724456930e-01,3.250147710935532563e-01,-1.900368600340370406e+01,9.138603938592982701e+00
2.791256666183471680e+00,1.561480351477978923e+00,-7.636979804605746880e-01,-1.561282561865780183e+00,7.334143800872364172e-02,-1.039193244841557645e-01,-1.323656767984667249e-01,2.621456951908028299e-01,-1.867052735214251769e+01,9.270437003473718462e+00
2.801337480545043945e+00,1.562230048548435279e+00,-7.647505164301661162e-01,-1.562620916530490955e+00,7.627196434695632243e-02,-1.063783442572780319e-01,-1.350820197809441958e-01,2.621456951908028299e-01,-1.867052735214251769e+01,9.270437003473720239e+00
2.811975002288818359e+00,1.563007354070795829e+00,-7.658218022890840304e-01,-1.563983580848545385e+00,7.889302029770749181e-02,-1.077755706481640513e-01,-1.372810098146780289e-01,2.000066183877328152e-01,-1.833887513559817961e+01,9.404130866518165988e+00
2.820158004760742188e+00,1.563809726294291158e+00,-7.669082871042587346e-01,-1.565369906843833592e+00,8.130530294851218143e-02,-1.093967194242688734e-01,-1.397842030586818884e-01,2.000066183877328152e-01,-1.833887513559817961e+01,9.404130866518165988e+00
2.830803394317626953e+00,1.564634515382978375e+00,-7.680054287726423290e-01,-1.566777936897858270e+00,8.340659516119441896e-02,-1.100077380806582655e-01,-1.416837762369036191e-01,1.389833746031782225e-01,-1.801162516658586554e+01,9.540197054414051081e+00
2.842263936996459961e+00,1.565479116308488905e+00,-7.691099298503838444e-01,-1.568206694760770015e+00,8.528886414614561540e-02,-1.108465563875671578e-01,-1.438983838483956779e-01,1.389833746031782225e-01,-1.801162516658586554e+01,9.540197054414049305e+00
2.852907657623291016e+00,1.566340527674251470e+00,-7.702147283108982112e-01,-1.569650537597470974e+00,8.680462726431713294e-02,-1.102132723799666703e-01,-1.448310485511400403e-01,5.068209287460179180e-02,-1.753969986407086523e+01,9.747450971498416550e+00
2.864640474319458008e+00,1.567215852542677812e+00,-7.713144244492888824e-01,-1.571105508214243773e+00,8.809386474524212585e-02,-1.098040109783665064e-01,-1.460909591630134285e-01,5.068209287460179180e-02,-1.753969986407086523e+01,9.747450971498416550e+00
2.875446557998657227e+00,1.568102558443929651e+00,-7.724084133316982959e-01,-1.572571577170146284e+00,8.910794551642997607e-02,-1.091009396204813686e-01,-1.470784302188987425e-01,2.237010519113280527e-02,-1.738871800685832625e+01,9.817133461134853079e+00
2.889401912689208984e+00,1.568998136043818548e+00,-7.734966037390165194e-01,-1.574049329241711925e+00,8.989097676407187265e-02,-1.086221853323578179e-01,-1.483944807127840770e-01,2.237010519113280527e-02,-1.738871800685832625e+01,9.817133461134853079e+00
2.899187564849853516e+00,1.569899656395080889e+00,-7.745761324930093839e-01,-1.575535001384621214e+00,9.033046077758052905e-02,-1.074382162217768361e-01,-1.487586708620162179e-01,-3.203179874525458048e-02,-1.710438778144041905e+01,9.954277793050211542e+00
2.910086631774902344e+00,1.570803682396644030e+00,-7.756405492521299960e-01,-1.577018567914910463e+00,9.042633004701529364e-02,-1.056582617450517181e-01,-1.480784364872712311e-01,-8.317694731635200123e-02,-1.683853862867526985e+01,1.008956051491919936e+01
2.920235395431518555e+00,1.571707374321440032e+00,-7.766883365097528857e-01,-1.578497181088309498e+00,9.028724205048824225e-02,-1.040909756934937647e-01,-1.477336056011860632e-01,-8.317694731635200123e-02,-1.683853862867526985e+01,1.008956051491920114e+01
2.930451154708862305e+00,1.572607853989289151e+00,-7.777176896251527527e-01,-1.579966338655710345e+00,8.981704428882883451e-02,-1.020205382619679274e-01,-1.462968235453793453e-01,-1.304439726653117138e-01,-1.659203405736445092e+01,1.022070178953027764e+01
2.941695213317871094e+00,1.573502346130853935e+00,-7.787274642658572610e-01,-1.581422956417630532e+00,8.911336148294141113e-02,-1.001546357644380186e-01,-1.451914023583206481e-01,-1.304439726653117138e-01,-1.659203405736445092e+01,1.022070178953027764e+01
2.951925277709960938e+00,1.574388290440478455e+00,-7.797179325043432918e-01,-1.582866402641891268e+00,8.813515990136207290e-02,-9.817038875943503995e-02,-1.437005668702268646e-01,-1.524200388024344599e-01,-1.647689308651334628e+01,1.028376942156663887e+01
2.960315227508544922e+00,1.575263184343020484e+00,-7.806896542909572689e-01,-1.584296715562995228e+00,8.692661445068297632e-02,-9.638523989192603059e-02,-1.425314816759143399e-01,-1.524200388024344599e-01,-1.647689308651334628e+01,1.028376942156663887e+01
2.971384286880493164e+00,1.576124369744158704e+00,-7.816414057452378827e-01,-1.585709471878965271e+00,8.542322932724426277e-02,-9.421376424046330744e-02,-1.402958138620773176e-01,-1.927360821493681597e-01,-1.626280791456809993e+01,1.040345696411251986e+01
2.981590032577514648e+00,1.576969274215428651e+00,-7.825724912240108466e-01,-1.587101604637708663e+00,8.369351529039770199e-02,-9.223271709783448236e-02,-1.383740583013995662e-01,-1.927360821493681597e-01,-1.626280791456809993e+01,1.040345696411251986e+01
2.992666721343994141e+00,1.577795557439277019e+00,-7.834818902770717131e-01,-1.588468886320806739e+00,8.172349861213649980e-02,-8.990948917522416373e-02,-1.354276523529271414e-01,-2.279907056871384174e-01,-1.606551267314957343e+01,1.051603737996037324e+01
3.002861499786376953e+00,1.578600926509223790e+00,-7.843690551423220247e-01,-1.589808376808321322e+00,7.953330095124183652e-02,-8.776739997521625092e-02,-1.327840065382099310e-01,-2.279907056871384174e-01,-1.606551267314957343e+01,1.051603737996037324e+01
3.015460968017578125e+00,1.579383451113101966e+00,-7.852330706147199191e-01,-1.591116158386577162e+00,7.717236775464110521e-02,-8.530993454317338520e-02,-1.291810841621038597e-01,-2.578925028909235806e-01,-1.588359230974127279e+01,1.062089920533421861e+01
3.025491237640380859e+00,1.580141823043440752e+00,-7.860708787983000656e-01,-1.592383249955235058e+00,7.471348732862369280e-02,-8.255449070433779069e-02,-1.247297306359509972e-01,-2.822088381244463040e-01,-1.571703288329729453e+01,1.071652019361023100e+01
3.037842988967895508e+00,1.580874469559774731e+00,-7.868820342518936251e-01,-1.593607382951137685e+00,7.204877612000673559e-02,-7.996249600856364381e-02,-1.205592610630050465e-01,-2.822088381244463040e-01,-1.571703288329729453e+01,1.071652019361023100e+01
3.046512603759765625e+00,1.581580320644952131e+00,-7.876656845869571821e-01,-1.594785927053717467e+00,6.935808903069864972e-02,-7.708117805754573226e-02,-1.156813291038525510e-01,-3.010355102612312095e-01,-1.556737803973108214e+01,1.080069188137978031e+01
3.056342363357543945e+00,1.582258196179979315e+00,-7.884213635345547200e-01,-1.595917132692070473e+00,6.647402535643878729e-02,-7.435234045842339934e-02,-1.110634448034492211e-01,-3.010355102612312095e-01,-1.556737803973108214e+01,1.080069188137978031e+01
3.067214250564575195e+00,1.582907416435529013e+00,-7.891482240353379085e-01,-1.596999194999203953e+00,6.362477499998617225e-02,-7.134422943066796863e-02,-1.059051285839129747e-01,-3.146580538141062755e-01,-1.543620917069908316e+01,1.087181137552489751e+01
3.078375816345214844e+00,1.583527151473410610e+00,-7.898457836806004329e-01,-1.598030991286299551e+00,6.059604926138984632e-02,-6.847733312908585446e-02,-1.009843253261997059e-01,-3.146580538141062755e-01,-1.543620917069908316e+01,1.087181137552489751e+01
3.090898275375366211e+00,1.584117084392450137e+00,-7.905132186481926837e-01,-1.599011465271838572e+00,5.765673843035706153e-02,-6.534470354199894970e-02,-9.567754370841197176e-02,-3.234527675742195907e-01,-1.532324504489570316e+01,1.093039439594966389e+01
3.101953744888305664e+00,1.584676714066773462e+00,-7.911500439742753521e-01,-1.599940059060987352e+00,5.455304165083593032e-02,-6.234164786278490605e-02,-9.058472591570256027e-02,-3.234527675742195907e-01,-1.532324504489570494e+01,1.093039439594966566e+01
3.112773418426513672e+00,1.585205228570555347e+00,-7.917564840218412892e-01,-1.600817490400999521e+00,5.143629793425375657e-02,-5.927320814022601914e-02,-8.544756335967282346e-02,-3.261575958741169678e-01,-1.527343953202539062e+01,1.095529109935857548e+01
3.124859571456909180e+00,1.585701748606840544e+00,-7.923328967183242977e-01,-1.601644602893299574e+00,4.817028276282910026e-02,-5.632347714721709642e-02,-8.049995840140415637e-02,-3.261575958741169678e-01,-1.527343953202538884e+01,1.095529109935857726e+01
3.135500431060791016e+00,1.586166480819271252e+00,-7.928785220728268301e-01,-1.602421125601332319e+00,4.506414222018189503e-02,-5.313817476883442303e-02,-7.534826437173676450e-02,-3.285884440130752981e-01,-1.518782569420206485e+01,1.099649504615143414e+01
3.146113634109497070e+00,1.586599412091362904e+00,-7.933928854989069634e-01,-1.603147058178107320e+00,4.182469336980027680e-02,-5.005952028780520646e-02,-7.036325934059113607e-02,-3.285884440130752981e-01,-1.518782569420206485e+01,1.099649504615143236e+01
3.156668663024902344e+00,1.587001059425123151e+00,-7.938753162373802796e-01,-1.603822568589387432e+00,3.878847563445252111e-02,-4.677145010450958762e-02,-6.527261881837488622e-02,-3.269856780903068749e-01,-1.511898378019804490e+01,1.102780612933468873e+01
3.166670322418212891e+00,1.587373596556084232e+00,-7.943239374091913829e-01,-1.604447103109976736e+00,3.598125390378077715e-02,-4.331344348973450303e-02,-6.016767567631443880e-02,-3.217491732251084313e-01,-1.506690888688275187e+01,1.104997483626015509e+01
3.179018735885620117e+00,1.587717463469368706e+00,-7.947384615906604166e-01,-1.605021328637891154e+00,3.306654506709307689e-02,-3.994231879376786143e-02,-5.519559684822263057e-02,-3.217491732251084313e-01,-1.506690888688275187e+01,1.104997483626015509e+01
3.189891576766967773e+00,1.588033468878207399e+00,-7.951186243261280095e-01,-1.605546090123356917e+00,3.038693553779073242e-02,-3.645192404602039249e-02,-5.026856448869550242e-02,-3.138240304601918051e-01,-1.503295395315587868e+01,1.106338750762614609e+01
3.201218843460083008e+00,1.588322175526457603e+00,-7.954642922752822587e-01,-1.606022198385639532e+00,2.761718179988943700e-02,-3.303493273702159255e-02,-4.545205974420241796e-02,-3.138240304601918051e-01,-1.503295395315588223e+01,1.106338750762614609e+01
3.211447954177856445e+00,1.588584369726504297e+00,-7.957754951517166386e-01,-1.606450613394553750e+00,2.506422622725512986e-02,-2.956323225822619569e-02,-4.071974984829561384e-02,-3.040876805404987837e-01,-1.501779192328182333e+01,1.106867236290459644e+01
3.220492124557495117e+00,1.588820626082450671e+00,-7.960523153772420812e-01,-1.606832204105925310e+00,2.243827792713747049e-02,-2.615131398441996116e-02,-3.607654799669518519e-02,-3.040876805404987837e-01,-1.501779192328182333e+01,1.106867236290459644e+01
3.231374740600585938e+00,1.589031005951912379e+00,-7.962951405914513447e-01,-1.607167870380229902e+00,1.988322549809925718e-02,-2.276095336876862024e-02,-3.152410172285369933e-02,-2.985910138384373358e-01,-1.501702129964798438e+01,1.106846302426285789e+01
3.239448308944702148e+00,1.589215518465351806e+00,-7.965043222141847679e-01,-1.607458397837051578e+00,1.727178818791786502e-02,-1.941686125091091064e-02,-2.704027047802514197e-02,-2.985910138384373358e-01,-1.501702129964798615e+01,1.106846302426285611e+01
3.250521183013916016e+00,1.589374958230809431e+00,-7.966802641839035859e-01,-1.607704734561909099e+00,1.485098128622631790e-02,-1.610835425848158170e-02,-2.267272044683350113e-02,-2.866224417693719051e-01,-1.502863267851027551e+01,1.106272214027643308e+01
3.260412931442260742e+00,1.589509963086284339e+00,-7.968233072936824479e-01,-1.607907673783570912e+00,1.239012163872579668e-02,-1.283270544263946308e-02,-1.835428864801644244e-02,-2.866224417693719051e-01,-1.502863267851027551e+01,1.106272214027643308e+01
3.271032333374023438e+00,1.589621807869883607e+00,-7.969344333299088756e-01,-1.608068548407200815e+00,1.019381948724125582e-02,-9.708708732257449042e-03,-1.423805049173844720e-02,-2.659610848242912051e-01,-1.507579833760329358e+01,1.104205807097289771e+01
3.280262947082519531e+00,1.589711549206075158e+00,-7.970144340516992498e-01,-1.608188436537477228e+00,7.973109262459643354e-03,-6.604603402461781472e-03,-1.015245984405363337e-02,-2.659610848242912051e-01,-1.507579833760329358e+01,1.104205807097289771e+01
3.291577339172363281e+00,1.589779844713684165e+00,-7.970643671025945398e-01,-1.608268456633438204e+00,5.891913288523289820e-03,-3.676555333275587437e-03,-6.245179721802419058e-03,-2.507382754518463486e-01,-1.512509026619804686e+01,1.102095209333385561e+01
3.315923690795898438e+00,1.589827268568952956e+00,-7.970850662000482645e-01,-1.608309484204430539e+00,3.800922951695211334e-03,-7.560632055250101659e-04,-2.351239110532914178e-03,-2.507382754518463486e-01,-1.512509026619804864e+01,1.102095209333385561e+01
3.328148126602172852e+00,1.589854118164989449e+00,-7.970771342418780936e-01,-1.608312119086036107e+00,1.772000594665497104e-03,2.060977025844467053e-03,1.444535229147503753e-03,-2.428458011301365960e-01,-1.515445976596487832e+01,1.100837167580285225e+01
3.340590000152587891e+00,1.589861001646297067e+00,-7.970416369424319081e-01,-1.608277344362381900e+00,-1.971705565054139467e-04,4.768864490087199384e-03,5.141847283577260369e-03,-2.348751656199025428e-01,-1.518640903088241956e+01,1.099467257552796973e+01
3.352007627487182617e+00,1.589848720017465578e+00,-7.969804430932903028e-01,-1.608206784043563431e+00,-2.069652548938895158e-03,7.226231903333404233e-03,8.624381738445058981e-03,-2.186633502910576288e-01,-1.525774931016727720e+01,1.096411630005279747e+01
3.369691610336303711e+00,1.589817800296974060e+00,-7.968945969525983442e-01,-1.608101303486934253e+00,-3.925462801291288752e-03,9.698660705699621576e-03,1.212528304043304292e-02,-2.186633502910576288e-01,-1.525774931016727898e+01,1.096411630005279747e+01
3.383897304534912109e+00,1.589768638735098438e+00,-7.967847077639859110e-01,-1.607961413291847386e+00,-5.722888029510118935e-03,1.204798779227207912e-02,1.551829440729049492e-02,-2.101988874156257014e-01,-1.529717300540950298e+01,1.094687173158520466e+01
3.394186973571777344e+00,1.589701968822976319e+00,-7.966528593898359878e-01,-1.607789066933300148e+00,-7.434789214312359333e-03,1.411910798094075103e-02,1.864431746480532323e-02,-1.929819362694022433e-01,-1.538101947640848266e+01,1.090957041296839947e+01
3.408450126647949219e+00,1.589618360280793397e+00,-7.965001404114612216e-01,-1.607585249431805252e+00,-9.113122424286419776e-03,1.621985853511012654e-02,2.180969120711107392e-02,-1.929819362694022433e-01,-1.538101947640848266e+01,1.090957041296839947e+01
3.420203208923339844e+00,1.589518306332641018e+00,-7.963271072244003657e-01,-1.607350466389651400e+00,-1.072926190979206669e-02,1.819520874331514992e-02,2.485090363893816337e-02,-1.841100684209773242e-01,-1.542564125531319519e+01,1.088929389817779203e+01
3.433791399002075195e+00,1.589402543078806573e+00,-7.961359023192746687e-01,-1.607087040778813813e+00,-1.226252283936950412e-02,1.988358325575842814e-02,2.757123564397549048e-02,-1.661370128807661273e-01,-1.551801284014924676e+01,1.084648698740672401e+01
3.446520090103149414e+00,1.589271706671141704e+00,-7.959275853259946132e-01,-1.606796098906064563e+00,-1.374797476328810594e-02,2.161400070126881512e-02,3.034934844891020930e-02,-1.661370128807661273e-01,-1.551801284014924676e+01,1.084648698740672401e+01
3.459837675094604492e+00,1.589126389601029254e+00,-7.957026297787234137e-01,-1.606478162061252268e+00,-1.516483361565794732e-02,2.322394264200953670e-02,3.298535519120964626e-02,-1.569606636210970629e-01,-1.556603241008545524e+01,1.082376324488687658e+01
3.473088502883911133e+00,1.588967372900395247e+00,-7.954631307807155105e-01,-1.606135913398713866e+00,-1.649588134504964207e-02,2.455150830024604644e-02,3.524965293048761689e-02,-1.384680044882805328e-01,-1.566367608307796466e+01,1.077666891428921936e+01
3.486505508422851562e+00,1.588795369459857332e+00,-7.952100706549142251e-01,-1.605770622035410877e+00,-1.776756683031177966e-02,2.593138591565945228e-02,3.758737676769476760e-02,-1.384680044882805328e-01,-1.566367608307796466e+01,1.077666891428921936e+01
3.495075941085815430e+00,1.588611058547233723e+00,-7.949438276345932586e-01,-1.605382820902293339e+00,-1.896433132222788767e-02,2.719972824005834761e-02,3.976806462867107927e-02,-1.291512998261847289e-01,-1.571356039527523762e+01,1.075219812770006200e+01
3.507575750350952148e+00,1.588415139624567374e+00,-7.946645848251362443e-01,-1.604972760772837015e+00,-2.009523396393406852e-02,2.852597513151469005e-02,4.203168901838409688e-02,-1.291512998261847289e-01,-1.571356039527523762e+01,1.075219812770006200e+01
3.517168998718261719e+00,1.588208417448136789e+00,-7.943735557256249580e-01,-1.604542297279075935e+00,-2.113374456788575870e-02,2.958428217422870085e-02,4.388989754468672344e-02,-1.104926290647079978e-01,-1.581376679165519938e+01,1.070224087936001744e+01
3.527138710021972656e+00,1.587991790863627850e+00,-7.940734035848943106e-01,-1.604095648063593726e+00,-2.208452190426574840e-02,3.037751030355980222e-02,4.531282496551201217e-02,-9.181902324885221622e-02,-1.591581331290620938e+01,1.065040592810569109e+01
3.538346529006958008e+00,1.587766059266749075e+00,-7.937649600285108242e-01,-1.603634257436031163e+00,-2.296177996632013316e-02,3.123626460275033892e-02,4.682937338995271648e-02,-9.181902324885221622e-02,-1.591581331290621115e+01,1.065040592810569109e+01
3.546979427337646484e+00,1.587532021876905786e+00,-7.934493487914821008e-01,-1.603160166836533396e+00,-2.375391296181535508e-02,3.183718658568347737e-02,4.789795425469527829e-02,-7.337443062707839359e-02,-1.601815678605742832e+01,1.059774603644072855e+01
3.557605504989624023e+00,1.587290484875965024e+00,-7.931273497421067464e-01,-1.602674849842688154e+00,-2.446915820561410687e-02,3.250710777703681026e-02,4.906522404807361210e-02,-7.337443062707839359e-02,-1.601815678605742832e+01,1.059774603644072855e+01
3.568414449691772461e+00,1.587042256890752734e+00,-7.928000107816536302e-01,-1.602180297493758010e+00,-2.510032083151611179e-02,3.293015017419038959e-02,4.978953968358230953e-02,-5.540942753892309780e-02,-1.611875033619336861e+01,1.054564406491757467e+01
3.577686548233032227e+00,1.586788152392176521e+00,-7.924680477760867037e-01,-1.601677940724576477e+00,-2.565223335776495306e-02,3.342486416973426688e-02,5.061620177423744454e-02,-5.540942753892309780e-02,-1.611875033619336861e+01,1.054564406491757467e+01
3.587954282760620117e+00,1.586528967964503822e+00,-7.921324468569099775e-01,-1.601169678282650555e+00,-2.612418190149400424e-02,3.368174750613733143e-02,5.101369795917679723e-02,-3.809665138446430288e-02,-1.621710969572520256e+01,1.049465035011463421e+01
3.596576213836669922e+00,1.586265507417358611e+00,-7.917938726700421981e-01,-1.600656866354334795e+00,-2.651544733210544486e-02,3.401221245467262594e-02,5.151585379473784532e-02,-3.809665138446430288e-02,-1.621710969572520256e+01,1.049465035011463421e+01
3.608767509460449219e+00,1.585998542273260759e+00,-7.914532585374522977e-01,-1.600141289109194842e+00,-2.683247398190044888e-02,3.411288666691283944e-02,5.160778731118258883e-02,-2.153316317036278044e-02,-1.631285348928159706e+01,1.044513698313601147e+01
3.617676258087158203e+00,1.585728853740711708e+00,-7.911112264416431117e-01,-1.599624211707260990e+00,-2.706824128617519448e-02,3.428832409810091131e-02,5.180543292641247993e-02,-2.153316317036278044e-02,-1.631285348928159706e+01,1.044513698313601147e+01
3.627859354019165039e+00,1.585457169237479924e+00,-7.907686667724639351e-01,-1.599107270086618682e+00,-2.723825579357189858e-02,3.424080789959475790e-02,5.161895397650419909e-02,-5.889033941846581743e-03,-1.640547906584128768e+01,1.039758781028168855e+01
3.637060642242431641e+00,1.585184230640890757e+00,-7.904261681270767781e-01,-1.598591612545101404e+00,-2.732721840407054820e-02,3.426853612575156416e-02,5.153808154008677339e-02,-5.889033941846581743e-03,-1.640547906584128768e+01,1.039758781028168855e+01
3.648469924926757812e+00,1.584910713268175009e+00,-7.900845805995013738e-01,-1.598078716772290520e+00,-2.735972681600571527e-02,3.408023944548718015e-02,5.110195357327466242e-02,8.759090036434227788e-03,-1.649457095275867857e+01,1.035228200829511280e+01
3.657734155654907227e+00,1.584637312071256021e+00,-7.897444626992065064e-01,-1.597569607467401065e+00,-2.731210677341867205e-02,3.396699585704574670e-02,5.077028191391802503e-02,8.759090036434227788e-03,-1.649457095275867857e+01,1.035228200829511280e+01
3.669363260269165039e+00,1.584364638217284682e+00,-7.894066273344180207e-01,-1.597065585658170805e+00,-2.721893593546611048e-02,3.364463889407306313e-02,5.011642900302409193e-02,2.228280105982662768e-02,-1.657962497778467892e+01,1.030957748456224898e+01
3.678451776504516602e+00,1.584093328947934198e+00,-7.890716065653384792e-01,-1.596567538581548096e+00,-2.704720821003423967e-02,3.339649803116503252e-02,4.956496057313541231e-02,2.228280105982663462e-02,-1.657962497778467892e+01,1.030957748456224721e+01
3.687599182128906250e+00,1.583823930329702590e+00,-7.887401719239873765e-01,-1.596076595227789552e+00,-2.684047605703701600e-02,3.294744431876066998e-02,4.872429975803195534e-02,3.464771143095562306e-02,-1.666021860951980216e+01,1.026963268514733407e+01
3.697151899337768555e+00,1.583557020280163430e+00,-7.884128266079117875e-01,-1.595593510135481896e+00,-2.655734377134620627e-02,3.257115524128068734e-02,4.798315378796878805e-02,3.464771143095561612e-02,-1.666021860951980216e+01,1.026963268514733407e+01
3.708867311477661133e+00,1.583293083393760625e+00,-7.880902926975087430e-01,-1.595119254289202315e+00,-2.624861553439073250e-02,3.200412419886129733e-02,4.698390643169209069e-02,4.585243551222209502e-02,-1.673594218095693265e+01,1.023252591900900121e+01
3.718543767929077148e+00,1.583032640496796040e+00,-7.877730388382607751e-01,-1.594654461819186908e+00,-2.586616833054057943e-02,3.150782968086380392e-02,4.608062122694712992e-02,4.585243551222209502e-02,-1.673594218095693265e+01,1.023252591900900299e+01
3.729332923889160156e+00,1.582776109759325811e+00,-7.874617350407348004e-01,-1.594199941289748068e+00,-2.546800519114833516e-02,3.083191120794086942e-02,4.495168824231926541e-02,5.581840516264989505e-02,-1.680634555449891110e+01,1.019847218054496096e+01
3.738834381103515625e+00,1.582523950258902801e+00,-7.871568140844084072e-01,-1.593756203426780260e+00,-2.499926511583088623e-02,3.022416589771189516e-02,4.391459386020905159e-02,5.581840516264990198e-02,-1.680634555449891110e+01,1.019847218054495919e+01
3.750052452087402344e+00,1.582276523491558562e+00,-7.868588823449176317e-01,-1.593323920501021895e+00,-2.452254015394707623e-02,2.945045551416951984e-02,4.268002149731302958e-02,6.459963907858928822e-02,-1.687111464992040055e+01,1.016741816947793353e+01
3.758617162704467773e+00,1.582034234237556403e+00,-7.865683279737506473e-01,-1.592903501694241886e+00,-2.397878285557254047e-02,2.874186946216451127e-02,4.153269376641096494e-02,6.459963907858928822e-02,-1.687111464992040055e+01,1.016741816947793353e+01
3.770402908325195312e+00,1.581797390403433035e+00,-7.862856873828069082e-01,-1.592495494676112733e+00,-2.343388202511969415e-02,2.788252527174346976e-02,4.021431657080415389e-02,7.219745716786092615e-02,-1.692994949384550551e+01,1.013940313409977456e+01
3.782089948654174805e+00,1.581566344591285977e+00,-7.860112994938233122e-01,-1.592100217025350650e+00,-2.282583566377684517e-02,2.708482675145164331e-02,3.897820700066095129e-02,7.219745716786092615e-02,-1.692994949384550551e+01,1.013940313409977456e+01
3.791262149810791016e+00,1.581341358319526602e+00,-7.857456228493852057e-01,-1.591718111792510326e+00,-2.222189842126308726e-02,2.615336661805985757e-02,3.759415589352581993e-02,7.865686065844434971e-02,-1.698264135791649565e+01,1.011437326551212124e+01
3.803166151046752930e+00,1.581122737598063654e+00,-7.854889411128415100e-01,-1.591349421591377489e+00,-2.155898614252539300e-02,2.527970517885758800e-02,3.628708705161907966e-02,7.865686065844434971e-02,-1.698264135791649565e+01,1.011437326551212124e+01
3.813785552978515625e+00,1.580910875714773178e+00,-7.852411787728904580e-01,-1.590993956811765253e+00,-2.087280508988281769e-02,2.437251424447040710e-02,3.495148403800960035e-02,8.144028306387296468e-02,-1.700669760283079412e+01,1.010298495721822576e+01
3.824714422225952148e+00,1.580706178306431564e+00,-7.850021913585121247e-01,-1.590651451022814022e+00,-2.013191135923267719e-02,2.351900521919704501e-02,3.368770037216377300e-02,8.144028306387296468e-02,-1.700669760283079412e+01,1.010298495721822576e+01
3.833915233612060547e+00,1.580508822495692689e+00,-7.847723352625091131e-01,-1.590322231553122467e+00,-1.940357157111599617e-02,2.255681020493804922e-02,3.230558506128173440e-02,8.622761278637673665e-02,-1.704993398715321007e+01,1.008241744657133587e+01
3.844737052917480469e+00,1.580319029566666922e+00,-7.845518261761565970e-01,-1.590006465612743058e+00,-1.862474722963706683e-02,2.164427420766755483e-02,3.098992084253172213e-02,8.622761278637672278e-02,-1.704993398715321007e+01,1.008241744657133410e+01
3.855194807052612305e+00,1.580136912725981890e+00,-7.843409565421378682e-01,-1.589704409729123968e+00,-1.786663727282422620e-02,2.063796548990484356e-02,2.957320048195860931e-02,8.986599445866787217e-02,-1.708759601407771811e+01,1.006444462733619893e+01
3.864012479782104492e+00,1.579962632388427046e+00,-7.841398983562822833e-01,-1.589416183876145139e+00,-1.706243126209485567e-02,1.967706758033790915e-02,2.821737849850606758e-02,8.986599445866787217e-02,-1.708759601407771811e+01,1.006444462733619893e+01
3.874624490737915039e+00,1.579796240053928935e+00,-7.839488808747439030e-01,-1.589141987641506271e+00,-1.628656761612709905e-02,1.863735638465455202e-02,2.677540532851044319e-02,9.240374818569081772e-02,-1.711979128506254000e+01,1.004894695263682536e+01
3.884549856185913086e+00,1.579637836993807776e+00,-7.837680331512114629e-01,-1.588881905229866387e+00,-1.546911814428596731e-02,1.763863225105096952e-02,2.538863299032224213e-02,9.240374818569081772e-02,-1.711979128506254000e+01,1.004894695263682536e+01
3.894949674606323242e+00,1.579487425153978108e+00,-7.835975159469734663e-01,-1.588636080200674483e+00,-1.468533028282450331e-02,1.657716356008727410e-02,2.393056664578908574e-02,9.391268619107895343e-02,-1.714633282937261427e+01,1.003598479623549800e+01
3.905420780181884766e+00,1.579345056577025508e+00,-7.834374110802635460e-01,-1.588404561798883563e+00,-1.386455250968606986e-02,1.555213091916789886e-02,2.252189605053207463e-02,9.391268619107895343e-02,-1.714633282937261427e+01,1.003598479623549800e+01
3.914463043212890625e+00,1.579210692071807198e+00,-7.832878109102545672e-01,-1.588187432791495990e+00,-1.308115539896553652e-02,1.448051024185612046e-02,2.105774227609215690e-02,9.445674967027846425e-02,-1.716716991327114172e+01,1.002561480564491170e+01
3.925398111343383789e+00,1.579084341393749868e+00,-7.831487500423094383e-01,-1.587984703557147492e+00,-1.226541115025633032e-02,1.344069809702696378e-02,1.963711009131924312e-02,9.445674967027846425e-02,-1.716716991327114172e+01,1.002561480564491170e+01
3.935136795043945312e+00,1.578965935008000976e+00,-7.830202515708385436e-01,-1.587796399046933704e+00,-1.148876607479023398e-02,1.237067460325137237e-02,1.817631991945817954e-02,9.413157034113399380e-02,-1.718234343985209733e+01,1.001780748893212802e+01
3.944330692291259766e+00,1.578855449342125183e+00,-7.829023020299619162e-01,-1.587622493130445678e+00,-1.068442427017631847e-02,1.132780734637568905e-02,1.675314676924659699e-02,9.413157034113399380e-02,-1.718234343985209733e+01,1.001780748893212802e+01
3.953505039215087891e+00,1.578752793930636944e+00,-7.827948560382158583e-01,-1.587462956335865982e+00,-9.919182526868700056e-03,1.027098303755398165e-02,1.530454773450729000e-02,9.303316803774736021e-02,-1.719197539487688076e+01,1.001250286342197349e+01
3.975524663925170898e+00,1.578657919778734486e+00,-7.826978524550896044e-01,-1.587317728664839001e+00,-9.130862410224772560e-03,9.236689857498042375e-03,1.388766712193015285e-02,9.303316803774734634e-02,-1.719197539487688076e+01,1.001250286342197349e+01
3.986872673034667969e+00,1.578570572886455636e+00,-7.826111937259720985e-01,-1.587186790152232518e+00,-8.407596039890732897e-03,8.201709066213293264e-03,1.244846051845226176e-02,9.011227512505112780e-02,-1.719648964379893030e+01,1.000911239097782435e+01
3.999972105026245117e+00,1.578490562477691039e+00,-7.825347840155091328e-01,-1.587070099216469687e+00,-7.665795004003560058e-03,7.184713772927127373e-03,1.103508495329020775e-02,9.011227512505112780e-02,-1.719648964379893030e+01,1.000911239097782435e+01
4.010699748992919922e+00,1.578417772392447516e+00,-7.824684268921149322e-01,-1.586967412633814245e+00,-6.960268427800807289e-03,6.188726079526959967e-03,9.644803498192059191e-03,8.730371761590249857e-02,-1.719343338331850646e+01,1.001004904271041340e+01
4.021675109863281250e+00,1.578352116881173384e+00,-7.824119532962502399e-01,-1.586878516241464476e+00,-6.240651123678287067e-03,5.206294024499904041e-03,8.274571481815548926e-03,8.730371761590249857e-02,-1.719343338331850646e+01,1.001004904271041340e+01
4.032319068908691406e+00,1.578293491748259614e+00,-7.823651085323279908e-01,-1.586803128356756520e+00,-5.551497058858665193e-03,4.259087589339577082e-03,6.939158904358837775e-03,8.412045931657569087e-02,-1.718573077575750929e+01,1.001308871607458073e+01
4.045513629913330078e+00,1.578241813913863423e+00,-7.823276828735667987e-01,-1.586741012838517539e+00,-4.852518977654406325e-03,3.321200626613782843e-03,5.618198338615647269e-03,8.412045931657569087e-02,-1.718573077575750929e+01,1.001308871607458251e+01
4.055813550949096680e+00,1.578197068853204765e+00,-7.822994970990175823e-01,-1.586691951198198947e+00,-4.164213091759437664e-03,2.408280022307525241e-03,4.325145104249302624e-03,8.237027992980563984e-02,-1.718029027733787828e+01,1.001538416090715344e+01
4.065602302551269531e+00,1.578159239979904482e+00,-7.822804099038493941e-01,-1.586655768255337495e+00,-3.470186807459962278e-03,1.500629905035482173e-03,3.041114235298462282e-03,8.237027992980563984e-02,-1.718029027733787828e+01,1.001538416090715167e+01
4.074855089187622070e+00,1.578128193405773150e+00,-7.822701339324847902e-01,-1.586632122943527179e+00,-2.805174776013051683e-03,6.409225336445468872e-04,1.811723749710648272e-03,7.855468708697468938e-02,-1.716659413191937489e+01,1.002145855160690857e+01
4.085376262664794922e+00,1.578103808419464071e+00,-7.822684457227170318e-01,-1.586620748581617502e+00,-2.138364424445690203e-03,-2.173723039011997427e-04,5.861228697672049917e-04,7.855468708697468938e-02,-1.716659413191937489e+01,1.002145855160690857e+01
4.094708204269409180e+00,1.578085940620437944e+00,-7.822750250363346147e-01,-1.586621260382620635e+00,-1.499270315185367852e-03,-1.018587949530539750e-03,-5.726065620221484648e-04,7.432398076702685652e-02,-1.714926407804105679e+01,1.002932345336395059e+01
4.108352661132812500e+00,1.578074454796469794e+00,-7.822896271659167677e-01,-1.586633364020361148e+00,-8.620752445498191044e-04,-1.822003369366909445e-03,-1.732525157659527528e-03,7.432398076702685652e-02,-1.714926407804105679e+01,1.002932345336394881e+01
4.117529869079589844e+00,1.578069190500529961e+00,-7.823119085402060469e-01,-1.586656626232473499e+00,-2.524884782490181725e-04,-2.561140239731203583e-03,-2.812684896440288511e-03,6.968398891156737940e-02,-1.712868466512634313e+01,1.003887654882478309e+01
4.128568410873413086e+00,1.578069876136131144e+00,-7.823411899729738606e-01,-1.586690163000347153e+00,3.303274287092720181e-04,-3.229357151953187420e-03,-3.797345070992545757e-03,6.466244566909934433e-02,-1.710530921356017231e+01,1.004999021839829609e+01
4.139513254165649414e+00,1.578076353471720150e+00,-7.823771907923751101e-01,-1.586733588428209440e+00,9.062874739955623961e-04,-3.904559533094381727e-03,-4.789962581582561663e-03,6.466244566909934433e-02,-1.710530921356017231e+01,1.004999021839829609e+01
4.148844718933105469e+00,1.578088441950664889e+00,-7.824195305256325117e-01,-1.586786363529388399e+00,1.455039607541880721e-03,-4.504855477789616348e-03,-5.678060565172315596e-03,5.936817203299612350e-02,-1.707973660433099283e+01,1.006229197609429882e+01
4.159827947616577148e+00,1.578105965542442757e+00,-7.824679256702695707e-01,-1.586848083626788419e+00,1.994057699669849436e-03,-5.114885172680354829e-03,-6.578078481226099991e-03,5.936817203299612350e-02,-1.707973660433099283e+01,1.006229197609430059e+01
4.170599937438964844e+00,1.578128722762344172e+00,-7.825219986809969219e-01,-1.586918188498362525e+00,2.504417474813192771e-03,-5.648290953545709661e-03,-7.366474833689755711e-03,5.385701370014958633e-02,-1.705260737034407725e+01,1.007549582001123234e+01
4.189569234848022461e+00,1.578156516807559973e+00,-7.825814718145728266e-01,-1.586996261146132570e+00,3.002453279954037796e-03,-6.193884424701680269e-03,-8.170359381491911280e-03,5.385701370014957939e-02,-1.705260737034407725e+01,1.007549582001123412e+01
4.201559305191040039e+00,1.578189170434133093e+00,-7.826462260154737338e-01,-1.587082097749623388e+00,3.478349229874334349e-03,-6.707853850372639225e-03,-8.924511295729955704e-03,5.102179145699780455e-02,-1.703853970691844211e+01,1.008241579442974079e+01
4.215586900711059570e+00,1.578226404315080877e+00,-7.827157011013643473e-01,-1.587174796264306131e+00,3.921591090533547985e-03,-7.145825032397820284e-03,-9.555322518289756373e-03,4.520295623049981615e-02,-1.700974545810094085e+01,1.009678300994590572e+01
4.225391149520874023e+00,1.578267942174420124e+00,-7.827893807649862756e-01,-1.587273513530625735e+00,4.341336692445752106e-03,-7.552088069974214127e-03,-1.013371577609554347e-02,4.226760042144380586e-02,-1.699490701864232278e+01,1.010416018453419262e+01
4.235800981521606445e+00,1.578313586712868366e+00,-7.828672116777168899e-01,-1.587378131213618149e+00,4.744436629974036791e-03,-7.974599426808436434e-03,-1.073347140399524141e-02,4.226760042144381974e-02,-1.699490701864232278e+01,1.010416018453419262e+01
4.245589256286621094e+00,1.578363166238085480e+00,-7.829493613764131332e-01,-1.587488869745182107e+00,5.129933120873279850e-03,-8.414283743688227152e-03,-1.135583370472116778e-02,4.226760042144381280e-02,-1.699490701864232278e+01,1.010416018453419262e+01
4.254060268402099609e+00,1.578416418503020946e+00,-7.830354817568555559e-01,-1.587605163201062375e+00,5.482160998835869728e-03,-8.776607530220319545e-03,-1.185679887435922911e-02,3.639095851092074424e-02,-1.696498219239197169e+01,1.011899817556013303e+01
4.266167640686035156e+00,1.578473024367550215e+00,-7.831247835073145147e-01,-1.587725798444667547e+00,5.803610287049614826e-03,-9.058688972094780176e-03,-1.223648103680373758e-02,3.053456131027764905e-02,-1.693435814365489378e+01,1.013408863714004937e+01
4.277233600616455078e+00,1.578532734912563518e+00,-7.832170124520168031e-01,-1.587850372015751965e+00,6.104994539956967031e-03,-9.360209137266524079e-03,-1.264201189879485265e-02,3.053456131027765252e-02,-1.693435814365489378e+01,1.013408863714004937e+01
4.290836095809936523e+00,1.578595299829225196e+00,-7.833118091509719827e-01,-1.587978339218779622e+00,6.377295291360753071e-03,-9.580452245421387791e-03,-1.292735519736096239e-02,2.473858623141214630e-02,-1.690333799923179825e+01,1.014932325460291729e+01
4.310883283615112305e+00,1.578660471316033043e+00,-7.834089207887796613e-01,-1.588109309687757209e+00,6.628347147370543431e-03,-9.821228798731682780e-03,-1.324003118764672214e-02,2.473858623141214630e-02,-1.690333799923179825e+01,1.014932325460291729e+01
4.324981212615966797e+00,1.578728014515096811e+00,-7.835082769642248701e-01,-1.588243158599453864e+00,6.854084491878516087e-03,-1.003239847694909447e-02,-1.350765219783530563e-02,2.187819580067576139e-02,-1.688788411476252449e+01,1.015690723758269876e+01
4.333433151245117188e+00,1.578797672280559450e+00,-7.836095889553514882e-01,-1.588379438816879485e+00,7.053789723534641468e-03,-1.021528781369751213e-02,-1.373082446812526509e-02,1.903918135214401411e-02,-1.687261088997414404e+01,1.016443493655922126e+01
4.350683450698852539e+00,1.578869202657644966e+00,-7.837128499046676078e-01,-1.588518109983981130e+00,7.230803367133811256e-03,-1.042007329197889784e-02,-1.398301736635284079e-02,1.903918135214401758e-02,-1.687261088997414404e+01,1.016443493655922303e+01
4.363924980163574219e+00,1.578942339750027735e+00,-7.838177405472663839e-01,-1.588658654861778929e+00,7.378047361007056271e-03,-1.054887588294213877e-02,-1.411742170914574886e-02,1.343751429891387392e-02,-1.684228050885282002e+01,1.017947698714467819e+01
4.376137018203735352e+00,1.579016819225229185e+00,-7.839237628357298426e-01,-1.588800333287877953e+00,7.501606078866729192e-03,-1.064928107718881960e-02,-1.421359204862218499e-02,1.078405659688397300e-02,-1.682720517863984711e+01,1.018675215699363079e+01
4.386315107345581055e+00,1.579092404295772356e+00,-7.840309143317156781e-01,-1.588943138629749674e+00,7.601492024273226282e-03,-1.077248189578658075e-02,-1.433983083609021922e-02,1.078405659688397300e-02,-1.682720517863984711e+01,1.018675215699363079e+01
4.399669170379638672e+00,1.579168860082505343e+00,-7.841388744672650457e-01,-1.589086602545573212e+00,7.678050998228818681e-03,-1.081872668499436231e-02,-1.435631588645907598e-02,5.560148606198550558e-03,-1.679725948260853841e+01,1.020139235359734364e+01
4.411253213882446289e+00,1.579245982350083066e+00,-7.842468708468579575e-01,-1.589229678736582274e+00,7.736588346910678975e-03,-1.078747543967055467e-02,-1.427232961026180316e-02,6.849541954150467626e-04,-1.676798079453772772e+01,1.021546802597121761e+01
4.423741340637207031e+00,1.579323558074890999e+00,-7.843546813726745004e-01,-1.589372081645084256e+00,7.771147130508574384e-03,-1.077925100521193516e-02,-1.421860324568741812e-02,6.849541954150467626e-04,-1.676798079453772772e+01,1.021546802597121761e+01
4.436405658721923828e+00,1.579401369543952161e+00,-7.844622652513703054e-01,-1.589513759748603094e+00,7.785741666361281794e-03,-1.074476349246586242e-02,-1.413075692313739418e-02,-1.652942306881507312e-03,-1.675367111418235666e+01,1.022235824510130797e+01
4.448066711425781250e+00,1.579479195552368376e+00,-7.845696305302332085e-01,-1.589654724159676791e+00,7.776451541917636830e-03,-1.073323197112741739e-02,-1.407284032800080326e-02,-1.652942306881510781e-03,-1.675367111418235666e+01,1.022235824510130797e+01
4.464192390441894531e+00,1.579556845838443691e+00,-7.846764843262160616e-01,-1.589794609748972798e+00,7.752119597621764599e-03,-1.064964865101722044e-02,-1.392405116943908581e-02,-6.068165061947621008e-03,-1.672634162706361849e+01,1.023543804879093599e+01
4.473166227340698242e+00,1.579634185882712760e+00,-7.847821247681963097e-01,-1.589932543318280933e+00,7.715659901862110745e-03,-1.049738184739578382e-02,-1.369082051893128101e-02,-1.014150165180478791e-02,-1.670029687759515369e+01,1.024786275662032864e+01
4.484519481658935547e+00,1.579711032763910783e+00,-7.848863658455526027e-01,-1.590068304757491724e+00,7.655870803895903354e-03,-1.036749278149783939e-02,-1.348663810752475864e-02,-1.014150165180478444e-02,-1.670029687759515369e+01,1.024786275662032864e+01
4.495833873748779297e+00,1.579787188038480616e+00,-7.849891906076826853e-01,-1.590201872612647449e+00,7.579089380894427769e-03,-1.021620812519877415e-02,-1.325479409657733323e-02,-1.207534536892630392e-02,-1.668779341951149675e+01,1.025388828665274588e+01
4.509462594985961914e+00,1.579862526281049506e+00,-7.850901639874032778e-01,-1.590332722914888031e+00,7.493420590061771781e-03,-1.000330865792298241e-02,-1.295030391908139761e-02,-1.559331596463142330e-02,-1.666436499465014975e+01,1.026499602530501321e+01
4.518717288970947266e+00,1.579936885192154250e+00,-7.851891259371166498e-01,-1.590460679997822036e+00,7.385519497022651446e-03,-9.811723618473176811e-03,-1.267329519345754447e-02,-1.559331596463143371e-02,-1.666436499465014975e+01,1.026499602530501321e+01
4.528543710708618164e+00,1.580010118140948272e+00,-7.852858706090179997e-01,-1.590585492446144888e+00,7.269155243468041101e-03,-9.565259601324644159e-03,-1.232809236073842754e-02,-1.879070555504691598e-02,-1.664288202223670865e+01,1.027528708914114830e+01
4.539181709289550781e+00,1.580082070083164147e+00,-7.853802631142394741e-01,-1.590706997354557561e+00,7.131530109716580947e-03,-9.339173163333290562e-03,-1.200905022633935205e-02,-1.879070555504691944e-02,-1.664288202223670865e+01,1.027528708914115008e+01
4.549750804901123047e+00,1.580152609267547970e+00,-7.854721244134552638e-01,-1.590824989672285916e+00,6.987351525247965066e-03,-9.063850328107381574e-03,-1.163132457521937058e-02,-2.157844984898411173e-02,-1.662352799936457970e+01,1.028449956622158723e+01
4.559102296829223633e+00,1.580221595372351961e+00,-7.855613391313616134e-01,-1.590939341129258500e+00,6.823025604156812175e-03,-8.807835986586394147e-03,-1.127827810575923392e-02,-2.157844984898411519e-02,-1.662352799936457970e+01,1.028449956622158723e+01
4.568958044052124023e+00,1.580288904487865409e+00,-7.856477620694465314e-01,-1.591049869817251494e+00,6.652659885143427307e-03,-8.509614736341958308e-03,-1.087196749856917700e-02,-2.402026987973068795e-02,-1.660630995670927135e+01,1.029278660799598200e+01
4.579994440078735352e+00,1.580354405386964034e+00,-7.857313029958979955e-01,-1.591156462957672213e+00,6.463379466347353094e-03,-8.229522079925801620e-03,-1.048872044446033484e-02,-2.402026987973069488e-02,-1.660630995670927135e+01,1.029278660799598200e+01
4.591202259063720703e+00,1.580417988644637006e+00,-7.858118450724210780e-01,-1.591258971138947320e+00,6.269683443500591140e-03,-7.913346010991403889e-03,-1.005943939380773110e-02,-2.607495283029289540e-02,-1.659121836920042270e+01,1.030007497799185501e+01
4.606190681457519531e+00,1.580479537665217649e+00,-7.858893186490198968e-01,-1.591357304596599631e+00,6.058403392214393307e-03,-7.614030384687157926e-03,-9.651492713081485583e-03,-2.607495283029289540e-02,-1.659121836920042270e+01,1.030007497799185501e+01
4.618115425109863281e+00,1.580538917382611874e+00,-7.859637580880073360e-01,-1.591451496063465143e+00,5.836951981250115828e-03,-7.307166878177380129e-03,-9.232046170499138074e-03,-2.697573108354301905e-02,-1.658444124754342397e+01,1.030339905985907656e+01
4.633319139480590820e+00,1.580596061626890814e+00,-7.860349890077105162e-01,-1.591541272643148597e+00,5.611798056677071329e-03,-6.974766310269780653e-03,-8.772384706318936756e-03,-2.854101375140933455e-02,-1.657246768315935981e+01,1.030940299599584797e+01
4.642832517623901367e+00,1.580650868610965709e+00,-7.861029782399854282e-01,-1.591626555688116396e+00,5.371168212005487767e-03,-6.657230579118674982e-03,-8.331319750188566006e-03,-2.854101375140934149e-02,-1.657246768315935981e+01,1.030940299599584797e+01
4.652226209640502930e+00,1.580703225679319424e+00,-7.861677698785667356e-01,-1.591707380324261845e+00,5.122716600940568389e-03,-6.335549881051233054e-03,-7.881429408961956873e-03,-2.917063535244373423e-02,-1.656718907822772735e+01,1.031205481136677093e+01
4.663892745971679688e+00,1.580753020481647342e+00,-7.862294195812953301e-01,-1.591783798651599247e+00,4.860235678193162295e-03,-6.027382787399628537e-03,-7.448232506198531819e-03,-2.917063535244374117e-02,-1.656718907822772735e+01,1.031205481136677093e+01
4.675610303878784180e+00,1.580800193297570377e+00,-7.862878857842267033e-01,-1.591855717102283574e+00,4.598377005092328315e-03,-5.700598890747997360e-03,-6.984365484004725379e-03,-3.016169103915990191e-02,-1.655814253830686056e+01,1.031664173078875635e+01
4.689467906951904297e+00,1.580844677733151293e+00,-7.863431515935452865e-01,-1.591923079032160349e+00,4.323938403713132629e-03,-5.385976298032378942e-03,-6.535288471019234241e-03,-3.016169103915990538e-02,-1.655814253830686056e+01,1.031664173078875635e+01
4.704794645309448242e+00,1.580886442119572077e+00,-7.863951886671789460e-01,-1.591985827360558714e+00,4.054036005451849486e-03,-5.056248213910661052e-03,-6.063733041564283235e-03,-3.073973094361912017e-02,-1.655085587863992913e+01,1.032029388479567444e+01
4.720219850540161133e+00,1.580925540396938223e+00,-7.864438742805294202e-01,-1.592043765900098995e+00,3.790234000538451626e-03,-4.716561857967625955e-03,-5.574892022934422285e-03,-3.099334757541874832e-02,-1.654522096486823557e+01,1.032319927249800884e+01
4.729189872741699219e+00,1.580961989618772989e+00,-7.864891751873240855e-01,-1.592096809317881334e+00,3.524542735088058865e-03,-4.378977793502686344e-03,-5.084675046994126778e-03,-3.101876817450605062e-02,-1.654302311516743274e+01,1.032438916311729749e+01
4.744550466537475586e+00,1.580995728855719706e+00,-7.865311522171278824e-01,-1.592145010634619995e+00,3.249317243494749367e-03,-4.050735769342455814e-03,-4.605225139186539147e-03,-3.101876817450605062e-02,-1.654302311516743274e+01,1.032438916311729749e+01
4.758422613143920898e+00,1.581026764417810870e+00,-7.865698247522328046e-01,-1.592188385730613165e+00,2.983039643328448069e-03,-3.718374390417542030e-03,-4.119854739111064937e-03,-3.079150848074981364e-02,-1.654000295163792700e+01,1.032592862354920626e+01
4.771470546722412109e+00,1.581055137113859477e+00,-7.866051965991629480e-01,-1.592226922696424074e+00,2.716860669539482211e-03,-3.390075794328330314e-03,-3.637162211430953682e-03,-3.060281487472499284e-02,-1.653910497415244407e+01,1.032644132421007654e+01
4.780016660690307617e+00,1.581080807583892911e+00,-7.866373258231538212e-01,-1.592260675929318303e+00,2.443442749079429658e-03,-3.069012323784531173e-03,-3.162170698319405511e-03,-3.060281487472498591e-02,-1.653910497415244407e+01,1.032644132421007654e+01
4.790422677993774414e+00,1.581103752854740696e+00,-7.866662653537517258e-01,-1.592289700145444353e+00,2.171769219299334811e-03,-2.751654275100341891e-03,-2.690828802988854372e-03,-3.033628093041818019e-02,-1.653861839202607342e+01,1.032671052776336218e+01
4.801088571548461914e+00,1.581123949154765285e+00,-7.866920641653180057e-01,-1.592314043100453658e+00,1.894344711705567806e-03,-2.440170516671388151e-03,-2.225185188442112792e-03,-3.033628093041818713e-02,-1.653861839202607342e+01,1.032671052776336218e+01
4.810878276824951172e+00,1.581141487870367568e+00,-7.867147591045854371e-01,-1.592333804426315114e+00,1.638240175078878704e-03,-2.130580991841781423e-03,-1.772997416004371473e-03,-2.906485270122887571e-02,-1.653945375409388063e+01,1.032611471187664698e+01
4.820544481277465820e+00,1.581156441294372605e+00,-7.867343837061717693e-01,-1.592349065328999336e+00,1.377834257478329763e-03,-1.825539923658638444e-03,-1.324567807885261529e-03,-2.906485270122888265e-02,-1.653945375409388063e+01,1.032611471187664698e+01
4.832462072372436523e+00,1.581168867870516692e+00,-7.867509956506134605e-01,-1.592359946648584490e+00,1.131571883606935069e-03,-1.527266544407269912e-03,-8.950378325836953492e-04,-2.790715018279107951e-02,-1.654173615131689346e+01,1.032478763438483504e+01
4.842709779739379883e+00,1.581178815301491625e+00,-7.867646433135742079e-01,-1.592366543883591223e+00,8.824085155606508106e-04,-1.232253068293211792e-03,-4.674113370192285385e-04,-2.790715018279106910e-02,-1.654173615131689346e+01,1.032478763438483682e+01
4.852653503417968750e+00,1.581186305889486388e+00,-7.867753720887514790e-01,-1.592368930997867915e+00,6.396721686071683583e-04,-9.428271932134346493e-04,-5.167761058431290071e-05,-2.725142943734034512e-02,-1.654336983992060084e+01,1.032386186305572195e+01
4.863765478134155273e+00,1.581191360046970251e+00,-7.867832181712747230e-01,-1.592367162178151219e+00,3.953872779766099115e-04,-6.554117514321940868e-04,3.639324475144972183e-04,-2.725142943734034512e-02,-1.654336983992060084e+01,1.032386186305572195e+01
4.875172376632690430e+00,1.581194051341311413e+00,-7.867882516840426499e-01,-1.592361368514830788e+00,1.657428844590600001e-04,-3.791030930825494728e-04,7.558052986593440190e-04,-2.585675679558728512e-02,-1.654753969899493526e+01,1.032162861344041360e+01
4.886213064193725586e+00,1.581194524617510089e+00,-7.867906020182989790e-01,-1.592351816450100266e+00,-4.954971703296650617e-05,-1.172367710307532958e-04,1.118647040434806719e-03,-2.429461533935708267e-02,-1.655288861023220548e+01,1.031879496999881063e+01
4.901602983474731445e+00,1.581192846408120634e+00,-7.867903354904083324e-01,-1.592338623707726830e+00,-2.644906740141314376e-04,1.443860885475844492e-04,1.483832964507296763e-03,-2.429461533935708961e-02,-1.655288861023220548e+01,1.031879496999881241e+01
4.912982225418090820e+00,1.581189093323706940e+00,-7.867875494758505006e-01,-1.592321951093275123e+00,-4.657933698569187908e-04,3.885008394287773129e-04,1.817858839990755442e-03,-2.263122808598025393e-02,-1.655927798757972624e+01,1.031549987526763879e+01
4.924504995346069336e+00,1.581183335035162285e+00,-7.867823181240249930e-01,-1.592301917810572176e+00,-6.655902282322747427e-04,6.334558564972422694e-04,2.155701697568402232e-03,-2.263122808598025393e-02,-1.655927798757972624e+01,1.031549987526763879e+01
4.933794260025024414e+00,1.581175615211696250e+00,-7.867746910812363215e-01,-1.592278570635938806e+00,-8.586806769749874731e-04,8.686954875105467461e-04,2.481915426572798254e-03,-2.181413465634889776e-02,-1.656280168581293921e+01,1.031379052464199120e+01
4.944497585296630859e+00,1.581165978345024481e+00,-7.867647017794157094e-01,-1.592251933208351122e+00,-1.049169973005305853e-03,1.105804116172398686e-03,2.813345051076342456e-03,-2.181413465634889776e-02,-1.656280168581293921e+01,1.031379052464199120e+01
4.955178260803222656e+00,1.581154506908537538e+00,-7.867524562929798515e-01,-1.592222161365561384e+00,-1.226795720727543544e-03,1.322094697344262416e-03,3.112168211345910616e-03,-2.005126416763493638e-02,-1.657047810604643701e+01,1.030993577913113413e+01
4.964894056320190430e+00,1.581141278801522221e+00,-7.867380326540371893e-01,-1.592189365836068848e+00,-1.400785758541927281e-03,1.541227222814454869e-03,3.417533305845738001e-03,-2.005126416763493985e-02,-1.657047810604643701e+01,1.030993577913113413e+01
4.975891590118408203e+00,1.581126378969071711e+00,-7.867215428445157865e-01,-1.592153713070278753e+00,-1.562309488011795694e-03,1.737671592939162273e-03,3.687276955103197668e-03,-1.820553934467403212e-02,-1.657896476158695265e+01,1.030566521117321699e+01
4.986412525177001953e+00,1.581109926424224987e+00,-7.867032249368169916e-01,-1.592115577970329321e+00,-1.712402647620506506e-03,1.909385625743215045e-03,3.917989467331988405e-03,-1.629745134452750474e-02,-1.658816741248163851e+01,1.030101979554385849e+01
5.000122308731079102e+00,1.581091999949743032e+00,-7.866831676081642577e-01,-1.592075090874530696e+00,-1.857527517237861575e-03,2.085206343239499362e-03,4.156934663210819746e-03,-1.629745134452750127e-02,-1.658816741248163851e+01,1.030101979554385849e+01
5.010897636413574219e+00,1.581072677796290904e+00,-7.866614970962255704e-01,-1.592032429901097723e+00,-1.992493852136183793e-03,2.234712072572676411e-03,4.356753046012143415e-03,-1.439238466330080429e-02,-1.659785252892062246e+01,1.029618458561460770e+01
5.021253824234008789e+00,1.581052037056293935e+00,-7.866383053537280290e-01,-1.591987720757035207e+00,-2.121758567915817302e-03,2.389025166469681705e-03,4.565724765818150385e-03,-1.439238466330079735e-02,-1.659785252892062246e+01,1.029618458561460770e+01
5.038946628570556641e+00,1.581030143181884728e+00,-7.866136330743406235e-01,-1.591940994993588765e+00,-2.243788837960669635e-03,2.532005549693857206e-03,4.761469633875584778e-03,-1.347228405900224163e-02,-1.660280422785299947e+01,1.029377734618304352e+01
5.053587198257446289e+00,1.581007079648981239e+00,-7.865876802325920680e-01,-1.591892527307909644e+00,-2.356567346468401228e-03,2.647893560512409178e-03,4.918082624514001112e-03,-1.158291595055521012e-02,-1.661286566408656284e+01,1.028877714361876805e+01
5.065796613693237305e+00,1.580982924592103211e+00,-7.865605373773245645e-01,-1.591842436959001628e+00,-2.462712820606078028e-03,2.769480040742958865e-03,5.085025881975233260e-03,-1.158291595055521012e-02,-1.661286566408656284e+01,1.028877714361876805e+01
5.076503753662109375e+00,1.580957742251214437e+00,-7.865322444416517067e-01,-1.591790736827715103e+00,-2.562606095963091465e-03,2.879143140181991255e-03,5.241174439051840377e-03,-1.071622489201137091e-02,-1.661796003347777173e+01,1.028637916870219371e+01
5.088207006454467773e+00,1.580931600083417043e+00,-7.865030099076976144e-01,-1.591737675830961818e+00,-2.655356444309274911e-03,2.960650110219503230e-03,5.360889226115233934e-03,-8.921141752449041062e-03,-1.662818779836990046e+01,1.028139468381419341e+01
5.101105451583862305e+00,1.580904570647158502e+00,-7.864729253926544539e-01,-1.591683355987663306e+00,-2.740762149034662969e-03,3.048531444075536050e-03,5.491862031116354417e-03,-8.921141752449041062e-03,-1.662818779836990046e+01,1.028139468381419341e+01
5.109444379806518555e+00,1.580876729333046127e+00,-7.864421101784189183e-01,-1.591627941269875945e+00,-2.818473205297215584e-03,3.109507821069689738e-03,5.583804758486072932e-03,-7.115914167214031777e-03,-1.663843629414068204e+01,1.027628093810706567e+01
5.122671604156494141e+00,1.580848153066638062e+00,-7.864106484773115691e-01,-1.591571542813491558e+00,-2.888496878192110123e-03,3.177181368130300824e-03,5.687471901986823272e-03,-7.115914167214035246e-03,-1.663843629414068204e+01,1.027628093810706567e+01
5.132717370986938477e+00,1.580818919377023013e+00,-7.863786511318491268e-01,-1.591514325944521024e+00,-2.950717319229279132e-03,3.219220586900748120e-03,5.751481106622919823e-03,-5.344933276406536177e-03,-1.664853715700073877e+01,1.027117130359729735e+01
5.146378517150878906e+00,1.580789107067366528e+00,-7.863461953252434133e-01,-1.591456402696455941e+00,-3.004997655871152230e-03,3.268195580745855700e-03,5.827565246105328653e-03,-5.344933276406536177e-03,-1.664853715700073877e+01,1.027117130359729735e+01
5.159348249435424805e+00,1.580758791526380325e+00,-7.863133013819025852e-01,-1.591397786337030773e+00,-3.052067686704217249e-03,3.307800816717720426e-03,5.891356768114924466e-03,-4.507772431660107132e-03,-1.665351230837694985e+01,1.026868937629630096e+01
5.168061494827270508e+00,1.580728043055174670e+00,-7.862801449212024618e-01,-1.591338740412041819e+00,-3.092260889965226401e-03,3.323136718946997827e-03,5.917279774473623369e-03,-2.852221530795930049e-03,-1.666325568450550065e+01,1.026374223900499416e+01
5.182405471801757812e+00,1.580696937607203312e+00,-7.862467957364356330e-01,-1.591279366999192479e+00,-3.124273901674376984e-03,3.345635444920888775e-03,5.955624134495563632e-03,-2.852221530795930049e-03,-1.666325568450550065e+01,1.026374223900499416e+01
5.193588972091674805e+00,1.580665547356088441e+00,-7.862133483652631316e-01,-1.591219817654873303e+00,-3.149860089029953535e-03,3.345083891616248712e-03,5.956244285323919301e-03,-1.265098849658884356e-03,-1.667274143201562708e+01,1.025887395957916581e+01
5.205709218978881836e+00,1.580633946501520892e+00,-7.861798668450983296e-01,-1.591160193362369801e+00,-3.167216610605353647e-03,3.351744484158504338e-03,5.969366733833672035e-03,-1.265098849658891078e-03,-1.667274143201562708e+01,1.025887395957916581e+01
5.216926097869873047e+00,1.580602207221638800e+00,-7.861463629084034510e-01,-1.591100496142810350e+00,-3.178183170176117345e-03,3.350371625585005664e-03,5.971892081649851289e-03,-5.357981862238387401e-04,-1.667734959415876617e+01,1.025655889069939519e+01
5.226214885711669922e+00,1.580570388056903308e+00,-7.861129895272260804e-01,-1.591040966809841306e+00,-3.183739297459240499e-03,3.327754446336494282e-03,5.939295536503096974e-03,9.060941209788828110e-04,-1.668625877581705907e+01,1.025196737755748444e+01
5.238310575485229492e+00,1.580538558398982385e+00,-7.860798028056974474e-01,-1.590981694836628213e+00,-3.181108062481631613e-03,3.312314582022351118e-03,5.919165188777370142e-03,9.060941209788828110e-04,-1.668625877581705907e+01,1.025196737755748444e+01
5.251393079757690430e+00,1.580506782983322589e+00,-7.860468784734513381e-01,-1.590922815763903042e+00,-3.173407706417287564e-03,3.277232669911828416e-03,5.864186457567604864e-03,2.269287763379632117e-03,-1.669478213625968266e+01,1.024750855926567539e+01
5.261420249938964844e+00,1.580475128997957057e+00,-7.860142660168003559e-01,-1.590864418701673833e+00,-3.157641208260924225e-03,3.249220652502327923e-03,5.821516130157910161e-03,2.269287763379632117e-03,-1.669478213625968266e+01,1.024750855926567539e+01
5.271962404251098633e+00,1.580443651355895707e+00,-7.859820385723707004e-01,-1.590806616198778167e+00,-3.138492056275315242e-03,3.202125912778871260e-03,5.748307632128010769e-03,3.480957713869338443e-03,-1.670281560944377830e+01,1.024337666555810245e+01
5.283561468124389648e+00,1.580412408667098534e+00,-7.859502439950781794e-01,-1.590749479308193548e+00,-3.111456416929634337e-03,3.161940226666618871e-03,5.687164613457295140e-03,3.480957713869331505e-03,-1.670281560944377830e+01,1.024337666555810245e+01
5.293445587158203125e+00,1.580381467627686165e+00,-7.859188804740580014e-01,-1.590693006283108613e+00,-3.078746439618620847e-03,3.116431787182384616e-03,5.616467172321077533e-03,4.064226745792924589e-03,-1.670665785034253048e+01,1.024135938567705040e+01
5.302446126937866211e+00,1.580350896022467699e+00,-7.858879349917342605e-01,-1.590637175260791070e+00,-3.038354385378980518e-03,3.077644813618107822e-03,5.557563002813408967e-03,4.064226745792931528e-03,-1.670665785034253048e+01,1.024135938567705040e+01
5.313073873519897461e+00,1.580320742822432400e+00,-7.858574694294924168e-01,-1.590582088194150590e+00,-2.995345501076697014e-03,3.022106777121187377e-03,5.470469118233069541e-03,5.126277992150471419e-03,-1.671392741126787129e+01,1.023757437432334427e+01
5.325682401657104492e+00,1.580291060832550887e+00,-7.858275232976656977e-01,-1.590527808749155003e+00,-2.944878699357604112e-03,2.973087733379996180e-03,5.394862449358743192e-03,5.126277992150471419e-03,-1.671392741126787485e+01,1.023757437432334427e+01
5.335127353668212891e+00,1.580261894058240246e+00,-7.857981510366203182e-01,-1.590474438372275090e+00,-2.892514325222992743e-03,2.908836343796896914e-03,5.291408636041111321e-03,6.093156593290668943e-03,-1.672077087623004843e+01,1.023394610645474501e+01
5.348654270172119141e+00,1.580233290582636618e+00,-7.857693866626112023e-01,-1.590422041252656848e+00,-2.832961920931824883e-03,2.850860557596979639e-03,5.199066543584159039e-03,6.093156593290668943e-03,-1.672077087623004843e+01,1.023394610645474501e+01
5.362775087356567383e+00,1.580205279246213568e+00,-7.857412855093890425e-01,-1.590370697422718527e+00,-2.774048220012876719e-03,2.777689005526590756e-03,5.083078707443702132e-03,6.886867405480945337e-03,-1.672717446498992189e+01,1.023063323432628735e+01
5.375010013580322266e+00,1.580177847359770515e+00,-7.857139931950963829e-01,-1.590320630036226479e+00,-2.716924156896888612e-03,2.690469538901266080e-03,4.945856980035303989e-03,7.554622213888306792e-03,-1.673309907762208226e+01,1.022757087661847031e+01
5.387992858886718750e+00,1.580151023568489022e+00,-7.856875409767837271e-01,-1.590271877528122157e+00,-2.653129201677546355e-03,2.609058564279177241e-03,4.819019429959465507e-03,7.554622213888313731e-03,-1.673309907762208226e+01,1.022757087661847031e+01
5.404119491577148438e+00,1.580124845036402270e+00,-7.856619265567316157e-01,-1.590224411460447129e+00,-2.588034578231976530e-03,2.523313596640990638e-03,4.688856957187265140e-03,7.816711983628044091e-03,-1.673585822200705309e+01,1.022620026469957999e+01
5.415576934814453125e+00,1.580099300760503755e+00,-7.856372369569660785e-01,-1.590178332747901990e+00,-2.526006433058990489e-03,2.425290069284520480e-03,4.543063430294894296e-03,8.293734654238008042e-03,-1.674086122872408211e+01,1.022367179158394990e+01
5.425853967666625977e+00,1.580074380327584516e+00,-7.856135469065191890e-01,-1.590133713206865362e+00,-2.463365203477293954e-03,2.323722633128301809e-03,4.396999293866292804e-03,8.458751848634135651e-03,-1.674313016976290314e+01,1.022259362634791913e+01
5.436488389968872070e+00,1.580050118500905709e+00,-7.855908447530254302e-01,-1.590090503277605372e+00,-2.394904590321752201e-03,2.227173359985770620e-03,4.260169093053330081e-03,8.458751848634135651e-03,-1.674313016976289958e+01,1.022259362634791913e+01
5.449053525924682617e+00,1.580026530102470295e+00,-7.855691557601943709e-01,-1.590048736947088814e+00,-2.328510815420630539e-03,2.121924844537383895e-03,4.109603142580152413e-03,8.831845964250850667e-03,-1.674713220131062386e+01,1.022048038927918689e+01
5.461163282394409180e+00,1.580003635306450382e+00,-7.855484938597286915e-01,-1.590008428551773045e+00,-2.256758766629156192e-03,2.021259713727700282e-03,3.967668592133828664e-03,8.831845964250850667e-03,-1.674713220131062386e+01,1.022048038927918689e+01
5.474861860275268555e+00,1.579981447069667810e+00,-7.855288758922890358e-01,-1.589969601376436170e+00,-2.187035192313068616e-03,1.913782662891183508e-03,3.814437529067408322e-03,9.109949216694751550e-03,-1.675046895232674515e+01,1.021869012397421983e+01
5.486059188842773438e+00,1.579959983127054546e+00,-7.855103097652235133e-01,-1.589932262186081413e+00,-2.112427971388866101e-03,1.810440495259853493e-03,3.669218931334771588e-03,9.109949216694758489e-03,-1.675046895232674515e+01,1.021869012397421983e+01
5.499934434890747070e+00,1.579939270508545324e+00,-7.854927829075498691e-01,-1.589896377107770098e+00,-2.036901210885633424e-03,1.706001552115031603e-03,3.523604401138484034e-03,9.201063123113854825e-03,-1.675190061199666758e+01,1.021793445698354041e+01
5.513873100280761719e+00,1.579919300448357156e+00,-7.854763244629290320e-01,-1.589861988592331299e+00,-1.963721462877173959e-03,1.597160359951626477e-03,3.370594123499560599e-03,9.330925758277479332e-03,-1.675429513689000771e+01,1.021662159698474781e+01
5.528480291366577148e+00,1.579900085292580192e+00,-7.854609352495786068e-01,-1.589829090973342351e+00,-1.886376900155223952e-03,1.491771843760268494e-03,3.224665363511629475e-03,9.330925758277479332e-03,-1.675429513689000771e+01,1.021662159698474781e+01
5.542391538619995117e+00,1.579881644887517034e+00,-7.854466019976492630e-01,-1.589797645881437571e+00,-1.808830766415971472e-03,1.385971729449563417e-03,3.079920055735603512e-03,9.343596614702749659e-03,-1.675527856818683148e+01,1.021610141617114031e+01
5.554821014404296875e+00,1.579863961527302241e+00,-7.854333413847948142e-01,-1.589767663601466818e+00,-1.734669184247367244e-03,1.277475653124292634e-03,2.932336156480114253e-03,9.308314171658151059e-03,-1.675680791199755859e+01,1.021526820769625488e+01
5.570064544677734375e+00,1.579847038925888514e+00,-7.854211503394554761e-01,-1.589739123020403211e+00,-1.657063109782874917e-03,1.171743701372928749e-03,2.790914128529005823e-03,9.308314171658144121e-03,-1.675680791199755859e+01,1.021526820769625488e+01
5.579216718673706055e+00,1.579830893469471365e+00,-7.854100121269589341e-01,-1.589711990622078908e+00,-1.579295217351930165e-03,1.066793516243933794e-03,2.650545470459850575e-03,9.276311168205736424e-03,-1.675737151569083494e+01,1.021490678508447125e+01
5.591855287551879883e+00,1.579815506491269561e+00,-7.853999252084905569e-01,-1.589686265418428723e+00,-1.505053577033529369e-03,9.614835955316113937e-04,2.509494631248083019e-03,9.123620080814423550e-03,-1.675809201819746974e+01,1.021444051670515840e+01
5.601851463317871094e+00,1.579800877179722507e+00,-7.853908797422567423e-01,-1.589661921476611228e+00,-1.428074065704905806e-03,8.582576281936839940e-04,2.373717787398535711e-03,9.123620080814423550e-03,-1.675809201819746974e+01,1.021444051670515663e+01
5.611489057540893555e+00,1.579787020641058470e+00,-7.853828540601935915e-01,-1.589638935583226109e+00,-1.350587312604161622e-03,7.572670029914090398e-04,2.237847235975715804e-03,9.067702019589479745e-03,-1.675826493682014373e+01,1.021418765100582426e+01
5.623445987701416016e+00,1.579773951705196522e+00,-7.853758290620828086e-01,-1.589617282295563649e+00,-1.270818607317658567e-03,6.579208301002743148e-04,2.106680048379790289e-03,9.067702019589479745e-03,-1.675826493682014373e+01,1.021418765100582249e+01
5.633370161056518555e+00,1.579761656229476063e+00,-7.853697738466216549e-01,-1.589596971306105111e+00,-1.195487617034520986e-03,5.628486270608588742e-04,1.969902173131926268e-03,8.753770259869245174e-03,-1.675807063323357937e+01,1.021385133899990905e+01
5.642848968505859375e+00,1.579750124382044874e+00,-7.853646624406470655e-01,-1.589578005091906832e+00,-1.118312824885226309e-03,4.690027615466708238e-04,1.837264301226851967e-03,8.753770259869238235e-03,-1.675807063323357937e+01,1.021385133899990905e+01
5.653698205947875977e+00,1.579739360130842263e+00,-7.853604754999308213e-01,-1.589560354194712977e+00,-1.041924465959306574e-03,3.776712830690044306e-04,1.706596143275873481e-03,8.600489888644480274e-03,-1.675778971889182500e+01,1.021386233334546567e+01
5.664325714111328125e+00,1.579729367757218617e+00,-7.853571971592445689e-01,-1.589543990030313436e+00,-9.641136467920202822e-04,2.871677072798103046e-04,1.579514402045828665e-03,8.600489888644480274e-03,-1.675778971889182500e+01,1.021386233334546745e+01
5.672494649887084961e+00,1.579720140449246246e+00,-7.853547940085305878e-01,-1.589528903409086036e+00,-8.887043402062125199e-04,2.020623235009532705e-04,1.451169507490306923e-03,8.296984309369981325e-03,-1.675694925245380063e+01,1.021393794850060033e+01
5.685227394104003906e+00,1.579711673007499817e+00,-7.853532392850774979e-01,-1.589515083246661797e+00,-8.122747685521222076e-04,1.174071204071459873e-04,1.325873728033257794e-03,8.296984309369974386e-03,-1.675694925245379707e+01,1.021393794850060033e+01
5.693648576736450195e+00,1.579703951591946431e+00,-7.853525000975841719e-01,-1.589502507721218816e+00,-7.391954225081728705e-04,3.836479755209287745e-05,1.202051528819681608e-03,7.908093302814875325e-03,-1.675575725337391120e+01,1.021424933340692576e+01
5.705456733703613281e+00,1.579696964642490542e+00,-7.853525506541612078e-01,-1.589491156317672349e+00,-6.654760123610903647e-04,-4.057952053591450808e-05,1.080754313899159229e-03,7.908093302814875325e-03,-1.675575725337391120e+01,1.021424933340692576e+01
5.715324878692626953e+00,1.579690694474631396e+00,-7.853533566513120068e-01,-1.589481001723002551e+00,-5.954946987904763444e-04,-1.133660263940247138e-04,9.623580597397922865e-04,7.463940611702114813e-03,-1.675425448426518926e+01,1.021473190283659171e+01
5.724767208099365234e+00,1.579685125820839531e+00,-7.853548916406983826e-01,-1.589472019774026634e+00,-5.252299881142532840e-04,-1.863809873168960872e-04,8.459823685784905421e-04,7.463940611702121752e-03,-1.675425448426518926e+01,1.021473190283659349e+01
5.735546588897705078e+00,1.579680237033768586e+00,-7.853571211986722922e-01,-1.589464176151047292e+00,-4.591320404537225196e-04,-2.529491938347851708e-04,7.341944745408298875e-04,6.969073351481572254e-03,-1.675248254676709081e+01,1.021538231942376918e+01
5.746231317520141602e+00,1.579675987170061635e+00,-7.853599775943324035e-01,-1.589457418751103468e+00,-3.970671938338471104e-04,-3.124751405234600481e-04,6.281278172229802850e-04,6.446155483456693369e-03,-1.675047876448799755e+01,1.021615728964396652e+01
5.754847764968872070e+00,1.579672357007060990e+00,-7.853634327567244888e-01,-1.589451714591151310e+00,-3.351965609155101731e-04,-3.726580861618099955e-04,5.233781756791107062e-04,6.446155483456693369e-03,-1.675047876448799755e+01,1.021615728964396652e+01
5.766224145889282227e+00,1.579669343798872694e+00,-7.853674939668484623e-01,-1.589447051715971337e+00,-2.736663652360076622e-04,-4.336275328621751884e-04,4.197250306716461283e-04,6.446155483456700308e-03,-1.675047876448799755e+01,1.021615728964396652e+01
5.775213956832885742e+00,1.579666918732277825e+00,-7.853721294419599985e-01,-1.589443379775482779e+00,-2.170953895176770318e-04,-4.881738908576950704e-04,3.243307752033432016e-04,5.871980637982165963e-03,-1.674830056374885601e+01,1.021711125210899063e+01
5.785274267196655273e+00,1.579665056074531559e+00,-7.853773159756916034e-01,-1.589440657887099206e+00,-1.611445885439751933e-04,-5.437552902772782755e-04,2.296138650153295869e-04,5.871980637982172901e-03,-1.674830056374885601e+01,1.021711125210899240e+01
5.794984579086303711e+00,1.579663726340251095e+00,-7.853830219866289042e-01,-1.589438833473473256e+00,-1.100463441006481723e-04,-5.927468611070713968e-04,1.439037865352793110e-04,5.288549779942579299e-03,-1.674597792859184153e+01,1.021815445497864161e+01
5.807387828826904297e+00,1.579662902882633668e+00,-7.853892247550504635e-01,-1.589437864376910703e+00,-5.982172725758113773e-05,-6.429983957297710946e-04,5.849100794888388057e-05,5.288549779942579299e-03,-1.674597792859184153e+01,1.021815445497864161e+01
5.818951606750488281e+00,1.579662555692278980e+00,-7.853958925360816634e-01,-1.589437695660841365e+00,-1.433756267396150963e-05,-6.864463476854939551e-04,-1.717499668748819278e-05,4.694495683168938005e-03,-1.674350821820443258e+01,1.021928581720059626e+01
5.829589605331420898e+00,1.579662634430482937e+00,-7.854029597282408126e-01,-1.589438215532061660e+00,2.587502422934645355e-05,-7.235311955291283924e-04,-8.048611582028961271e-05,4.061370341487874347e-03,-1.674091855272931895e+01,1.022056257594315731e+01
5.840027093887329102e+00,1.579663108823212925e+00,-7.854104061775089018e-01,-1.589439369370573507e+00,6.489737278324306182e-05,-7.621570901989432184e-04,-1.439729069699297384e-04,4.061370341487881286e-03,-1.674091855272931895e+01,1.022056257594315731e+01
5.849736928939819336e+00,1.579663946014571607e+00,-7.854182032203729236e-01,-1.589441088971284000e+00,9.892077671081767347e-05,-7.943097550532655579e-04,-1.949131378726272779e-04,3.435510124302661172e-03,-1.673825903949917304e+01,1.022187872698801669e+01
5.859868049621582031e+00,1.579665116032891836e+00,-7.854263310429830947e-01,-1.589443320178768326e+00,1.315858486461008022e-04,-8.281554343271407825e-04,-2.462703304838850891e-04,3.435510124302661172e-03,-1.673825903949917304e+01,1.022187872698801669e+01
5.869810819625854492e+00,1.579666589451993897e+00,-7.854347591819330621e-01,-1.589446002567550753e+00,1.600130790498109688e-04,-8.550762405403326306e-04,-2.862982574711910033e-04,2.844157375582453962e-03,-1.673557289815945737e+01,1.022316369020741966e+01
5.884672403335571289e+00,1.579668338949317130e+00,-7.854434665080933797e-01,-1.589449088519346631e+00,1.869408968018456438e-04,-8.838204029297750536e-04,-3.269359616711964376e-04,2.844157375582453962e-03,-1.673557289815945737e+01,1.022316369020741966e+01
5.897964000701904297e+00,1.579670336272240627e+00,-7.854524227008586879e-01,-1.589452520358900944e+00,2.099596538474305307e-04,-9.055590157652552118e-04,-3.565867733734556528e-04,2.269896104667934456e-03,-1.673287265179978434e+01,1.022444622734987973e+01
5.909173727035522461e+00,1.579672544556606439e+00,-7.854615862586750152e-01,-1.589456210113898482e+00,2.294758577732796323e-04,-9.254822991599442536e-04,-3.792290209923871065e-04,1.951684590945530762e-03,-1.673151946661619149e+01,1.022516410490632133e+01
5.919725656509399414e+00,1.579674938927192462e+00,-7.854709598701170581e-01,-1.589460130684737793e+00,2.473352315729795449e-04,-9.473797266201732480e-04,-4.026773351130290626e-04,1.951684590945530762e-03,-1.673151946661619149e+01,1.022516410490632133e+01
5.934138059616088867e+00,1.579677489570414206e+00,-7.854805167678006184e-01,-1.589464221492068008e+00,2.611304649881656900e-04,-9.627943744356416700e-04,-4.144500681563599142e-04,1.381408263138685089e-03,-1.672884548616941913e+01,1.022647201955297369e+01
5.943312406539916992e+00,1.579680168657821904e+00,-7.854902390791347333e-01,-1.589468434849151679e+00,2.731921113886814911e-04,-9.802628826584129131e-04,-4.271034562461941114e-04,1.381408263138685089e-03,-1.672884548616941913e+01,1.022647201955297369e+01
5.952915906906127930e+00,1.579682955547052847e+00,-7.855001216812347309e-01,-1.589472751970891995e+00,2.829191747046202023e-04,-9.951194116442994148e-04,-4.356203591832472251e-04,1.123540352464459874e-03,-1.672751460287985736e+01,1.022707611691052065e+01
5.963351249694824219e+00,1.579685829855752566e+00,-7.855101644968155439e-01,-1.589477159335840328e+00,2.908506412328126659e-04,-1.012098905919713281e-03,-4.450626691874274513e-04,1.123540352464466596e-03,-1.672751460287985736e+01,1.022707611691052065e+01
5.973086357116699219e+00,1.579688767030549501e+00,-7.855203384911390030e-01,-1.589481609551540497e+00,2.957878737176843488e-04,-1.022061549770410076e-03,-4.451297583616140117e-04,6.120803209829356328e-04,-1.672488507870000873e+01,1.022828364217731689e+01
5.984560489654541016e+00,1.579691743453695452e+00,-7.855306240842200305e-01,-1.589486065639346579e+00,2.988816787358868575e-04,-1.034204525016624732e-03,-4.461426838403993039e-04,6.120803209829286939e-04,-1.672488507870000873e+01,1.022828364217731689e+01
5.995520353317260742e+00,1.579694742351456904e+00,-7.855409869512010035e-01,-1.589490496084621451e+00,3.004348858822179823e-04,-1.038321725225825175e-03,-4.406510058049524590e-04,1.671917034304012950e-04,-1.672227245231433201e+01,1.022937334781550334e+01
6.008127212524414062e+00,1.579697746515500878e+00,-7.855514031624494242e-01,-1.589494876774061982e+00,3.001206758521106246e-04,-1.044653741814832205e-03,-4.360960798414754112e-04,1.671917034304082339e-04,-1.672227245231433201e+01,1.022937334781550156e+01
6.018221616744995117e+00,1.579700741707465772e+00,-7.855618379538940044e-01,-1.589499179590278199e+00,2.987464634770386649e-04,-1.042851900341042193e-03,-4.256617614500314214e-04,-2.509724062082149820e-04,-1.671969205305889972e+01,1.023042786278276317e+01
6.029102325439453125e+00,1.579703716941957214e+00,-7.855722126296931229e-01,-1.589503343382230094e+00,2.962445081798529395e-04,-1.033394170315320420e-03,-4.089175489515072589e-04,-6.596346137125175257e-04,-1.671718389830083140e+01,1.023147642901074761e+01
6.041864156723022461e+00,1.579706656994723124e+00,-7.855825048634051955e-01,-1.589507344548201084e+00,2.918980380939319424e-04,-1.026140167463768151e-03,-3.930438196226293535e-04,-6.596346137125177426e-04,-1.671718389830083140e+01,1.023147642901074761e+01
6.052051544189453125e+00,1.579709551717636495e+00,-7.855926819609134748e-01,-1.589511162856054982e+00,2.872164154081527235e-04,-1.011137801081700600e-03,-3.727788171461892969e-04,-1.011170743993629545e-03,-1.671481876127643673e+01,1.023240329683027383e+01
6.063640832901000977e+00,1.579712389743539225e+00,-7.856027209168677805e-01,-1.589514782917824887e+00,2.807430297386466229e-04,-9.982913595608686012e-04,-3.533082224136526936e-04,-1.011170743993642989e-03,-1.671481876127643673e+01,1.023240329683027383e+01
6.073528528213500977e+00,1.579715154804572252e+00,-7.856126194750985281e-01,-1.589518193479830144e+00,2.727779180592879139e-04,-9.832707425948762799e-04,-3.311412669322992552e-04,-1.195130072385131720e-03,-1.671370492221420889e+01,1.023287859442859116e+01
6.086161613464355469e+00,1.579717830686357960e+00,-7.856223793811938361e-01,-1.589521386296007588e+00,2.630853170175767195e-04,-9.703463802889934070e-04,-3.096807962221451854e-04,-1.195130072385128250e-03,-1.671370492221420889e+01,1.023287859442859116e+01
6.097763776779174805e+00,1.579720406692575407e+00,-7.856319743323599836e-01,-1.589524341698991705e+00,2.528619997897395538e-04,-9.509238363372882717e-04,-2.840659181737586070e-04,-1.507519633870406384e-03,-1.671164174624049537e+01,1.023369713719607432e+01
6.111577272415161133e+00,1.579722876634790385e+00,-7.856413438132885396e-01,-1.589527017903956008e+00,2.419494925361879252e-04,-9.258132554987742041e-04,-2.542515273637254315e-04,-1.798328447557749621e-03,-1.670975048273938768e+01,1.023446290604029763e+01
6.126327037811279297e+00,1.579725228614360377e+00,-7.856504730825805138e-01,-1.589529399011449406e+00,2.294380421892523031e-04,-9.026757010328267591e-04,-2.249816639992700297e-04,-1.798328447557756343e-03,-1.670975048273938768e+01,1.023446290604029763e+01
6.135925054550170898e+00,1.579727448374650622e+00,-7.856593628484197511e-01,-1.589531475185280929e+00,2.156427120618856306e-04,-8.780526759362438684e-04,-1.934776373949155526e-04,-1.941433301768699660e-03,-1.670887087754621803e+01,1.023483796709957616e+01
6.148416519165039062e+00,1.579729519939991444e+00,-7.856679867706740650e-01,-1.589533202043962090e+00,1.999940731546935623e-04,-8.498550974872821906e-04,-1.557308770906735019e-04,-2.234470628962412220e-03,-1.670728859654962761e+01,1.023558226069156163e+01
6.159912347793579102e+00,1.579731427100319330e+00,-7.856763387221649131e-01,-1.589534553352061508e+00,1.829149178094452563e-04,-8.234678555752959761e-04,-1.183207610155150285e-04,-2.234470628962415689e-03,-1.670728859654962761e+01,1.023558226069156341e+01
6.177094697952270508e+00,1.579733159815451149e+00,-7.856844055829479423e-01,-1.589535513846677350e+00,1.651810521792653602e-04,-7.932136382708737318e-04,-7.785973746996140143e-05,-2.443534540614262368e-03,-1.670592357043341991e+01,1.023612863282421159e+01
6.192236900329589844e+00,1.579734709589285524e+00,-7.856921655148942918e-01,-1.589536062876336198e+00,1.464388241992042839e-04,-7.621520004544996008e-04,-3.613939795987656037e-05,-2.537130022617888753e-03,-1.670531885988354048e+01,1.023636933606849908e+01
6.209207534790039062e+00,1.579736065102801845e+00,-7.856996238074325234e-01,-1.589536195238799188e+00,1.264635593709178022e-04,-7.327128279214943293e-04,5.496649332148613454e-06,-2.537130022617885283e-03,-1.670531885988354048e+01,1.023636933606849908e+01
6.219249248504638672e+00,1.579737209146173216e+00,-7.857067894524972784e-01,-1.589535889319093842e+00,1.043679923922548244e-04,-7.035813803065596797e-04,5.113226330363557920e-05,-2.675004716634125229e-03,-1.670476522826481158e+01,1.023669521349937561e+01
6.231904029846191406e+00,1.579738118137709257e+00,-7.857136590125385345e-01,-1.589535092643983960e+00,7.972007877786329059e-05,-6.735730475638558590e-04,1.030377061257616456e-04,-2.903252565618526237e-03,-1.670381848748434450e+01,1.023722640540613327e+01
6.241492271423339844e+00,1.579738774954848157e+00,-7.857202364200901457e-01,-1.589533775853748665e+00,5.404743147105391934e-05,-6.449972622410188490e-04,1.551524542919688245e-04,-2.903252565618526237e-03,-1.670381848748434450e+01,1.023722640540613327e+01
6.251628637313842773e+00,1.579739172401815939e+00,-7.857265246789395530e-01,-1.589531936242811971e+00,2.790480783765824074e-05,-6.157956611374079854e-04,2.075879504386353089e-04,-2.953102268963645610e-03,-1.670341710255426904e+01,1.023734888259968301e+01
6.262630939483642578e+00,1.579739303512550208e+00,-7.857325281692971730e-01,-1.589529570004663883e+00,8.800968429637613189e-07,-5.879026027762277590e-04,2.604532327035978274e-04,-2.953102268963649080e-03,-1.670341710255426904e+01,1.023734888259968301e+01
6.271228075027465820e+00,1.579739165287886049e+00,-7.857382396359989807e-01,-1.589526676652981196e+00,-2.596806589159207483e-05,-5.576196221173191150e-04,3.130553099985923515e-04,-3.029659645985231103e-03,-1.670274137544322102e+01,1.023752334304157152e+01
6.281605720520019531e+00,1.579738754460753070e+00,-7.857436548355789530e-01,-1.589523253785754431e+00,-5.355453731973472214e-05,-5.285203025236226773e-04,3.663095381647733708e-04,-3.029659645985231103e-03,-1.670274137544322102e+01,1.023752334304157330e+01
6.292644023895263672e+00,1.579738072397685045e+00,-7.857487652673644796e-01,-1.589519310165961707e+00,-8.028836257091696209e-05,-4.969067426149925866e-04,4.174366779729494614e-04,-3.056659205347530411e-03,-1.670221942517343905e+01,1.023756887705303065e+01
6.305237531661987305e+00,1.579737119684566649e+00,-7.857535654121586832e-01,-1.589514850567085080e+00,-1.076131611170370850e-04,-4.663465676253589036e-04,4.694360696238198891e-04,-3.056659205347537350e-03,-1.670221942517343905e+01,1.023756887705303065e+01
6.319654941558837891e+00,1.579735902902451139e+00,-7.857580448670593576e-01,-1.589509894839454818e+00,-1.332577926027484231e-04,-4.330328239328428211e-04,5.171120965746086803e-04,-3.027168301728049016e-03,-1.670185473337606652e+01,1.023747158897533005e+01
6.333191156387329102e+00,1.579734434173331703e+00,-7.857621828412160170e-01,-1.589504479010574567e+00,-1.580728651075582764e-04,-3.981911682078231006e-04,5.617738163085602473e-04,-3.009017484552931748e-03,-1.670165073591822136e+01,1.023737275568852922e+01
6.342393159866333008e+00,1.579732715230151685e+00,-7.857659770894895868e-01,-1.589498610171287352e+00,-1.832515763644918568e-04,-3.641913090812313493e-04,6.076122611358171759e-04,-3.009017484552928279e-03,-1.670165073591822491e+01,1.023737275568852922e+01
6.354961633682250977e+00,1.579730743527934633e+00,-7.857694324843499389e-01,-1.589492282742086315e+00,-2.085955662816129687e-04,-3.303887752119146620e-04,6.535025775848708057e-04,-3.010478398401367911e-03,-1.670161342441788932e+01,1.023733608897855696e+01
6.367458581924438477e+00,1.579728517162074741e+00,-7.857725537440467534e-01,-1.589485488953938042e+00,-2.341506757863307301e-04,-2.972827993352046387e-04,7.007632307059323030e-04,-3.010478398401360972e-03,-1.670161342441788932e+01,1.023733608897855696e+01
6.380138158798217773e+00,1.579726040369056062e+00,-7.857753400732582216e-01,-1.589478242017117848e+00,-2.587628539847823040e-04,-2.634623030250892936e-04,7.445004845332977520e-04,-2.951042029874315770e-03,-1.670169148265403081e+01,1.023711597694604514e+01
6.389948129653930664e+00,1.579723319479992227e+00,-7.857777899506369623e-01,-1.589470573761260663e+00,-2.829955959868552689e-04,-2.299497448027716662e-04,7.853323016518986861e-04,-2.888565166921625016e-03,-1.670194214602694061e+01,1.023686385590392156e+01
6.404868364334106445e+00,1.579720356274024962e+00,-7.857799074088736013e-01,-1.589462488192688872e+00,-3.072154461377754370e-04,-1.969185862481549754e-04,8.278126795867662372e-04,-2.888565166921628485e-03,-1.670194214602694061e+01,1.023686385590391978e+01
6.419255256652832031e+00,1.579717155294189990e+00,-7.857816970982888227e-01,-1.589454001263324923e+00,-3.306200426908379548e-04,-1.643392103049482605e-04,8.660434656473092740e-04,-2.784283459367514757e-03,-1.670236087096411737e+01,1.023650073723856657e+01
6.432522058486938477e+00,1.579713717728042477e+00,-7.857831686035537944e-01,-1.589445127983914352e+00,-3.544760924402861105e-04,-1.331331613521964836e-04,9.050214188066924449e-04,-2.764225463295463120e-03,-1.670262371761096887e+01,1.023637838073118544e+01
6.442269325256347656e+00,1.579710042783407653e+00,-7.857843296105880837e-01,-1.589435854537598170e+00,-3.781069035156628551e-04,-1.022011861281347210e-04,9.459006281739509598e-04,-2.764225463295459650e-03,-1.670262371761096887e+01,1.023637838073118544e+01
6.452233314514160156e+00,1.579706131251213952e+00,-7.857851876125275803e-01,-1.589426171596803439e+00,-4.017782909402146160e-04,-7.240757646154042174e-05,9.869205045519792614e-04,-2.725804801853828202e-03,-1.670292486442575353e+01,1.023621388613187300e+01
6.465423107147216797e+00,1.579701984938762793e+00,-7.857857485228958438e-01,-1.589416067122601639e+00,-4.250879522825309247e-04,-4.275797206868860167e-05,1.030014538896876879e-03,-2.725804801853824733e-03,-1.670292486442575353e+01,1.023621388613187477e+01
6.478904962539672852e+00,1.579697608917102647e+00,-7.857860213432852348e-01,-1.589405553771209290e+00,-4.477718320196767536e-04,-1.462744967921456724e-05,1.069110086090848712e-03,-2.594283138083630647e-03,-1.670362851388378544e+01,1.023575693768544070e+01
6.491740942001342773e+00,1.579693008711521296e+00,-7.857860234313210901e-01,-1.589394673672170466e+00,-4.699638319761792471e-04,1.158947475751216649e-05,1.103815878576187457e-03,-2.450441023333371077e-03,-1.670445066736595408e+01,1.023524520708520491e+01
6.501457214355468750e+00,1.579688189574488977e+00,-7.857857631979233703e-01,-1.589383433813349233e+00,-4.916035838508236609e-04,3.784249079785608622e-05,1.140842458735827738e-03,-2.450441023333367607e-03,-1.670445066736595408e+01,1.023524520708520491e+01
6.513533830642700195e+00,1.579683155694863173e+00,-7.857852470608126527e-01,-1.589371826934403931e+00,-5.129336407219230306e-04,6.289894490869212332e-05,1.177290540353800874e-03,-2.384571357367689520e-03,-1.670490060600719318e+01,1.023499088361585763e+01
6.528523445129394531e+00,1.579677912149502372e+00,-7.857844796004337384e-01,-1.589359842022793456e+00,-5.335940765691728508e-04,8.810141801435635370e-05,1.216214528408721476e-03,-2.384571357367689520e-03,-1.670490060600719318e+01,1.023499088361585940e+01
6.544325590133666992e+00,1.579672466632016992e+00,-7.857834708832382997e-01,-1.589347497772107376e+00,-5.534038700419154121e-04,1.113538935913916533e-04,1.249713448839244153e-03,-2.210134720886738208e-03,-1.670586734859376321e+01,1.023438215249831806e+01
6.553403377532958984e+00,1.579666822511054614e+00,-7.857822455196536993e-01,-1.589334840236274804e+00,-5.732980781130699120e-04,1.317264207911939683e-04,1.279276141916962104e-03,-2.064118503061648097e-03,-1.670691254153274485e+01,1.023380518548470164e+01
6.564268112182617188e+00,1.579660983966536758e+00,-7.857808148515228464e-01,-1.589321872326790563e+00,-5.923635893229761001e-04,1.523926734367676145e-04,1.311529849868500524e-03,-2.064118503061651566e-03,-1.670691254153274485e+01,1.023380518548470164e+01
6.573466062545776367e+00,1.579654953955934138e+00,-7.857791872461916682e-01,-1.589308579202649341e+00,-6.115694621050300891e-04,1.712970507568327069e-04,1.344280674503420779e-03,-2.011589631521589622e-03,-1.670746054640934375e+01,1.023354903084542045e+01
6.583412170410156250e+00,1.579648736925633790e+00,-7.857773685488355087e-01,-1.589294943074290423e+00,-6.298521068242784538e-04,1.905799697469430856e-04,1.379859769123813673e-03,-2.011589631521589622e-03,-1.670746054640934375e+01,1.023354903084541867e+01
6.595529317855834961e+00,1.579642345549632676e+00,-7.857753661990488636e-01,-1.589280994028435368e+00,-6.465860931978443995e-04,2.082003504327045208e-04,1.407653689350775493e-03,-1.786984090288910171e-03,-1.670860313025968225e+01,1.023278033542822030e+01
6.608105659484863281e+00,1.579635792368334846e+00,-7.857731851589755401e-01,-1.589266750803926875e+00,-6.623074074120277252e-04,2.262785440431710864e-04,1.438409516413982625e-03,-1.786984090288910171e-03,-1.670860313025968225e+01,1.023278033542822030e+01
6.616218805313110352e+00,1.579629091804438223e+00,-7.857708313188915827e-01,-1.589252248170326398e+00,-6.762352942065010322e-04,2.429110873122955830e-04,1.460419268152466504e-03,-1.547579448227018317e-03,-1.670979160371566152e+01,1.023195502031052229e+01
6.630487442016601562e+00,1.579622256772820199e+00,-7.857683232475607404e-01,-1.589237565716445477e+00,-6.892833862982125550e-04,2.573497028325725557e-04,1.475111673950205192e-03,-1.341572630078911865e-03,-1.671102110997664525e+01,1.023117147038968255e+01
6.641445636749267578e+00,1.579615297414090458e+00,-7.857656677172940585e-01,-1.589222719294344000e+00,-7.012079112841800846e-04,2.723517105059206946e-04,1.492908187505954812e-03,-1.341572630078911865e-03,-1.671102110997664525e+01,1.023117147038968255e+01
6.651665925979614258e+00,1.579608223158715186e+00,-7.857628749655566347e-01,-1.589207734993398846e+00,-7.123374502704230048e-04,2.850311675936189303e-04,1.503420746119451916e-03,-1.135367844734360343e-03,-1.671228770422662180e+01,1.023037521523638382e+01
6.662662982940673828e+00,1.579601044083392081e+00,-7.857599520173369489e-01,-1.589192628186422818e+00,-7.222856588044915651e-04,2.983332990557064322e-04,1.517097245379434673e-03,-1.135367844734353621e-03,-1.671228770422662180e+01,1.023037521523638382e+01
6.673449277877807617e+00,1.579593770257951668e+00,-7.857569014790920514e-01,-1.589177393851750386e+00,-7.313695211507523783e-04,3.106520357415241268e-04,1.529098307381514558e-03,-1.037736182618598235e-03,-1.671292973360273137e+01,1.022998795708358166e+01
6.682745218276977539e+00,1.579586412361739800e+00,-7.857537240501946130e-01,-1.589162021829106486e+00,-7.392188584081033163e-04,3.236481365963758683e-04,1.544317772219572053e-03,-1.037736182618598235e-03,-1.671292973360273137e+01,1.022998795708358344e+01
6.693422317504882812e+00,1.579578980872925476e+00,-7.857504296996198345e-01,-1.589146536890799544e+00,-7.461734844015265261e-04,3.342772676932790135e-04,1.552399272674681325e-03,-8.265842293036229638e-04,-1.671422611688199567e+01,1.022918408675544555e+01
6.704237699508666992e+00,1.579571486878108555e+00,-7.857470250733006312e-01,-1.589130953182310568e+00,-7.518447382886745464e-04,3.456343422741205498e-04,1.563748460814837465e-03,-8.265842293036229638e-04,-1.671422611688199567e+01,1.022918408675544555e+01
6.712953805923461914e+00,1.579563941586051401e+00,-7.857435193574353605e-01,-1.589115297965328910e+00,-7.565284093273627131e-04,3.547254138555901680e-04,1.567466672251741251e-03,-6.090659281813570747e-04,-1.671554719979037174e+01,1.022835168852945387e+01
6.724281311035156250e+00,1.579556356720113408e+00,-7.857399185031718192e-01,-1.589099587427871718e+00,-7.598889188314467049e-04,3.645881643639168994e-04,1.574484505607890317e-03,-6.090659281813501358e-04,-1.671554719979037174e+01,1.022835168852945387e+01
6.735514640808105469e+00,1.579548740303956089e+00,-7.857362339733043877e-01,-1.589083843227737880e+00,-7.628735184317336987e-04,3.717351376682884352e-04,1.574864285880436766e-03,-4.162033439495775589e-04,-1.671688526137077702e+01,1.022755220165421619e+01
6.747228384017944336e+00,1.579541101476844567e+00,-7.857324735428270479e-01,-1.589068076998794377e+00,-7.645043475357249678e-04,3.796901137200045691e-04,1.578559480428474125e-03,-4.162033439495810283e-04,-1.671688526137077702e+01,1.022755220165421619e+01
6.757787466049194336e+00,1.579533448276565055e+00,-7.857286482281804485e-01,-1.589052311700161590e+00,-7.657817398668553821e-04,3.849807637584246045e-04,1.575367058402123025e-03,-2.235565021512474215e-04,-1.671823407432297870e+01,1.022673927590503418e+01
6.767746210098266602e+00,1.579525778772841615e+00,-7.857247888367286937e-01,-1.589036605002100089e+00,-7.677004155636369537e-04,3.868489935782964267e-04,1.567322607328191326e-03,-7.472774489869493664e-05,-1.671957673625002627e+01,1.022600844082636584e+01
6.776817083358764648e+00,1.579518097639646790e+00,-7.857209061450545207e-01,-1.589020960589562659e+00,-7.682449638625907197e-04,3.895575415019184029e-04,1.562577809631782730e-03,-7.472774489869146719e-05,-1.671957673625002627e+01,1.022600844082636762e+01
6.786905527114868164e+00,1.579510410850321733e+00,-7.857170120200805963e-01,-1.589005396774375800e+00,-7.688280700216198419e-04,3.894206652771264876e-04,1.551803388143095609e-03,9.569718437201987782e-05,-1.672089620308683422e+01,1.022523948739588384e+01
6.801641225814819336e+00,1.579502725771821270e+00,-7.857131146130574839e-01,-1.588989922718551107e+00,-7.680405262853102523e-04,3.901294433992651307e-04,1.544296089923714865e-03,9.569718437202681671e-05,-1.672089620308683422e+01,1.022523948739588384e+01
6.811362028121948242e+00,1.579495048836374815e+00,-7.857092249398845984e-01,-1.588974554912582660e+00,-7.672052308312923103e-04,3.881431853381984293e-04,1.531116988793750772e-03,2.608460210490048947e-04,-1.672216246546277674e+01,1.022450234916150258e+01
6.821893453598022461e+00,1.579487387732551928e+00,-7.857053504913047437e-01,-1.588959301147382153e+00,-7.650113975031440187e-04,3.869996559074358536e-04,1.521161585931421045e-03,2.608460210490048947e-04,-1.672216246546277674e+01,1.022450234916150258e+01
6.831742763519287109e+00,1.579479746226034820e+00,-7.857014975705360893e-01,-1.588944138872907308e+00,-7.632443677209672277e-04,3.840204467283059309e-04,1.512669340720615473e-03,2.912353087833606286e-04,-1.672277000688024629e+01,1.022424849886506770e+01
6.841256380081176758e+00,1.579472129782431455e+00,-7.856976698525204306e-01,-1.588929043990678469e+00,-7.601343459863154272e-04,3.818748108428212003e-04,1.507362256513893398e-03,2.912353087833606286e-04,-1.672277000688024629e+01,1.022424849886506770e+01
6.852547168731689453e+00,1.579464543966598411e+00,-7.856938780150680701e-01,-1.588914028044059457e+00,-7.571116079005093180e-04,3.771054989695024097e-04,1.497350052948619604e-03,4.363048046424067294e-04,-1.672394685838902717e+01,1.022357967357208253e+01
6.862414598464965820e+00,1.579456995672017472e+00,-7.856901293600994096e-01,-1.588899094863566175e+00,-7.527643720197851537e-04,3.731548751477404072e-04,1.490490832367738884e-03,4.363048046423997905e-04,-1.672394685838902717e+01,1.022357967357208253e+01
6.873983621597290039e+00,1.579449490402561329e+00,-7.856864331671594703e-01,-1.588884256568990461e+00,-7.485003500970344040e-04,3.668470226797517462e-04,1.478847998659614353e-03,5.726190649411044831e-04,-1.672506757897139096e+01,1.022292627817566135e+01
6.888634443283081055e+00,1.579442034930430117e+00,-7.856827956605816343e-01,-1.588869517557955691e+00,-7.429371860764463981e-04,3.613358213519790064e-04,1.470319240095914817e-03,5.726190649411112051e-04,-1.672506757897139096e+01,1.022292627817566313e+01
6.899163961410522461e+00,1.579434632328761801e+00,-7.856792264551177851e-01,-1.588854886050660165e+00,-7.378784231025594699e-04,3.534244622124512250e-04,1.457747833199913266e-03,6.814596447471815699e-04,-1.672612735688866081e+01,1.022232223242074767e+01
6.909471035003662109e+00,1.579427271283627698e+00,-7.856757531441225240e-01,-1.588840388674327420e+00,-7.344648953627301319e-04,3.424590146907584114e-04,1.443641858252285061e-03,7.301331521194776020e-04,-1.672711718662269931e+01,1.022183906376923623e+01
6.918606758117675781e+00,1.579419951230567110e+00,-7.856723853743313724e-01,-1.588826015616624732e+00,-7.298081268332345375e-04,3.322380134152913382e-04,1.432575765595733028e-03,7.301331521194776020e-04,-1.672711718662269931e+01,1.022183906376923623e+01
6.929044485092163086e+00,1.579412676107364799e+00,-7.856691287386303735e-01,-1.588811777454625318e+00,-7.254527441117014207e-04,3.203909271426727892e-04,1.417099138525538052e-03,8.245282331131725817e-04,-1.672802973107766178e+01,1.022126861200379722e+01
6.937264680862426758e+00,1.579405451132312566e+00,-7.856659867189184077e-01,-1.588797677622962423e+00,-7.199021599527048558e-04,3.092410157590629212e-04,1.404606461496487159e-03,8.245282331131727985e-04,-1.672802973107766178e+01,1.022126861200379722e+01
6.948707342147827148e+00,1.579398282689765454e+00,-7.856629612783692096e-01,-1.588783730482989487e+00,-7.141687748753422190e-04,2.971637449049342045e-04,1.387060853222347231e-03,9.242046519300076753e-04,-1.672884232289376527e+01,1.022070575872906950e+01
6.961457967758178711e+00,1.579391177892882858e+00,-7.856600530289543638e-01,-1.588769942707716654e+00,-7.072917659484453771e-04,2.857338746053788257e-04,1.372435884755806787e-03,9.242046519300078922e-04,-1.672884232289376527e+01,1.022070575872906950e+01
6.972099542617797852e+00,1.579384141951635012e+00,-7.856572634796330501e-01,-1.588756324798630937e+00,-7.004032467390852680e-04,2.734999618181810539e-04,1.353511691429587797e-03,1.002462720510473304e-03,-1.672956148290220568e+01,1.022020368831240944e+01
6.984727144241333008e+00,1.579377180911431200e+00,-7.856545929666791661e-01,-1.588742880426442516e+00,-6.924250600238347373e-04,2.618626971051477709e-04,1.337437445066896229e-03,1.002462720510466365e-03,-1.672956148290220568e+01,1.022020368831240944e+01
6.996012687683105469e+00,1.579370299463873417e+00,-7.856520416096175463e-01,-1.588729593320162836e+00,-6.844852608002598366e-04,2.497155634744547756e-04,1.321990321915376618e-03,1.012420524707118019e-03,-1.672988810267727544e+01,1.022001790957155976e+01
7.009005784988403320e+00,1.579363494496986320e+00,-7.856496167463713487e-01,-1.588716475243834081e+00,-6.770801096528364415e-04,2.366512107679690988e-04,1.303890847588659021e-03,1.049511925175411475e-03,-1.673048541171450054e+01,1.021962188248023296e+01
7.021373987197875977e+00,1.579356769143370309e+00,-7.856473196570548101e-01,-1.588703523033503373e+00,-6.686680039663889328e-04,2.241044749100901297e-04,1.288536779858543259e-03,1.049511925175411475e-03,-1.673048541171450054e+01,1.021962188248023118e+01
7.033272266387939453e+00,1.579350123735227651e+00,-7.856451526761119020e-01,-1.588690735712844360e+00,-6.610193795614708982e-04,2.107097595045251404e-04,1.271114069734256401e-03,1.066232718921457379e-03,-1.673100842044236813e+01,1.021927421918988443e+01
7.047063589096069336e+00,1.579343560060820550e+00,-7.856431170779654138e-01,-1.588678107871569489e+00,-6.524209786053559480e-04,1.977770509100896211e-04,1.256367688544939585e-03,1.066232718921464317e-03,-1.673100842044236813e+01,1.021927421918988443e+01
7.058433771133422852e+00,1.579337082329092867e+00,-7.856412118136706368e-01,-1.588665624711341984e+00,-6.438342542820990957e-04,1.846571103565242296e-04,1.242122682387470766e-03,1.066998670202282118e-03,-1.673124176964126519e+01,1.021911867716440270e+01
7.069155931472778320e+00,1.579330683457687012e+00,-7.856394427385497981e-01,-1.588653287847218820e+00,-6.365258130689774698e-04,1.706255872502781233e-04,1.227173774319094759e-03,1.045413447994664180e-03,-1.673165087143618734e+01,1.021886321050343760e+01
7.079885005950927734e+00,1.579324362450115871e+00,-7.856378118853836190e-01,-1.588641086238120392e+00,-6.283526844479560931e-04,1.569702086784527557e-04,1.214808564772735903e-03,1.045413447994663963e-03,-1.673165087143618734e+01,1.021886321050343938e+01
7.090225934982299805e+00,1.579318122313378314e+00,-7.856363157848459400e-01,-1.588629026317648796e+00,-6.203402389867085018e-04,1.436379915399133879e-04,1.199159544764234579e-03,1.062219259852309472e-03,-1.673199315687681832e+01,1.021852908280646588e+01
7.101133823394775391e+00,1.579311966768971232e+00,-7.856349512320867090e-01,-1.588617108977170789e+00,-6.115196431360901035e-04,1.306241539383084724e-04,1.186035110936202929e-03,1.062219259852309472e-03,-1.673199315687681832e+01,1.021852908280646588e+01
7.113996744155883789e+00,1.579305899146348002e+00,-7.856337130949342384e-01,-1.588605341990223963e+00,-6.027548192993793666e-04,1.182831204744050346e-04,1.169431567600303420e-03,1.073475684152065679e-03,-1.673226473350029408e+01,1.021821124796297120e+01
7.125743389129638672e+00,1.579299923337790901e+00,-7.856325968940862658e-01,-1.588593727471725670e+00,-5.932366035924642282e-04,1.062061622028975631e-04,1.155289895523412035e-03,1.073475684152065679e-03,-1.673226473350029408e+01,1.021821124796297120e+01
7.137244462966918945e+00,1.579294043952643722e+00,-7.856315989836933911e-01,-1.588582255998401971e+00,-5.834965719307251900e-04,9.457614714689522445e-05,1.140847620473271458e-03,1.071303678094222278e-03,-1.673237725571447854e+01,1.021806945647738374e+01
7.148905515670776367e+00,1.579288257406347373e+00,-7.856307156890577348e-01,-1.588570938136846911e+00,-5.745897438555472780e-04,8.324870113297954191e-05,1.124729778059236707e-03,1.037707266246162613e-03,-1.673256297429309924e+01,1.021785238684644526e+01
7.159245491027832031e+00,1.579282563667018691e+00,-7.856299446095680317e-01,-1.588559768405940043e+00,-5.650069203159688910e-04,7.211024106094920949e-05,1.110979543153377529e-03,1.037707266246162829e-03,-1.673256297429309924e+01,1.021785238684644526e+01
7.168840408325195312e+00,1.579276961783329991e+00,-7.856292817854574340e-01,-1.588548747115367421e+00,-5.561500456352732767e-04,6.153724597097618917e-05,1.095235915026587662e-03,1.003246128864487829e-03,-1.673270550725612082e+01,1.021763848804467045e+01
7.180144071578979492e+00,1.579271451937440673e+00,-7.856287238893062685e-01,-1.588537870555946530e+00,-5.466660002576429877e-04,5.110668556054798195e-05,1.081797703205777256e-03,1.003246128864487829e-03,-1.673270550725612082e+01,1.021763848804467045e+01
7.190369367599487305e+00,1.579266036183769151e+00,-7.856282637458991136e-01,-1.588527146490721131e+00,-5.373214382577802192e-04,4.186439600662719349e-05,1.065061608835133093e-03,9.893100351808445381e-04,-1.673281080961574929e+01,1.021738715023327693e+01
7.199553728103637695e+00,1.579260717090961608e+00,-7.856278954578189699e-01,-1.588516577429507581e+00,-5.273956138176833690e-04,3.272233578915408059e-05,1.050567299750153599e-03,9.893100351808445381e-04,-1.673281080961574929e+01,1.021738715023327693e+01
7.209904670715332031e+00,1.579255494156887707e+00,-7.856276135320495735e-01,-1.588506165894087552e+00,-5.180365415405777194e-04,2.449717219212520225e-05,1.033780277783790530e-03,9.530727680005374181e-04,-1.673288207854685794e+01,1.021718825733322689e+01
7.223483562469482422e+00,1.579250367792288001e+00,-7.856274134973370016e-01,-1.588495910234445363e+00,-5.081389728331251387e-04,1.633492268823723975e-05,1.019169107780533738e-03,9.530727680005306960e-04,-1.673288207854686149e+01,1.021718825733322689e+01
7.233892440795898438e+00,1.579245338565425927e+00,-7.856272886914658082e-01,-1.588485815903763587e+00,-4.985785444699797992e-04,9.332714266455793828e-06,1.001786102313464294e-03,9.245437481129603619e-04,-1.673293133892804008e+01,1.021697987428651366e+01
7.247249841690063477e+00,1.579240407702452220e+00,-7.856272337286664964e-01,-1.588475883778454945e+00,-4.885192219269557379e-04,2.360792453441271088e-06,9.865115217306409234e-04,9.245437481129605787e-04,-1.673293133892804008e+01,1.021697987428651366e+01
7.256848335266113281e+00,1.579235573291262185e+00,-7.856272490342574022e-01,-1.588466096006474926e+00,-4.792156161994835404e-04,-4.713245930624762603e-06,9.727582628214319349e-04,8.740245032196371222e-04,-1.673294589765754026e+01,1.021695349738870640e+01
7.270516633987426758e+00,1.579230823883384982e+00,-7.856273339067149086e-01,-1.588456446335572148e+00,-4.713751715181130320e-04,-1.157616266542899064e-05,9.588972781089104714e-04,7.951837665943831124e-04,-1.673296851054838541e+01,1.021686170121453863e+01
7.284372568130493164e+00,1.579226155341002302e+00,-7.856274874770873273e-01,-1.588446924152742801e+00,-4.630898359072119089e-04,-1.845379641598034540e-05,9.470543765397276912e-04,7.951837665943831124e-04,-1.673296851054838541e+01,1.021686170121453863e+01
7.298822641372680664e+00,1.579221569422676330e+00,-7.856277069704976634e-01,-1.588437521352496384e+00,-4.548486354733877711e-04,-2.481478033428867816e-05,9.350343273728562062e-04,7.759153466331619124e-04,-1.673297538840082410e+01,1.021677424994702577e+01
7.311476945877075195e+00,1.579217053304894591e+00,-7.856279925374750617e-01,-1.588428228522848595e+00,-4.489028017711867613e-04,-3.162583581485089307e-05,9.248707549378613023e-04,6.584604520333339761e-04,-1.673296800576893872e+01,1.021677185653430975e+01
7.322060346603393555e+00,1.579212598839041526e+00,-7.856283465207606342e-01,-1.588419026607826412e+00,-4.425604330419559093e-04,-3.849468415001401286e-05,9.166535702437206452e-04,6.584604520333339761e-04,-1.673296800576893872e+01,1.021677185653430975e+01
7.333169937133789062e+00,1.579208201696616021e+00,-7.856287712225025199e-01,-1.588409894629636998e+00,-4.373294010088011165e-04,-4.573488404134616950e-05,9.106586878693495417e-04,5.924884926927602435e-04,-1.673295685976798453e+01,1.021678663319017133e+01
7.343974828720092773e+00,1.579203858895686929e+00,-7.856292687974911759e-01,-1.588400812051125932e+00,-4.317311690365012444e-04,-5.306310161844489046e-05,9.065802387020556637e-04,5.924884926927637130e-04,-1.673295685976798453e+01,1.021678663319017133e+01
7.355368852615356445e+00,1.579199564006773748e+00,-7.856298378797224036e-01,-1.588391769988871438e+00,-4.276022688288442391e-04,-6.007089781254019989e-05,9.025492720841732201e-04,5.075678391227474162e-04,-1.673291965264236936e+01,1.021672467932835104e+01
7.367481708526611328e+00,1.579195312289894737e+00,-7.856304776799761802e-01,-1.588382757784832844e+00,-4.231329104213428071e-04,-6.719733246244880692e-05,9.004175930794457248e-04,5.075678391227543551e-04,-1.673291965264236936e+01,1.021672467932835104e+01
7.379403114318847656e+00,1.579191100581103235e+00,-7.856311833414695300e-01,-1.588373774699219698e+00,-4.195172494333051757e-04,-7.334350488496935508e-05,8.968665282536626704e-04,4.450603337400327320e-04,-1.673285432594148148e+01,1.021661422502267413e+01
7.392461061477661133e+00,1.579186919099579756e+00,-7.856319453205725667e-01,-1.588364832447341168e+00,-4.169812975441323697e-04,-7.855620196579957831e-05,8.923463481300599603e-04,3.680913306556878040e-04,-1.673275882244984558e+01,1.021653094831099295e+01
7.406274318695068359e+00,1.579182764669545991e+00,-7.856327602868515836e-01,-1.588355925063806406e+00,-4.141392382090259639e-04,-8.392699789075939998e-05,8.897038470453858070e-04,3.680913306556878040e-04,-1.673275882244984558e+01,1.021653094831099473e+01
7.417752504348754883e+00,1.579178636690288240e+00,-7.856336265366613558e-01,-1.588347042080153093e+00,-4.116567350516077872e-04,-8.885863784060480525e-05,8.874287712030478215e-04,3.300206594566214052e-04,-1.673270314271431758e+01,1.021648872617442372e+01
7.429765224456787109e+00,1.579174525573182830e+00,-7.856345386444608669e-01,-1.588338181373819769e+00,-4.106232911427025998e-04,-9.316295407042502613e-05,8.852390661320734631e-04,2.343417529481472972e-04,-1.673258358917763644e+01,1.021645498281653630e+01
7.441753625869750977e+00,1.579170426333615262e+00,-7.856354948288231110e-01,-1.588329332317726772e+00,-4.093104259547616116e-04,-9.765657062461548590e-05,8.849120204831059482e-04,2.343417529481507666e-04,-1.673258358917763644e+01,1.021645498281653630e+01
7.452880620956420898e+00,1.579166336497420220e+00,-7.856364890436322579e-01,-1.588320494847915931e+00,-4.086758844279277580e-04,-1.008958369737096745e-04,8.830726586508475581e-04,1.714088390916551630e-04,-1.673245942547884013e+01,1.021636014008083215e+01
7.467970848083496094e+00,1.579162254474762328e+00,-7.856375167771183499e-01,-1.588311665550794061e+00,-4.077752762002969864e-04,-1.043409047319903554e-04,8.830913618685237720e-04,1.714088390916516935e-04,-1.673245942547884013e+01,1.021636014008083215e+01
7.478092193603515625e+00,1.579158180340904938e+00,-7.856385761498583253e-01,-1.588302834861012869e+00,-4.070785619084413883e-04,-1.072758240582513158e-04,8.833293091061614286e-04,1.400560083698910996e-04,-1.673239534347574420e+01,1.021631522810676529e+01
7.489104032516479492e+00,1.579154107856193257e+00,-7.856396598681474330e-01,-1.588294004953497041e+00,-4.073493507253237215e-04,-1.093017822383899641e-04,8.829923772748723455e-04,6.512826587984008042e-05,-1.673226905780597562e+01,1.021625798406644492e+01
7.498892784118652344e+00,1.579150034055749385e+00,-7.856407650727877945e-01,-1.588285168197954178e+00,-4.073674882158829819e-04,-1.115514746264354741e-04,8.845133348799128284e-04,6.512826587983677360e-05,-1.673226905780597917e+01,1.021625798406644492e+01
7.514877319335937500e+00,1.579145960760740763e+00,-7.856418829639605361e-01,-1.588276332651275879e+00,-4.072610715806537470e-04,-1.120178911755641792e-04,8.830491256473671936e-04,3.875698570153518485e-05,-1.673215234798144735e+01,1.021610310269493027e+01
7.524215459823608398e+00,1.579141889896872764e+00,-7.856430067806667861e-01,-1.588267501526746006e+00,-4.069062921221265204e-04,-1.127138376871205869e-04,8.834429250894058113e-04,3.875698570153171540e-05,-1.673215234798144735e+01,1.021610310269493027e+01
7.535431146621704102e+00,1.579137824538884294e+00,-7.856441326290075633e-01,-1.588258671547961187e+00,-4.061955606276855340e-04,-1.125138952257544872e-04,8.829123876653607698e-04,3.357445192136293555e-05,-1.673209796260829307e+01,1.021601031825347050e+01
7.548013210296630859e+00,1.579133767649248732e+00,-7.856452577464665410e-01,-1.588249836657540603e+00,-4.052373187994049754e-04,-1.125445734527865706e-04,8.842396211638349837e-04,3.357445192135615928e-05,-1.673209796260829307e+01,1.021601031825347050e+01
7.557476282119750977e+00,1.579129716618685730e+00,-7.856463780044993239e-01,-1.588240994051726585e+00,-4.049558830955024601e-04,-1.116358002954433160e-04,8.845567629101611443e-04,-2.326617445137096896e-05,-1.673200194277760389e+01,1.021592669371287876e+01
7.568476438522338867e+00,1.579125666048702969e+00,-7.856474832410955678e-01,-1.588232157511935805e+00,-4.051020973531866136e-04,-1.096477101333727215e-04,8.831942070452679892e-04,-6.549104618768663731e-05,-1.673192903852638835e+01,1.021580970101747354e+01
7.576541423797607422e+00,1.579121615401545276e+00,-7.856485698350775815e-01,-1.588223324375557688e+00,-4.049960830033457566e-04,-1.078841696383185146e-04,8.836900961489058039e-04,-6.549104618769341357e-05,-1.673192903852638835e+01,1.021580970101747354e+01
7.587746381759643555e+00,1.579117566574599563e+00,-7.856496308035340048e-01,-1.588214502833233954e+00,-4.047513512467749530e-04,-1.046670852396882657e-04,8.811760415072054497e-04,-7.871234281855640780e-05,-1.673188502652768150e+01,1.021563174277757113e+01
7.596646785736083984e+00,1.579113521617090399e+00,-7.856506607835110900e-01,-1.588205696230245545e+00,-4.042474248922435075e-04,-1.016639907565142567e-04,8.805162633989192366e-04,-7.871234281855640780e-05,-1.673188502652768150e+01,1.021563174277757113e+01
7.607014656066894531e+00,1.579109483526103030e+00,-7.856516527721373322e-01,-1.588196914828037709e+00,-4.034105485836185154e-04,-9.721236185755146794e-05,8.764733819846667797e-04,-7.798996419289619397e-05,-1.673187519048057936e+01,1.021542897482272672e+01
7.618312120437622070e+00,1.579105455277821646e+00,-7.856526013421063492e-01,-1.588188163704673750e+00,-4.023048695614440387e-04,-9.295892291827758183e-05,8.742749782372895382e-04,-7.798996419289272453e-05,-1.673187519048057936e+01,1.021542897482272672e+01
7.641150474548339844e+00,1.579101438341075747e+00,-7.856535017956906009e-01,-1.588179449331306836e+00,-4.011519917086956138e-04,-8.768906015257406372e-05,8.693907421692861470e-04,-8.320855956699487908e-05,-1.673190353791756380e+01,1.021524244682103344e+01
7.650128602981567383e+00,1.579097432522772904e+00,-7.856543487583039775e-01,-1.588170783189230884e+00,-4.000727940553859118e-04,-8.227343955613010407e-05,8.646160967331099293e-04,-9.345546661392381549e-05,-1.673193266494743980e+01,1.021516592874488794e+01
7.659131526947021484e+00,1.579093439068784965e+00,-7.856551424900546365e-01,-1.588162154778500978e+00,-3.987067235869662515e-04,-7.702437235449248118e-05,8.616611750050988481e-04,-9.345546661392381549e-05,-1.673193266494743980e+01,1.021516592874488794e+01
7.669459819793701172e+00,1.579089444224531347e+00,-7.856558929742907260e-01,-1.588153535230163671e+00,-4.000762175298125996e-04,-7.345447841784757959e-05,8.624671712540742975e-04,-2.085463865081245427e-04,-1.673201611176418169e+01,1.021521669950121058e+01
7.680223226547241211e+00,1.579085437329415198e+00,-7.856566085789968845e-01,-1.588144897640211495e+00,-4.011458295366353418e-04,-7.003245475734358114e-05,8.650885667848841852e-04,-2.085463865081245427e-04,-1.673201611176418169e+01,1.021521669950121058e+01
7.688958883285522461e+00,1.579081417737397519e+00,-7.856572889013345717e-01,-1.588136242835972434e+00,-4.025782481283489834e-04,-6.641618951751032326e-05,8.660742339672484504e-04,-2.153782918969671112e-04,-1.673214256554831181e+01,1.021504221792889844e+01
7.700508594512939453e+00,1.579077385536388878e+00,-7.856579337980875710e-01,-1.588127568151295632e+00,-4.036978280528422309e-04,-6.293280601512738978e-05,8.688830155060280839e-04,-2.153782918969671112e-04,-1.673214256554831181e+01,1.021504221792889844e+01
7.711982011795043945e+00,1.579073340456375041e+00,-7.856585427220140749e-01,-1.588118875280441156e+00,-4.051224496891982067e-04,-5.924118425532174520e-05,8.698921074249763973e-04,-2.180434551656007525e-04,-1.673228193322511359e+01,1.021485704102006764e+01
7.722077369689941406e+00,1.579069282918238892e+00,-7.856591153828834662e-01,-1.588110162250073731e+00,-4.062209565053247033e-04,-5.566716196434701169e-05,8.727324732222161655e-04,-2.180434551656075287e-04,-1.673228193322511359e+01,1.021485704102006586e+01
7.737643003463745117e+00,1.579065213090215636e+00,-7.856596532573124625e-01,-1.588101417717448838e+00,-4.075556436511786713e-04,-5.226543958950164229e-05,8.761372165534601995e-04,-2.296502514670777095e-04,-1.673235557363870996e+01,1.021478449766153318e+01
7.752613067626953125e+00,1.579061131780535643e+00,-7.856601576854934654e-01,-1.588092628999811406e+00,-4.085500875024388173e-04,-4.896646078922373135e-05,8.813865349747878383e-04,-2.296502514670742401e-04,-1.673235557363870996e+01,1.021478449766153318e+01
7.766128301620483398e+00,1.579057037454941970e+00,-7.856606294848861305e-01,-1.588083794722930486e+00,-4.101018657075405482e-04,-4.573206828123151449e-05,8.853766014817931931e-04,-2.407355885554185448e-04,-1.673251522740538633e+01,1.021461329966702181e+01
7.779927015304565430e+00,1.579052921797512221e+00,-7.856610738398528415e-01,-1.588074907276422199e+00,-4.127097014698846559e-04,-4.338760044625151330e-05,8.917808598894265935e-04,-2.869896089446807852e-04,-1.673259617576272262e+01,1.021461008078688515e+01
7.789064645767211914e+00,1.579048770130778712e+00,-7.856615007455863831e-01,-1.588065949130273324e+00,-4.171222247976841789e-04,-4.213263025949504775e-05,8.993977139142314645e-04,-3.494326652616792928e-04,-1.673277008607081839e+01,1.021453067822902483e+01
7.798465013504028320e+00,1.579044576355809637e+00,-7.856619155493953510e-01,-1.588056904414567594e+00,-4.211671110021112177e-04,-4.095867941678347710e-05,9.089083756615261300e-04,-3.494326652616690470e-04,-1.673277008607081839e+01,1.021453067822902661e+01
7.809063196182250977e+00,1.579040339284572436e+00,-7.856623184603326315e-01,-1.588047774326847961e+00,-4.257287975120181765e-04,-3.975645077621426521e-05,9.166518355599889180e-04,-3.562743583569208633e-04,-1.673295067663343971e+01,1.021433085089869053e+01
7.819403409957885742e+00,1.579036058680179933e+00,-7.856627097680659588e-01,-1.588038556203486884e+00,-4.299107188756728926e-04,-3.863004030263666316e-05,9.263255175811302769e-04,-3.562743583569241701e-04,-1.673295067663343971e+01,1.021433085089869053e+01
7.831079006195068359e+00,1.579031737039033212e+00,-7.856630863012904475e-01,-1.588029259281834582e+00,-4.339494457690446037e-04,-3.686489801455784809e-05,9.327401886961054437e-04,-3.364047805862017959e-04,-1.673312598062245016e+01,1.021407263746966620e+01
7.841006278991699219e+00,1.579027377162221857e+00,-7.856634455685348462e-01,-1.588019887423434362e+00,-4.375960229370241361e-04,-3.516927913162085431e-05,9.411190315945566418e-04,-3.364047805862087348e-04,-1.673312598062245016e+01,1.021407263746966620e+01
7.851826906204223633e+00,1.579022982825550647e+00,-7.856637857702829519e-01,-1.588010436546645199e+00,-4.408768620055307963e-04,-3.308953701466671102e-05,9.486331093658628786e-04,-3.228747842525631312e-04,-1.673321265846426442e+01,1.021393433573136811e+01
7.864021539688110352e+00,1.579018557906543885e+00,-7.856641055158419817e-01,-1.588000899556265999e+00,-4.437518578766497506e-04,-3.107117709673281464e-05,9.581449442638435149e-04,-3.228747842525699074e-04,-1.673321265846426442e+01,1.021393433573136988e+01
7.873882293701171875e+00,1.579014105088172082e+00,-7.856644014440545831e-01,-1.587991285379108053e+00,-4.464710673203969664e-04,-2.839137155997289996e-05,9.643989841392960893e-04,-3.032352144982479458e-04,-1.673339031258535670e+01,1.021367281567259333e+01
7.883380174636840820e+00,1.579009627386540604e+00,-7.856646708607771812e-01,-1.587981597503456355e+00,-4.487693282829527007e-04,-2.576281788589998567e-05,9.726840775473681849e-04,-3.032352144982479458e-04,-1.673339031258535670e+01,1.021367281567259333e+01
7.894926786422729492e+00,1.579005126820204552e+00,-7.856649108274101900e-01,-1.587971844194357107e+00,-4.510449689128353265e-04,-2.255794722561986140e-05,9.778044741495124908e-04,-2.880681964687673013e-04,-1.673357876819243373e+01,1.021341043927391290e+01
7.907087564468383789e+00,1.579000605892795006e+00,-7.856651189639567434e-01,-1.587962028365385914e+00,-4.528838885040958255e-04,-1.939180715042039885e-05,9.849842648592330163e-04,-2.880681964687638319e-04,-1.673357876819243373e+01,1.021341043927391290e+01
7.917991876602172852e+00,1.578996069975500127e+00,-7.856652894295722556e-01,-1.587952167019728966e+00,-4.541035171339206727e-04,-1.513182808859708448e-05,9.873871649580254813e-04,-2.445395961761971659e-04,-1.673378780552964784e+01,1.021307747479168526e+01
7.932358503341674805e+00,1.578991520293309359e+00,-7.856654156755685792e-01,-1.587942297871115294e+00,-4.556072267217517956e-04,-1.057592342057055851e-05,9.868401728241880163e-04,-2.365632458258756787e-04,-1.673401597653925421e+01,1.021281017230042920e+01
7.944881200790405273e+00,1.578986958098833604e+00,-7.856654964426924570e-01,-1.587932422761285434e+00,-4.566507582912197600e-04,-6.033150640433627282e-06,9.883717415097882913e-04,-2.365632458258756787e-04,-1.673401597653925421e+01,1.021281017230042920e+01
7.955230712890625000e+00,1.578982386688167372e+00,-7.856655305565122260e-01,-1.587922536589756906e+00,-4.574714360646179386e-04,-1.266060159765824977e-06,9.891302298042461191e-04,-2.252112826963726408e-04,-1.673414204726799426e+01,1.021265951146840578e+01
7.966367244720458984e+00,1.578977809682339029e+00,-7.856655169712257747e-01,-1.587912631376952932e+00,-4.578160056770283958e-04,3.507675278368194843e-06,9.919722843152558363e-04,-2.252112826963761103e-04,-1.673414204726799426e+01,1.021265951146840578e+01
7.974545001983642578e+00,1.578973222940978749e+00,-7.856654593083938209e-01,-1.587902702513756203e+00,-4.593029452597958127e-04,7.617413084381498278e-06,9.939478078891368987e-04,-2.474420662542317628e-04,-1.673441447182717567e+01,1.021246009015101031e+01
7.985610008239746094e+00,1.578968624032844881e+00,-7.856653604148441383e-01,-1.587892742384301226e+00,-4.602972961829195813e-04,1.175270684922700981e-05,9.980172156579900783e-04,-2.474420662542282934e-04,-1.673441447182717567e+01,1.021246009015101031e+01
7.996883869171142578e+00,1.578964013703557878e+00,-7.856652203751477437e-01,-1.587882757554645696e+00,-4.615591362564487273e-04,1.585172383540035812e-05,9.991794760552646492e-04,-2.268546350552014257e-04,-1.673472204546285624e+01,1.021216934855164915e+01
8.010385990142822266e+00,1.578959390749080649e+00,-7.856650386149099941e-01,-1.587872781204743955e+00,-4.628212637621632397e-04,2.008486942791818872e-05,9.966865548929457110e-04,-1.910079102265781203e-04,-1.673505337247897273e+01,1.021184189966071898e+01
8.028025388717651367e+00,1.578954757994050828e+00,-7.856648142439376370e-01,-1.587862818232692153e+00,-4.635696209108619982e-04,2.437014240197835080e-05,9.962934422260854867e-04,-1.910079102265780390e-04,-1.673505337247897273e+01,1.021184189966071898e+01
8.042812824249267578e+00,1.578950112103747250e+00,-7.856645516329376910e-01,-1.587852865999640928e+00,-4.653447092003021855e-04,2.781797728941071482e-05,9.946622213235301393e-04,-1.969712863871715680e-04,-1.673539897420760525e+01,1.021160519522362264e+01
8.051845788955688477e+00,1.578945441302975539e+00,-7.856642618765393715e-01,-1.587842914120858540e+00,-4.684208880539081246e-04,2.993343075670092460e-05,9.959324016138352241e-04,-2.444348365487140603e-04,-1.673557424276632233e+01,1.021158320000500908e+01
8.062870740890502930e+00,1.578940742646717466e+00,-7.856639505677857072e-01,-1.587832938002835981e+00,-4.709679671397019071e-04,3.212189790614264004e-05,9.993010437675036925e-04,-2.444348365487174213e-04,-1.673557424276632233e+01,1.021158320000500908e+01
8.073990345001220703e+00,1.578936015135961934e+00,-7.856636216893529978e-01,-1.587822920189178699e+00,-4.741295392531656673e-04,3.352639667051834915e-05,1.004127210990143383e-03,-2.621153410378751795e-04,-1.673575441293962029e+01,1.021150265654966560e+01
8.085587501525878906e+00,1.578931258968538254e+00,-7.856632783248099772e-01,-1.587812842486798548e+00,-4.767523311073041097e-04,3.501156155437433817e-05,1.011069258624983482e-03,-2.621153410378649880e-04,-1.673575441293962029e+01,1.021150265654966560e+01
8.096955537796020508e+00,1.578926475811620378e+00,-7.856629216989493569e-01,-1.587802710163228159e+00,-4.795128651772921939e-04,3.620801569020198896e-05,1.015322295281903455e-03,-2.282309522249129086e-04,-1.673611646023814714e+01,1.021120278249420110e+01
8.109521389007568359e+00,1.578921668062135186e+00,-7.856625526351939115e-01,-1.587792523551084578e+00,-4.817249412983090444e-04,3.749092964991027066e-05,1.021714881552486780e-03,-2.282309522249163780e-04,-1.673611646023814714e+01,1.021120278249420110e+01
8.119773626327514648e+00,1.578916836252327149e+00,-7.856621729035876411e-01,-1.587782285678844163e+00,-4.842890251810722858e-04,3.838124038401660373e-05,1.025806257694549277e-03,-2.054233035251214201e-04,-1.673646980539536600e+01,1.021091989448310855e+01
8.136812210083007812e+00,1.578911976103140713e+00,-7.856617865637638420e-01,-1.587772018955047937e+00,-4.873433719583193419e-04,3.885452448770506176e-05,1.027705451811521207e-03,-1.897592950050563368e-04,-1.673681703034515778e+01,1.021064280522798384e+01
8.146640300750732422e+00,1.578907087932716502e+00,-7.856613942597485689e-01,-1.587761738917108811e+00,-4.899388919473566693e-04,3.955187889399759335e-05,1.028572759587621701e-03,-1.638487159524165682e-04,-1.673699062825405903e+01,1.021046420887871875e+01
8.160736799240112305e+00,1.578902176886368469e+00,-7.856609944680921220e-01,-1.587751438287886785e+00,-4.919742254376591574e-04,4.034293814661991939e-05,1.031607641961649778e-03,-1.638487159524130987e-04,-1.673699062825405548e+01,1.021046420887871875e+01
8.170299291610717773e+00,1.578897240154605530e+00,-7.856605912571623662e-01,-1.587741112506190877e+00,-4.949787496339742290e-04,4.031752235967352854e-05,1.033698545266866810e-03,-1.710287675662122123e-04,-1.673732554773247827e+01,1.021023938168603884e+01
8.179701566696166992e+00,1.578892276477675383e+00,-7.856601877759883390e-01,-1.587730753839495579e+00,-4.974193891353929919e-04,4.038745644565624668e-05,1.037967912563578406e-03,-1.710287675662225393e-04,-1.673732554773247827e+01,1.021023938168604062e+01
8.190732717514038086e+00,1.578887287306959042e+00,-7.856597845166634064e-01,-1.587720366688436524e+00,-5.000575231705369893e-04,4.028990582921826782e-05,1.039654708160781416e-03,-1.457578559927037146e-04,-1.673765842296241857e+01,1.020995035199701562e+01
8.201114177703857422e+00,1.578882274870801128e+00,-7.856593817084359666e-01,-1.587709950623407806e+00,-5.021289413562521863e-04,4.028768268618488843e-05,1.043532577992910488e-03,-1.457578559927071840e-04,-1.673765842296241857e+01,1.020995035199701562e+01
8.210340499877929688e+00,1.578877245659592532e+00,-7.856589765509758294e-01,-1.587699503462712602e+00,-5.034838732347030705e-04,4.071670725954703793e-05,1.046014540114271509e-03,-1.107045169742755519e-04,-1.673782378875800703e+01,1.020975867554435546e+01
8.221354007720947266e+00,1.578872206034532599e+00,-7.856585665747550795e-01,-1.587689019363567544e+00,-5.042683474414271817e-04,4.124197484245461023e-05,1.050701069868219739e-03,-1.107045169742789401e-04,-1.673782378875800703e+01,1.020975867554435546e+01
8.230780839920043945e+00,1.578867161240879780e+00,-7.856581475462139919e-01,-1.587678528860297700e+00,-5.045659679870439325e-04,4.245837957640805765e-05,1.048031329992905230e-03,-3.002130886197579285e-05,-1.673830942453385973e+01,1.020923451710430463e+01
8.240077495574951172e+00,1.578862116628087175e+00,-7.856577158057662658e-01,-1.587668052903244975e+00,-5.042893886435399807e-04,4.377478898019704356e-05,1.047570414460563797e-03,-3.002130886197595548e-05,-1.673830942453385973e+01,1.020923451710430463e+01
8.251578807830810547e+00,1.578857077245865215e+00,-7.856572681479826459e-01,-1.587657605146582940e+00,-5.035644829330077846e-04,4.559229065476773021e-05,1.042819357290261997e-03,2.153486793934553112e-05,-1.673863762099924557e+01,1.020887910178962521e+01
8.261948347091674805e+00,1.578852048283351461e+00,-7.856568017320114672e-01,-1.587647192805692109e+00,-5.022629143576532416e-04,4.751640716990114532e-05,1.040266214988750304e-03,2.153486793934206167e-05,-1.673863762099924557e+01,1.020887910178962521e+01
8.271059989929199219e+00,1.578847035695495338e+00,-7.856563140301813242e-01,-1.587636813028471039e+00,-5.003503517901251255e-04,4.981295452469213306e-05,1.036433479273920480e-03,5.225421179529121662e-05,-1.673880643134194912e+01,1.020869120017891873e+01
8.280596971511840820e+00,1.578842045422837570e+00,-7.856558027318074622e-01,-1.587626459558661551e+00,-4.978575046206156797e-04,5.222498118360877420e-05,1.034785337204653394e-03,5.225421179529113531e-05,-1.673880643134194912e+01,1.020869120017891873e+01
8.289780378341674805e+00,1.578837079406189448e+00,-7.856552678209673957e-01,-1.587616138679587285e+00,-4.954865837276848468e-04,5.454543589800348383e-05,1.030207246477796938e-03,8.233929231866651821e-05,-1.673915267689586273e+01,1.020838470907451345e+01
8.300939798355102539e+00,1.578832140313445542e+00,-7.856547090196074334e-01,-1.587605851631739728e+00,-4.925308579943629781e-04,5.699136039701404102e-05,1.027800736286508046e-03,8.233929231866643690e-05,-1.673915267689586273e+01,1.020838470907451345e+01
8.310777902603149414e+00,1.578827230557234840e+00,-7.856541250365171036e-01,-1.587595626314703745e+00,-4.896150863620211523e-04,5.956945260874929246e-05,1.018544064457242845e-03,1.519989625305591396e-04,-1.673970731938121403e+01,1.020786122406531149e+01
8.321708202362060547e+00,1.578822353187926408e+00,-7.856535145285610255e-01,-1.587585481741484505e+00,-4.861121524879993025e-04,6.228363215600787872e-05,1.011434440403744797e-03,1.519989625305591396e-04,-1.673970731938121403e+01,1.020786122406531149e+01
8.335399866104125977e+00,1.578817507620250193e+00,-7.856528798457708129e-01,-1.587575421135980269e+00,-4.831960901492266523e-04,6.445913734224022890e-05,1.001981933905713275e-03,1.690747137637720868e-04,-1.674009386215200479e+01,1.020756738382714524e+01
8.350177288055419922e+00,1.578812694441765085e+00,-7.856522226070250525e-01,-1.587565443423609501e+00,-4.796930883680457940e-04,6.678095942500060847e-05,9.946416849761767921e-04,1.690747137637720868e-04,-1.674009386215200479e+01,1.020756738382714524e+01
8.360830545425415039e+00,1.578807915332105516e+00,-7.856515442478784195e-01,-1.587555537375500148e+00,-4.763648606453347928e-04,6.872202783456083861e-05,9.876152162234690980e-04,1.710010008505319368e-04,-1.674029184161027217e+01,1.020743686103181247e+01
8.373438596725463867e+00,1.578803157072565799e+00,-7.856508581458028218e-01,-1.587545692041009593e+00,-4.752972586981662551e-04,6.854195884290186641e-05,9.823233663272881722e-04,1.182930026323303352e-04,-1.674068735339299607e+01,1.020730225499381660e+01
8.384268522262573242e+00,1.578798412702593801e+00,-7.856501729929752376e-01,-1.587535888227097347e+00,-4.736457093679817499e-04,6.851665182132978676e-05,9.791025306719763378e-04,1.182930026323303352e-04,-1.674068735339299607e+01,1.020730225499381305e+01
8.397275209426879883e+00,1.578793683235614642e+00,-7.856494909958714468e-01,-1.587526113036669795e+00,-4.722876207799727821e-04,6.796349151124737864e-05,9.765325799018023667e-04,1.160224941884267205e-04,-1.674088907255351444e+01,1.020718510248215161e+01
8.407223939895629883e+00,1.578788959860075281e+00,-7.856488219615026525e-01,-1.587516364393932955e+00,-4.722917333208415591e-04,6.605882325233947833e-05,9.738075777482139983e-04,1.003783007864043084e-04,-1.674127558195566934e+01,1.020698001729838644e+01
8.418133974075317383e+00,1.578784239613842955e+00,-7.856481711490734821e-01,-1.587506631705931648e+00,-4.717199647216452352e-04,6.430351548834594907e-05,9.731357340757398368e-04,1.003783007863975321e-04,-1.674127558195566934e+01,1.020698001729838467e+01
8.429633378982543945e+00,1.578779518968679296e+00,-7.856475436515492072e-01,-1.587496909442610793e+00,-4.722609243558202477e-04,6.149987741528844393e-05,9.717897067983295289e-04,9.165936318595788168e-05,-1.674163905482920356e+01,1.020676187500248489e+01
8.439441204071044922e+00,1.578774796039709827e+00,-7.856469434176605038e-01,-1.587487189369912510e+00,-4.722342355230449472e-04,5.883585952273394024e-05,9.724926105663988032e-04,9.165936318596135113e-05,-1.674163905482920356e+01,1.020676187500248489e+01
8.449599027633666992e+00,1.578770068702973317e+00,-7.856463737543604164e-01,-1.587477468624655552e+00,-4.730581952930599859e-04,5.545626132180377435e-05,9.720398261140867063e-04,8.897639299676107978e-05,-1.674197095421173387e+01,1.020653453346743333e+01
8.458889245986938477e+00,1.578765336200578462e+00,-7.856458371840937538e-01,-1.587467741136219024e+00,-4.733240082477088414e-04,5.220340863990643315e-05,9.736365038753083938e-04,8.897639299675430351e-05,-1.674197095421173387e+01,1.020653453346743511e+01
8.469672679901123047e+00,1.578760600840212636e+00,-7.856453325687471345e-01,-1.587458013795616685e+00,-4.736269103869607993e-04,4.905383224259544234e-05,9.723032861706996498e-04,1.160609949053571788e-04,-1.674227214139513720e+01,1.020624686248345725e+01
8.479067325592041016e+00,1.578755865469430919e+00,-7.856448588215426687e-01,-1.587448288511703165e+00,-4.733817368527199398e-04,4.601737563653595861e-05,9.730200644099448303e-04,1.160609949053571788e-04,-1.674227214139513720e+01,1.020624686248345725e+01
8.490332841873168945e+00,1.578751132699989457e+00,-7.856444139114493463e-01,-1.587438572708795403e+00,-4.731101117883604714e-04,4.325771749473343586e-05,9.707095311522651211e-04,1.409649662782695712e-04,-1.674254298113378070e+01,1.020596468609694085e+01
8.500394344329833984e+00,1.578746405610275350e+00,-7.856439960389279831e-01,-1.587428868752598587e+00,-4.723004136653209521e-04,4.059882523488019326e-05,9.704456183284035711e-04,1.409649662782765100e-04,-1.674254298113378070e+01,1.020596468609694085e+01
8.509659528732299805e+00,1.578741687306421060e+00,-7.856436023146684544e-01,-1.587419185177010972e+00,-4.713661825483356866e-04,3.838291426321548128e-05,9.669553815116805652e-04,1.668007020543121888e-04,-1.674279287116529247e+01,1.020568131182089999e+01
8.524609327316284180e+00,1.578736981255431715e+00,-7.856432302487199593e-01,-1.587409525286689549e+00,-4.699034579266450390e-04,3.625735564965256591e-05,9.655038427804657920e-04,1.668007020543121075e-04,-1.674279287116529247e+01,1.020568131182089999e+01
8.536359310150146484e+00,1.578732291535077215e+00,-7.856428758606684992e-01,-1.587399899931174252e+00,-4.681316930697952878e-04,3.478171230357094898e-05,9.604113688430298938e-04,1.987414235883854777e-04,-1.674303040139958298e+01,1.020538585501995854e+01
8.552420139312744141e+00,1.578727616344607121e+00,-7.856425387943205552e-01,-1.587390317542594298e+00,-4.669402457977446779e-04,3.283910202737288023e-05,9.567643914946276536e-04,1.711737948792251809e-04,-1.674314244976425314e+01,1.020532880068933146e+01
8.567577838897705078e+00,1.578722955903240743e+00,-7.856422207192675922e-01,-1.587380760524413681e+00,-4.652340574227327723e-04,3.097493098971762851e-05,9.551346542846462714e-04,1.711737948792284878e-04,-1.674314244976425314e+01,1.020532880068933146e+01
8.583574771881103516e+00,1.578718312420024139e+00,-7.856419212950550568e-01,-1.587371218831372666e+00,-4.635472867721329758e-04,2.910850131869653634e-05,9.536812008081084827e-04,1.683309708379807090e-04,-1.674325682696317941e+01,1.020522167667452962e+01
8.595551967620849609e+00,1.578713675947084560e+00,-7.856416467616701427e-01,-1.587361684988665145e+00,-4.636534160677152887e-04,2.610919758573538793e-05,9.534427906524064848e-04,1.080248778376410868e-04,-1.674347582030642201e+01,1.020512337516714396e+01
8.605616807937622070e+00,1.578709041179810146e+00,-7.856414018638669949e-01,-1.587352142474811600e+00,-4.632571156357734852e-04,2.317393459408878184e-05,9.552146721749992745e-04,1.080248778376376173e-04,-1.674347582030642201e+01,1.020512337516714396e+01
8.616575241088867188e+00,1.578704405065626037e+00,-7.856411906239912923e-01,-1.587342569730670672e+00,-4.638268365687145574e-04,1.945482922041143203e-05,9.592622895995537614e-04,6.382716975552454874e-05,-1.674358183862878846e+01,1.020510115891247871e+01
8.627309083938598633e+00,1.578699765977641611e+00,-7.856410162943837650e-01,-1.587332945394843708e+00,-4.639019081295820204e-04,1.578559854351372846e-05,9.653325113470315102e-04,6.382716975552801819e-05,-1.674358183862878846e+01,1.020510115891247871e+01
8.637278795242309570e+00,1.578695124406569006e+00,-7.856408773709548932e-01,-1.587323272813126129e+00,-4.642924458217275092e-04,1.234908637084801419e-05,9.691395007498041902e-04,6.493196177929580482e-05,-1.674378766119003714e+01,1.020486944807554686e+01
8.650388479232788086e+00,1.578690478821996201e+00,-7.856407691417632844e-01,-1.587313579690109444e+00,-4.647032218854526783e-04,9.579025381319453136e-06,9.697601648311047779e-04,7.491626428114328746e-05,-1.674397155087284261e+01,1.020460789295389681e+01
8.660744190216064453e+00,1.578685831794670591e+00,-7.856406884489599562e-01,-1.587303869117680843e+00,-4.646299904295322653e-04,6.837940308800430356e-06,9.724254931166322318e-04,7.491626428114345009e-05,-1.674397155087284261e+01,1.020460789295389681e+01
8.674139499664306641e+00,1.578681184743790267e+00,-7.856406314034124483e-01,-1.587294148749711642e+00,-4.646946793790476815e-04,4.780385612783259741e-06,9.720261290459379644e-04,7.709723470895201878e-05,-1.674413795642437464e+01,1.020435617022037356e+01
8.682868003845214844e+00,1.578676539674524593e+00,-7.856405948265169359e-01,-1.587284421104619536e+00,-4.642819027575908314e-04,2.741608006636472167e-06,9.736761982748660688e-04,7.709723470895193747e-05,-1.674413795642437464e+01,1.020435617022037178e+01
8.693710088729858398e+00,1.578671900831921215e+00,-7.856405756452122802e-01,-1.587274682425511729e+00,-4.634878467818038584e-04,1.246301638880425999e-06,9.743326904313135296e-04,8.696319576934410933e-05,-1.674421869597133394e+01,1.020421187739694169e+01
8.703054904937744141e+00,1.578667272532393362e+00,-7.856405713525308476e-01,-1.587264925885604860e+00,-4.622208403546628668e-04,-2.377671994256702614e-07,9.770435174612590937e-04,8.696319576934055857e-05,-1.674421869597133394e+01,1.020421187739694169e+01
8.713758230209350586e+00,1.578662657355847987e+00,-7.856405770955968704e-01,-1.587255161448931862e+00,-4.608716643401257300e-04,-8.485388804397447915e-07,9.762616436404959047e-04,9.779108765070598785e-05,-1.674437859937153661e+01,1.020394497312180171e+01
8.724270582199096680e+00,1.578658058259788222e+00,-7.856405889079528526e-01,-1.587245393510172020e+00,-4.590519386804074167e-04,-1.452523389271469928e-06,9.775381880090697022e-04,9.779108765070590654e-05,-1.674437859937153661e+01,1.020394497312180349e+01
8.739426851272583008e+00,1.578653479213136368e+00,-7.856406005637659451e-01,-1.587235636145048367e+00,-4.568955285180829450e-04,-9.299007887406812722e-07,9.745709912612028018e-04,1.202293178672216023e-04,-1.674454242290584105e+01,1.020364736369095482e+01
8.750612020492553711e+00,1.578648922027063417e+00,-7.856406020420215741e-01,-1.587225929349627362e+00,-4.546853330215195688e-04,4.932723511263080451e-07,9.678026649060456153e-04,1.320958287309957624e-04,-1.674471478121403578e+01,1.020336475257746045e+01
8.764258623123168945e+00,1.578644389520685420e+00,-7.856405892382282152e-01,-1.587216279004237895e+00,-4.520065339490724247e-04,1.926035617932832927e-06,9.630749386265139312e-04,1.320958287309957624e-04,-1.674471478121403578e+01,1.020336475257746045e+01
8.774152994155883789e+00,1.578639877842082928e+00,-7.856405630491797298e-01,-1.587206682473278008e+00,-4.504114730586227184e-04,3.187881964923817979e-06,9.571569568869776629e-04,9.816536195878306143e-05,-1.674490262179302391e+01,1.020318078969961739e+01
8.784740686416625977e+00,1.578635384687022691e+00,-7.856405241602372191e-01,-1.587197134013288435e+00,-4.483486595647560532e-04,4.464925999406090668e-06,9.532572246071203351e-04,9.816536195877967330e-05,-1.674490262179302391e+01,1.020318078969961739e+01
8.794598817825317383e+00,1.578630909362813917e+00,-7.856404742197585778e-01,-1.587187619429783814e+00,-4.467944239597538918e-04,5.429792271910340723e-06,9.502874754591774178e-04,7.417870792804725859e-05,-1.674500521303164291e+01,1.020310697103447950e+01
8.805589199066162109e+00,1.578626452154467508e+00,-7.856404145231219438e-01,-1.587178123519025208e+00,-4.447721887671917274e-04,6.414505279263467419e-06,9.493216137230315287e-04,7.417870792805056541e-05,-1.674500521303164291e+01,1.020310697103447950e+01
8.813665151596069336e+00,1.578622013860836892e+00,-7.856403433117050694e-01,-1.587168652667360069e+00,-4.429876050224078711e-04,7.702790562832267929e-06,9.455549169419162018e-04,8.251978359177452953e-05,-1.674522798391675593e+01,1.020285031739089199e+01
8.825859546661376953e+00,1.578617595993764056e+00,-7.856402590842300748e-01,-1.587159208511031538e+00,-4.407336904463149321e-04,9.015699995940356509e-06,9.437821974790936222e-04,8.251978359178130580e-05,-1.674522798391675593e+01,1.020285031739089199e+01
8.834744453430175781e+00,1.578613198042968957e+00,-7.856401613838687181e-01,-1.587149794697125582e+00,-4.389565508042362631e-04,1.039154531263511080e-05,9.397148778226094377e-04,8.227847390620060541e-05,-1.674546038887207544e+01,1.020261103777367317e+01
8.847196102142333984e+00,1.578608820452315653e+00,-7.856400497609365985e-01,-1.587140410651546985e+00,-4.367086219521764540e-04,1.179766360212292781e-05,9.376292999385641563e-04,8.227847390620746299e-05,-1.674546038887207544e+01,1.020261103777367317e+01
8.858353376388549805e+00,1.578604463185451445e+00,-7.856399234349139560e-01,-1.587131061654300623e+00,-4.348524963256289282e-04,1.332095879282403986e-05,9.329621908111156766e-04,8.743836125444867657e-05,-1.674570328967562816e+01,1.020235780407046988e+01
8.873275756835937500e+00,1.578600120282355412e+00,-7.856397831602485171e-01,-1.587121769073375210e+00,-4.337596161634025595e-04,1.461118749980852560e-05,9.265214675194121015e-04,7.815584453740872877e-05,-1.674595431180991767e+01,1.020213416873614598e+01
8.888359308242797852e+00,1.578595790899773643e+00,-7.856396297702713527e-01,-1.587112530143192535e+00,-4.321955996239972291e-04,1.594055253940299816e-05,9.220347527757728843e-04,7.815584453740525932e-05,-1.674595431180991767e+01,1.020213416873614776e+01
8.898811578750610352e+00,1.578591476026682150e+00,-7.856394640022278386e-01,-1.587103334807280719e+00,-4.308371795185503565e-04,1.710383785718692581e-05,9.177780940832875548e-04,7.156249770429862211e-05,-1.674608302935385851e+01,1.020202749470677794e+01
8.909803152084350586e+00,1.578587162522579801e+00,-7.856392955151246804e-01,-1.587094171794872999e+00,-4.316998617865232344e-04,1.664654085670354278e-05,9.153827689959363311e-04,8.817992639444105496e-07,-1.674633836152627353e+01,1.020194639292028960e+01
8.919938802719116211e+00,1.578582842972310774e+00,-7.856391313619646155e-01,-1.587085022114610222e+00,-4.320935422416730424e-04,1.623255686824176189e-05,9.149181094685325706e-04,8.817992639444105496e-07,-1.674633836152627353e+01,1.020194639292028960e+01
8.932468175888061523e+00,1.578578515319789100e+00,-7.856389737138177454e-01,-1.587075884062537190e+00,-4.332448058608592725e-04,1.538834185753693018e-05,9.131837207945990575e-04,-6.469653227304111853e-06,-1.674659770382266188e+01,1.020174149525895402e+01
8.943033933639526367e+00,1.578574178718679777e+00,-7.856388242830522062e-01,-1.587066752759652921e+00,-4.339301319701664174e-04,1.458472469492927762e-05,9.133754038250726810e-04,-6.469653227304193168e-06,-1.674659770382266188e+01,1.020174149525895402e+01
8.956635951995849609e+00,1.578569835547813938e+00,-7.856386830091373064e-01,-1.587057619826213628e+00,-4.345640943645173076e-04,1.375890512892059825e-05,9.135150914303486955e-04,-2.530480340517867474e-06,-1.674672220313806292e+01,1.020162577112554558e+01
8.965276718139648438e+00,1.578565488587194920e+00,-7.856385497879796453e-01,-1.587048474900280448e+00,-4.347345572092447706e-04,1.297017650218890150e-05,9.155816106677741074e-04,-2.530480340510928581e-06,-1.674672220313806292e+01,1.020162577112554558e+01
8.977566719055175781e+00,1.578561136087619499e+00,-7.856384264663824890e-01,-1.587039315269367812e+00,-4.356022911166211467e-04,1.181527391704495153e-05,9.165649364205382538e-04,-1.135293566717132858e-05,-1.674695715440978105e+01,1.020143559126063160e+01
8.986766576766967773e+00,1.578556772549915665e+00,-7.856383150449456343e-01,-1.587030155420876110e+00,-4.368995342041666666e-04,1.059615301191290521e-05,9.157999892300885958e-04,-1.066625434496121239e-05,-1.674718085930004818e+01,1.020122267417504958e+01
8.999016284942626953e+00,1.578552398568951354e+00,-7.856382156454915222e-01,-1.587020992598030755e+00,-4.377372015121272974e-04,9.407411432482172542e-06,9.169667164674773219e-04,-1.066625434495774294e-05,-1.674718085930004818e+01,1.020122267417504958e+01
9.008877515792846680e+00,1.578548014964365365e+00,-7.856381272389003634e-01,-1.587011830289505765e+00,-4.388018462544755142e-04,8.380965804435230870e-06,9.159186244479969406e-04,-3.125523402702778952e-06,-1.674739347312323190e+01,1.020099480996617736e+01
9.018604040145874023e+00,1.578543623223287229e+00,-7.856380489538622447e-01,-1.587002667836082681e+00,-4.394103839456340709e-04,7.380173789056903438e-06,9.168024798935781993e-04,-3.125523402706329714e-06,-1.674739347312322835e+01,1.020099480996617736e+01
9.031231164932250977e+00,1.578539224780891592e+00,-7.856379791879097851e-01,-1.586993509506912980e+00,-4.401311381518114609e-04,6.649805619530785999e-06,9.153293653354319277e-04,7.680485827121162059e-06,-1.674759591034353789e+01,1.020076449578455957e+01
9.039902210235595703e+00,1.578534821623968520e+00,-7.856379166036130401e-01,-1.586984355289021931e+00,-4.403988261138540219e-04,5.941388528967438132e-06,9.157869820965679458e-04,7.680485827124468876e-06,-1.674759591034353789e+01,1.020076449578455957e+01
9.052200078964233398e+00,1.578530414813366312e+00,-7.856378599057793899e-01,-1.586975208242239255e+00,-4.408443008133750463e-04,5.450547220253645214e-06,9.141085355750828284e-04,1.473037327047463179e-05,-1.674779218591842422e+01,1.020054481441559346e+01
9.062500238418579102e+00,1.578526006027055395e+00,-7.856378080089340132e-01,-1.586966067373665412e+00,-4.408392083786262018e-04,4.979077881066620859e-06,9.143582806431958462e-04,1.473037327047455047e-05,-1.674779218591842422e+01,1.020054481441559346e+01
9.075119972229003906e+00,1.578521600524420476e+00,-7.856377580365940805e-01,-1.586956930264963983e+00,-4.402464183366824467e-04,5.014845285813366443e-06,9.134702311794319282e-04,3.774852586875890315e-05,-1.674789124626475001e+01,1.020039419099890488e+01
9.087409734725952148e+00,1.578517203422176829e+00,-7.856377076054223974e-01,-1.586947791438946931e+00,-4.392040689802780376e-04,5.069013872881049376e-06,9.145090883199377164e-04,3.774852586875890315e-05,-1.674789124626475001e+01,1.020039419099890665e+01
9.098662376403808594e+00,1.578512815868720942e+00,-7.856376553790788142e-01,-1.586938654005976446e+00,-4.383207186677726087e-04,5.351145212733991741e-06,9.134058223966953945e-04,4.541103619566666527e-05,-1.674808593344021190e+01,1.020017486360296033e+01
9.110354423522949219e+00,1.578508432955652463e+00,-7.856376017011693635e-01,-1.586929532905439810e+00,-4.381998292737814362e-04,5.384281223218094492e-06,9.113384611658290838e-04,2.770878412542560065e-05,-1.674828300326771569e+01,1.020000109556401569e+01
9.122889280319213867e+00,1.578504053722042944e+00,-7.856375475865627900e-01,-1.586920421903047718e+00,-4.376298168605432170e-04,5.436576151391942641e-06,9.111935705648646980e-04,2.770878412543245823e-05,-1.674828300326771569e+01,1.020000109556401569e+01
9.133465766906738281e+00,1.578499677886233910e+00,-7.856374926725232521e-01,-1.586911322623698828e+00,-4.374784677233605726e-04,5.539166669986123753e-06,9.091803133103419643e-04,2.604462939878246508e-05,-1.674848764244585198e+01,1.019978972885722079e+01
9.146444082260131836e+00,1.578495306029993106e+00,-7.856374366257617980e-01,-1.586902232926295175e+00,-4.368787911838563592e-04,5.661207406168315692e-06,9.090850267665180531e-04,2.604462939878585321e-05,-1.674848764244585198e+01,1.019978972885722079e+01
9.159077167510986328e+00,1.578490939239603597e+00,-7.856373800493163806e-01,-1.586893141760352011e+00,-4.364483483915936025e-04,5.657679210499533262e-06,9.094300397489486244e-04,1.740008656264660698e-05,-1.674859017010765072e+01,1.019970036727743690e+01
9.171537637710571289e+00,1.578486573111607560e+00,-7.856373245384320469e-01,-1.586884054146379341e+00,-4.366801370688733414e-04,5.466798101237853313e-06,9.085018517876494552e-04,5.827462951482701705e-06,-1.674879746808678505e+01,1.019951167779503365e+01
9.182411670684814453e+00,1.578482207129335624e+00,-7.856372708301125884e-01,-1.586874965272934812e+00,-4.364640382400859168e-04,5.295171319408091548e-06,9.094902904360126911e-04,5.827462951489477969e-06,-1.674879746808678505e+01,1.019951167779503365e+01
9.193583011627197266e+00,1.578477842043040535e+00,-7.856372198117451688e-01,-1.586865863465382054e+00,-4.364779114856053108e-04,4.946427689741291628e-06,9.110336287181536059e-04,-5.195449537007736660e-06,-1.674890114348530190e+01,1.019942642337319683e+01
9.201582670211791992e+00,1.578473479283008629e+00,-7.856371721805479602e-01,-1.586856735657584672e+00,-4.360435039148530950e-04,4.615803622108442805e-06,9.144990142520546556e-04,-5.195449537004429843e-06,-1.674890114348530190e+01,1.019942642337319683e+01
9.212683200836181641e+00,1.578469118032973739e+00,-7.856371281058039946e-01,-1.586847582289020453e+00,-4.361242755324176560e-04,4.239579381549313242e-06,9.163119452275118784e-04,-1.049999061271053580e-05,-1.674910860769461607e+01,1.019922238506462975e+01
9.223874092102050781e+00,1.578464758448000049e+00,-7.856370877011266129e-01,-1.586838400163266272e+00,-4.357553381846942966e-04,3.879995078988861257e-06,9.200581048877556727e-04,-1.049999061271392393e-05,-1.674910860769461607e+01,1.019922238506462975e+01
9.232920169830322266e+00,1.578460403577407023e+00,-7.856370474579241758e-01,-1.586829199530401580e+00,-4.351999001317827958e-04,4.144833081409608766e-06,9.203586309734247944e-04,1.415949503048166496e-05,-1.674931656508608668e+01,1.019894740300606806e+01
9.245647192001342773e+00,1.578456056743656966e+00,-7.856370044762468474e-01,-1.586819985214648288e+00,-4.341929485725960335e-04,4.426134955515161756e-06,9.226009548549782713e-04,1.415949503048505309e-05,-1.674931656508608668e+01,1.019894740300606806e+01
9.257166385650634766e+00,1.578451718155234440e+00,-7.856369572199107809e-01,-1.586810762221018356e+00,-4.335174957867432739e-04,4.973326171619791430e-06,9.223444351873918371e-04,1.588536923968062093e-05,-1.674952053644249617e+01,1.019871054777637909e+01
9.266798496246337891e+00,1.578447384585254465e+00,-7.856369027503584679e-01,-1.586801556750225606e+00,-4.331576429081387134e-04,5.837344733371913064e-06,9.193678322516158578e-04,1.898864391987323459e-05,-1.674972877086432987e+01,1.019846372956107317e+01
9.281920671463012695e+00,1.578443057109005121e+00,-7.856368395317616660e-01,-1.586792370373361072e+00,-4.323440544949285142e-04,6.721426273421406139e-06,9.183309861858146225e-04,1.898864391987670403e-05,-1.674972877086432987e+01,1.019846372956107317e+01
9.294070720672607422e+00,1.578438735976440244e+00,-7.856367660181683421e-01,-1.586783209089681623e+00,-4.318562493241008006e-04,7.870229072351464517e-06,9.146161655904782185e-04,2.304319271348789777e-05,-1.674994508865431442e+01,1.019821642835350417e+01
9.305456399917602539e+00,1.578434422222216860e+00,-7.856366808847070615e-01,-1.586774074335600693e+00,-4.309137689839604921e-04,9.043363772279905399e-06,9.128311411497596478e-04,2.304319271348442832e-05,-1.674994508865431442e+01,1.019821642835350595e+01
9.317545652389526367e+00,1.578430114574944421e+00,-7.856365865380510183e-01,-1.586764950800392704e+00,-4.305743943446479474e-04,9.758949531460739402e-06,9.122514541287287532e-04,-3.329446859288986982e-06,-1.675005406925554041e+01,1.019815476764770068e+01
9.328566312789916992e+00,1.578425806232966355e+00,-7.856364864033964501e-01,-1.586755840956655339e+00,-4.309783265314671681e-04,1.022602287994870199e-05,9.102359758662325641e-04,-1.483196591981275625e-05,-1.675028362348831479e+01,1.019795265347116597e+01
9.342612028121948242e+00,1.578421496361177123e+00,-7.856363814378609645e-01,-1.586746740702194014e+00,-4.309259462300376545e-04,1.072236063071789827e-05,9.101411739631524219e-04,-1.483196591981622570e-05,-1.675028362348831479e+01,1.019795265347116597e+01
9.354323387145996094e+00,1.578417183277292413e+00,-7.856362728273861284e-01,-1.586737649627331326e+00,-4.315527906608993599e-04,1.097910375386047452e-05,9.085494550702200370e-04,-2.281414951062912615e-05,-1.675051771923844512e+01,1.019774693315042136e+01
9.365842103958129883e+00,1.578412866436697870e+00,-7.856361614803534232e-01,-1.586728563924107327e+00,-4.317229375852621931e-04,1.126667759312072886e-05,9.088749173025007216e-04,-2.281414951063243297e-05,-1.675051771923844512e+01,1.019774693315042136e+01
9.378616571426391602e+00,1.578408545304364807e+00,-7.856360495799397103e-01,-1.586719469086362633e+00,-4.323639616426202506e-04,1.113202762036960211e-05,9.102697298756915779e-04,-4.243884961163679748e-05,-1.675063327828833692e+01,1.019767826007065992e+01
9.390884399414062500e+00,1.578404214616277557e+00,-7.856359401217208882e-01,-1.586710368793112336e+00,-4.335769071988916082e-04,1.079808887155747979e-05,9.101206264309612964e-04,-4.608236469556123622e-05,-1.675086605865405076e+01,1.019747109402273644e+01
9.403234958648681641e+00,1.578399874313282103e+00,-7.856358338349856973e-01,-1.586701259429124544e+00,-4.343326802486643652e-04,1.049457201568806952e-05,9.118921092922556686e-04,-4.608236469555784809e-05,-1.675086605865405076e+01,1.019747109402273644e+01
9.416690111160278320e+00,1.578395524693468888e+00,-7.856357322116825914e-01,-1.586692128102936472e+00,-4.354082384380611546e-04,9.894863728472300113e-06,9.144365287472489175e-04,-5.958379884792724956e-05,-1.675097978221530681e+01,1.019739110683631900e+01
9.430263280868530273e+00,1.578391159923381970e+00,-7.856356386242553391e-01,-1.586682976629594233e+00,-4.372828682914309349e-04,8.924219859280952544e-06,9.160185025489694498e-04,-7.461116220160157742e-05,-1.675120296680011123e+01,1.019720932761871346e+01
9.439846277236938477e+00,1.578386778920990441e+00,-7.856355545961151154e-01,-1.586673798708898131e+00,-4.387004526011517450e-04,7.980023271592431855e-06,9.195335830562922051e-04,-7.461116220160496555e-05,-1.675120296680011123e+01,1.019720932761871346e+01
9.450270891189575195e+00,1.578382378855154755e+00,-7.856354822304415508e-01,-1.586664589869327679e+00,-4.410067373434568795e-04,6.631739239027628630e-06,9.222802118767899158e-04,-9.501172038011915233e-05,-1.675141722702080926e+01,1.019703745622087432e+01
9.461320638656616211e+00,1.578377958237096701e+00,-7.856354232264679549e-01,-1.586655342864998541e+00,-4.428565949450693280e-04,5.305053421353431858e-06,9.269732001553258969e-04,-9.501172038012262178e-05,-1.675141722702080926e+01,1.019703745622087254e+01
9.474264383316040039e+00,1.578373520810262498e+00,-7.856353738698533817e-01,-1.586646067970743035e+00,-4.443992391696109266e-04,4.636148264210507297e-06,9.282053106458552656e-04,-6.544410046871104725e-05,-1.675162503277922355e+01,1.019676136332783400e+01
9.484485626220703125e+00,1.578369070465600377e+00,-7.856353311054405930e-01,-1.586636769985463546e+00,-4.454857695295103936e-04,3.984638728212527153e-06,9.313962952286949232e-04,-6.544410046870749648e-05,-1.675162503277922355e+01,1.019676136332783400e+01
9.494921207427978516e+00,1.578364611017903707e+00,-7.856352931496271008e-01,-1.586627443509869062e+00,-4.462517969954509119e-04,3.643245613310728409e-06,9.339664604301786254e-04,-5.412293216070646062e-05,-1.675172416884997162e+01,1.019662956061616477e+01
9.505792856216430664e+00,1.578360146424185650e+00,-7.856352585230684804e-01,-1.586618080497826710e+00,-4.465605101475584541e-04,3.317140348170228431e-06,9.385077216099435571e-04,-5.412293216070637931e-05,-1.675172416884997162e+01,1.019662956061616654e+01
9.516546249389648438e+00,1.578355678684269181e+00,-7.856352247625899565e-01,-1.586608687053836508e+00,-4.468797575190319466e-04,3.426457316958557431e-06,9.403262298723657261e-04,-4.029355802512993106e-05,-1.675192022783366141e+01,1.019638504227779485e+01
9.529656410217285156e+00,1.578351210280847905e+00,-7.856351898273910006e-01,-1.586599264514625629e+00,-4.467389613629980699e-04,3.550636486368552447e-06,9.441292979621750472e-04,-4.029355802512646161e-05,-1.675192022783366141e+01,1.019638504227779485e+01
9.541871309280395508e+00,1.578346744581480721e+00,-7.856351497787327220e-01,-1.586589823184883841e+00,-4.463622489870799838e-04,4.378913791811944040e-06,9.444348044249984732e-04,-1.554855763648277378e-05,-1.675211938995735750e+01,1.019610872107471167e+01
9.554602622985839844e+00,1.578342281433020799e+00,-7.856350994383489716e-01,-1.586580393764934316e+00,-4.462065012903961730e-04,5.572779677055252068e-06,9.420190937096787915e-04,-9.554266306610685036e-06,-1.675232339346577959e+01,1.019586132801439327e+01
9.567050218582153320e+00,1.578337822394577428e+00,-7.856350370543927486e-01,-1.586570977564689899e+00,-4.455864720272121704e-04,6.786096688188216625e-06,9.415915624707909496e-04,-9.554266306614073168e-06,-1.675232339346577959e+01,1.019586132801439327e+01
9.581622838973999023e+00,1.578333369488156945e+00,-7.856349621057354682e-01,-1.586561566330425777e+00,-4.449785919640330298e-04,8.078271157503907202e-06,9.410383059724265926e-04,-1.166273545041501629e-05,-1.675242940724776375e+01,1.019574597914197156e+01
9.594089984893798828e+00,1.578328918679390291e+00,-7.856348751010844289e-01,-1.586552169296480574e+00,-4.450943633913524277e-04,9.213424040384939756e-06,9.389086719239539934e-04,-2.400211954860917624e-05,-1.675265229584869076e+01,1.019553799013172224e+01
9.604026317596435547e+00,1.578324469289020815e+00,-7.856347765976517961e-01,-1.586542782657379691e+00,-4.447415601293040668e-04,1.037570891629672684e-05,9.387607782406401889e-04,-2.400211954860925756e-05,-1.675265229584869076e+01,1.019553799013172046e+01
9.614633321762084961e+00,1.578320021370063886e+00,-7.856346680888913747e-01,-1.586533393364388589e+00,-4.447624286418633993e-04,1.124422065349253708e-05,9.393643869876674296e-04,-4.001784066836453131e-05,-1.675276806773452520e+01,1.019545429089510513e+01
9.628494739532470703e+00,1.578315575836762408e+00,-7.856345507238566839e-01,-1.586523987132635982e+00,-4.443112728785678003e-04,1.214412963129914147e-05,9.419508150202895308e-04,-4.001784066836114317e-05,-1.675276806773452520e+01,1.019545429089510336e+01
9.644015789031982422e+00,1.578311132964648422e+00,-7.856344240002399726e-01,-1.586514568009504078e+00,-4.441962228287068756e-04,1.310970319585123833e-05,9.421789794644224413e-04,-3.269126297485158705e-05,-1.675301032645967325e+01,1.019520965572326610e+01
9.657046794891357422e+00,1.578306687430862665e+00,-7.856342888756115972e-01,-1.586505155783157983e+00,-4.447741347799816030e-04,1.384741866178361772e-05,9.407381477802183919e-04,-3.986187690824599867e-05,-1.675325729366862859e+01,1.019499058488084486e+01
9.666472911834716797e+00,1.578302232598841393e+00,-7.856341493604639403e-01,-1.586495750707622943e+00,-4.459918308308728156e-04,1.404225434592813390e-05,9.406166225939085242e-04,-6.617406216697868464e-05,-1.675338076607427240e+01,1.019492662753502010e+01
9.677957296371459961e+00,1.578297768213243080e+00,-7.856340076919487991e-01,-1.586486335928187996e+00,-4.467324346584128098e-04,1.427442781973611852e-05,9.424806825501258912e-04,-6.617406216697860333e-05,-1.675338076607427240e+01,1.019492662753502010e+01
9.689447164535522461e+00,1.578293294640472411e+00,-7.856338635189586972e-01,-1.586476915649818631e+00,-4.477967724714395498e-04,1.453991052583099297e-05,9.419555596838868720e-04,-5.669436224916071798e-05,-1.675363317557981091e+01,1.019467763633243251e+01
9.706458091735839844e+00,1.578288813055689133e+00,-7.856337164804628737e-01,-1.586467489686985255e+00,-4.483825788996684270e-04,1.484378375737893663e-05,9.434189023325054938e-04,-5.669436224915377909e-05,-1.675363317557981091e+01,1.019467763633243251e+01
9.715512752532958984e+00,1.578284323931098854e+00,-7.856335662170439438e-01,-1.586458061856786284e+00,-4.492740576133764669e-04,1.518161591769397883e-05,9.425612380854768609e-04,-4.710782724371898240e-05,-1.675388207772633464e+01,1.019443231513779580e+01
9.725946426391601562e+00,1.578279822984406611e+00,-7.856334152659107950e-01,-1.586448635722082834e+00,-4.506941332191765942e-04,1.503027334557888867e-05,9.429546244643944447e-04,-6.914692951569606700e-05,-1.675400348483889701e+01,1.019436616278511210e+01
9.737796306610107422e+00,1.578275310475465432e+00,-7.856332656112207102e-01,-1.586439194707284450e+00,-4.516344116788851204e-04,1.491833584582515776e-05,9.453386828769893245e-04,-6.914692951569276018e-05,-1.675400348483889701e+01,1.019436616278511210e+01
9.748986721038818359e+00,1.578270788979541317e+00,-7.856331153133470080e-01,-1.586429746453805523e+00,-4.524990145037411228e-04,1.512688418392948639e-05,9.447044877523814391e-04,-4.350338986523421907e-05,-1.675425124160358692e+01,1.019409370193240960e+01
9.763059377670288086e+00,1.578266261481518828e+00,-7.856329627124934989e-01,-1.586420293573713058e+00,-4.528828227777759695e-04,1.537504447659708215e-05,9.460647012178779666e-04,-4.350338986523413776e-05,-1.675425124160358692e+01,1.019409370193240960e+01
9.772876262664794922e+00,1.578261728981630307e+00,-7.856328071464604434e-01,-1.586410839975170850e+00,-4.534781440103478607e-04,1.571122450954882260e-05,9.450824855477075927e-04,-3.102021239206192993e-05,-1.675449416215606036e+01,1.019384915449610318e+01
9.782942295074462891e+00,1.578257193178542961e+00,-7.856326479946040831e-01,-1.586401385224914806e+00,-4.535915591223669912e-04,1.608824357922150269e-05,9.460955334533711989e-04,-3.102021239206531806e-05,-1.675449416215606036e+01,1.019384915449610318e+01
9.791525840759277344e+00,1.578252654990636605e+00,-7.856324863967113492e-01,-1.586391916829769100e+00,-4.539322103585549466e-04,1.622458845963433219e-05,9.477479927196782485e-04,-4.050888204779057311e-05,-1.675461448100275064e+01,1.019375905741302901e+01
9.802176475524902344e+00,1.578248116057002548e+00,-7.856323232052028205e-01,-1.586382420909250079e+00,-4.537888534484493894e-04,1.640282905472851063e-05,9.514014428416010024e-04,-4.050888204779057311e-05,-1.675461448100275064e+01,1.019375905741302901e+01
9.812337160110473633e+00,1.578243581561354025e+00,-7.856321523951735886e-01,-1.586372927530934174e+00,-4.530990621423669831e-04,1.764241850196919537e-05,9.479500596558875728e-04,2.672215674858965939e-05,-1.675498749035614665e+01,1.019328751699693747e+01
9.822416782379150391e+00,1.578239056637921411e+00,-7.856319689442244902e-01,-1.586363457654441644e+00,-4.519229112417692167e-04,1.892695116427348459e-05,9.465000952612536052e-04,2.672215674859312884e-05,-1.675498749035614665e+01,1.019328751699693747e+01
9.833562850952148438e+00,1.578234545033631031e+00,-7.856317713319732610e-01,-1.586354006017495877e+00,-4.504633491943609946e-04,2.045119669402510609e-05,9.443695870911569638e-04,3.948224327294386216e-05,-1.675511154154283489e+01,1.019314448881771717e+01
9.843660116195678711e+00,1.578230050713387067e+00,-7.856315582003308151e-01,-1.586344564716881456e+00,-4.485146957016813854e-04,2.202628060564556720e-05,9.442330498836935815e-04,3.948224327294039271e-05,-1.675511154154283489e+01,1.019314448881771717e+01
9.853890895843505859e+00,1.578225576473739400e+00,-7.856313271419225197e-01,-1.586335143282487925e+00,-4.464577395464824688e-04,2.399755508985688610e-05,9.407321461780727978e-04,6.781454853690979472e-05,-1.675536945984690362e+01,1.019285543392676274e+01
9.864565134048461914e+00,1.578221125513380008e+00,-7.856310760533735671e-01,-1.586325745927795072e+00,-4.439078111946224915e-04,2.602716626703450997e-05,9.392176130909406489e-04,6.781454853691318285e-05,-1.675536945984690362e+01,1.019285543392676097e+01
9.873965501785278320e+00,1.578216699331540074e+00,-7.856308036729521271e-01,-1.586316380125255554e+00,-4.414886424341171603e-04,2.823850146609898845e-05,9.347190706952047696e-04,8.800296374374821928e-05,-1.675564019712305708e+01,1.019257778422710814e+01
9.884012699127197266e+00,1.578212300072303176e+00,-7.856305088129568182e-01,-1.586307048446379264e+00,-4.385726633447189723e-04,3.051712750012881489e-05,9.321942949373127583e-04,8.800296374374821928e-05,-1.675564019712305708e+01,1.019257778422711169e+01
9.893332958221435547e+00,1.578207928235119573e+00,-7.856301910968367386e-01,-1.586297757194553348e+00,-4.359723739255978074e-04,3.280918419062799074e-05,9.269084131071723270e-04,1.027772975305089875e-04,-1.675592610181174535e+01,1.019230481431773327e+01
9.904381752014160156e+00,1.578203585151169985e+00,-7.856298500410492380e-01,-1.586288508028567579e+00,-4.328717798244670822e-04,3.517817246093167885e-05,9.235799038650016179e-04,1.027772975305124570e-04,-1.675592610181174535e+01,1.019230481431773150e+01
9.913260221481323242e+00,1.578199269634168456e+00,-7.856294868559549061e-01,-1.586279304159816439e+00,-4.303962454064166952e-04,3.726412821890116855e-05,9.180659716435089508e-04,1.067775619372283416e-04,-1.675622676023372648e+01,1.019205061453466676e+01
9.923673152923583984e+00,1.578194981638680661e+00,-7.856291023402351970e-01,-1.586270144759120759e+00,-4.274175934523613400e-04,3.943639971943236483e-05,9.144908433337838906e-04,1.067775619372352805e-04,-1.675622676023372648e+01,1.019205061453466676e+01
9.933328628540039062e+00,1.578190722003401936e+00,-7.856286961895746490e-01,-1.586261038084794350e+00,-4.246981248649151115e-04,4.159340111331176135e-05,9.078277158744488522e-04,1.290612963591071527e-04,-1.675654314760755170e+01,1.019175697841665773e+01
9.943596839904785156e+00,1.578186492339987979e+00,-7.856282679478303610e-01,-1.586251987486869908e+00,-4.214736031383719368e-04,4.384583235873470985e-05,9.030818625389298426e-04,1.290612963591036833e-04,-1.675654314760755170e+01,1.019175697841665773e+01
9.954931974411010742e+00,1.578182291763165157e+00,-7.856278189842724746e-01,-1.586242997424794465e+00,-4.188233082267540409e-04,4.577119956411697388e-05,8.959564379636996475e-04,1.393724828187385689e-04,-1.675686834967518024e+01,1.019148936577971298e+01
9.965748310089111328e+00,1.578178120471944945e+00,-7.856273501973066731e-01,-1.586234068198614233e+00,-4.156670534937204021e-04,4.780077217640676945e-05,8.907233144131538813e-04,1.393724828187385689e-04,-1.675686834967518024e+01,1.019148936577971298e+01
9.974181652069091797e+00,1.578173976797054623e+00,-7.856268638835142148e-01,-1.586225202347470109e+00,-4.132283199273230454e-04,4.932747187880170969e-05,8.834802539670122065e-04,1.449637317914969617e-04,-1.675720157229356744e+01,1.019123481836076550e+01
9.984419822692871094e+00,1.578169860290667526e+00,-7.856263616913290448e-01,-1.586216398652752213e+00,-4.102840004379770919e-04,5.096582562139463993e-05,8.781032389726071974e-04,1.449637317914967991e-04,-1.675720157229356744e+01,1.019123481836076550e+01
9.994564533233642578e+00,1.578165765266218656e+00,-7.856258496201584673e-01,-1.586207650102964939e+00,-4.087873295866514562e-04,5.142186302600467232e-05,8.724745251609562074e-04,1.199093522962907388e-04,-1.675753756484098744e+01,1.019104939621078820e+01
1.000550675392150879e+01,1.578161687979495520e+00,-7.856253323514725828e-01,-1.586198947696243478e+00,-4.067870568745523023e-04,5.199389705041893364e-05,8.686887064803360935e-04,1.199093522962907388e-04,-1.675753756484098744e+01,1.019104939621078820e+01
1.001661896705627441e+01,1.578157627098635052e+00,-7.856248124069280525e-01,-1.586190293777547389e+00,-4.054410329388436927e-04,5.201248149991431063e-05,8.629686843834236121e-04,1.296496733612338692e-04,-1.675787791275478611e+01,1.019079747414120440e+01
1.002774095535278320e+01,1.578153573644264007e+00,-7.856242974601216345e-01,-1.586181701241785813e+00,-4.051926034149052475e-04,5.108844762288095032e-05,8.564862370075924242e-04,1.187524334498001044e-04,-1.675820782747918614e+01,1.019059515202633648e+01
1.003739643096923828e+01,1.578149525401974840e+00,-7.856237911186276790e-01,-1.586173163570336220e+00,-4.044488245712829586e-04,5.027958523168545718e-05,8.518129681532402714e-04,1.187524334498034925e-04,-1.675820782747918614e+01,1.019059515202633648e+01
1.004848504066467285e+01,1.578145477823454046e+00,-7.856232988041661480e-01,-1.586164673504246947e+00,-4.049373508428052906e-04,4.839057867651484421e-05,8.469795260606424042e-04,9.954285101757692766e-05,-1.675852101850804132e+01,1.019042247988881833e+01
1.005849814414978027e+01,1.578141428039204985e+00,-7.856228247751206872e-01,-1.586156221925506760e+00,-4.049394128510666407e-04,4.661091424621247037e-05,8.439352176544457663e-04,9.954285101757692766e-05,-1.675852101850804132e+01,1.019042247988881655e+01
1.006803345680236816e+01,1.578137374308188123e+00,-7.856223721564717932e-01,-1.586147805913957098e+00,-4.056560766606782465e-04,4.417353031290708471e-05,8.399581388604791289e-04,9.895436491723363925e-05,-1.675881172990841961e+01,1.019022705648357174e+01
1.007715320587158203e+01,1.578133316034884492e+00,-7.856219433557379839e-01,-1.586139419909126769e+00,-4.058963799021928658e-04,4.183645434881764005e-05,8.377553698984754882e-04,9.895436491723710870e-05,-1.675881172990841961e+01,1.019022705648357174e+01
1.008867812156677246e+01,1.578129253750513383e+00,-7.856215394017687093e-01,-1.586131064648388600e+00,-4.064298595230313974e-04,3.923022538634838088e-05,8.339668472634594824e-04,1.121422584370348455e-04,-1.675907561825482617e+01,1.019001475326209949e+01
1.009727716445922852e+01,1.578125188696654746e+00,-7.856211610119763211e-01,-1.586122737578778752e+00,-4.064977418199519502e-04,3.671373808929265931e-05,8.319399696997218513e-04,1.121422584370346828e-04,-1.675907561825482617e+01,1.019001475326209949e+01
1.010847473144531250e+01,1.578121121626378631e+00,-7.856208087504700233e-01,-1.586114438927807901e+00,-4.068096447542686933e-04,3.402125389106785622e-05,8.284304176075483767e-04,1.231657213757730851e-04,-1.675931242477368599e+01,1.018981525203672334e+01
1.011817669868469238e+01,1.578117053942082126e+00,-7.856204829767433617e-01,-1.586106165743121466e+00,-4.066669160255680332e-04,3.140738246954193763e-05,8.266708037456887634e-04,1.231657213757731664e-04,-1.675931242477368599e+01,1.018981525203672511e+01
1.012788796424865723e+01,1.578112987216748531e+00,-7.856201832444705824e-01,-1.586097919563774550e+00,-4.066101480777475582e-04,2.881036375242248745e-05,8.231995930270601201e-04,1.374371482220741736e-04,-1.675952651588736941e+01,1.018961415757198274e+01
1.013849949836730957e+01,1.578108923504455419e+00,-7.856199091066942142e-01,-1.586089698528211578e+00,-4.061095695514593102e-04,2.628082816380841735e-05,8.214672558026212597e-04,1.374371482220775617e-04,-1.675952651588736941e+01,1.018961415757198274e+01
1.014804816246032715e+01,1.578104865627830256e+00,-7.856196587118946528e-01,-1.586081506871662050e+00,-4.054588780068758965e-04,2.403278140880680397e-05,8.175420827554746601e-04,1.589822783609855239e-04,-1.675972195452401792e+01,1.018940033125554301e+01
1.015745759010314941e+01,1.578100816646352600e+00,-7.856194304786235927e-01,-1.586073344963538911e+00,-4.043747142775309359e-04,2.184200845693935744e-05,8.153438163654444862e-04,1.589822783609855239e-04,-1.675972195452401436e+01,1.018940033125554301e+01
1.016893506050109863e+01,1.578096778276137258e+00,-7.856192231781152779e-01,-1.586065214689667213e+00,-4.033331611678796832e-04,1.982783073071559335e-05,8.113897376805256391e-04,1.699897995288240351e-04,-1.675990181733900286e+01,1.018920890017500724e+01
1.017742872238159180e+01,1.578092752656240716e+00,-7.856190357503415322e-01,-1.586057114524727085e+00,-4.018678009163154530e-04,1.786192783660061137e-05,8.091495639734127849e-04,1.699897995288239538e-04,-1.675990181733900286e+01,1.018920890017500724e+01
1.018808388710021973e+01,1.578088741399453321e+00,-7.856188667864286712e-01,-1.586049046538882346e+00,-4.004559271291573824e-04,1.611273469406728637e-05,8.051306939928436993e-04,1.792338157934232623e-04,-1.676007202451808809e+01,1.018902003372237530e+01
1.019799828529357910e+01,1.578084746546725148e+00,-7.856187150896326576e-01,-1.586041009382485045e+00,-3.986291829364172162e-04,1.440385812914550534e-05,8.028125061592895819e-04,1.792338157934197929e-04,-1.676007202451808809e+01,1.018902003372237530e+01
1.020885205268859863e+01,1.578080770001973443e+00,-7.856185787476158700e-01,-1.586033006388328337e+00,-3.967956790311815687e-04,1.300975582037115774e-05,7.984968347950782176e-04,1.902796893408394141e-04,-1.676023578075697884e+01,1.018882508523161690e+01
1.021926760673522949e+01,1.578076814032449704e+00,-7.856184561590441318e-01,-1.586025037268166571e+00,-3.945554486739073189e-04,1.164931166065591092e-05,7.958678346718058624e-04,1.902796893408324752e-04,-1.676023578075697884e+01,1.018882508523161690e+01
1.022767114639282227e+01,1.578072879083225466e+00,-7.856183464314635545e-01,-1.586017102729564865e+00,-3.925670449001969747e-04,1.042362612205683520e-05,7.917302045836133260e-04,1.897276473398559760e-04,-1.676039455765086572e+01,1.018865139069679771e+01
1.023794507980346680e+01,1.578068966217327729e+00,-7.856182488040507339e-01,-1.586009200363392324e+00,-3.901792992488794121e-04,9.226035293275879762e-06,7.892649641514785149e-04,1.897276473398594454e-04,-1.676039455765086572e+01,1.018865139069679948e+01
1.024899077415466309e+01,1.578065076961818969e+00,-7.856181612761584665e-01,-1.586001334092023818e+00,-3.878406100083895314e-04,8.369276802046819730e-06,7.847181742953904075e-04,1.979923387476732743e-04,-1.676055254280970175e+01,1.018845602662873695e+01
1.025844073295593262e+01,1.578061213255558259e+00,-7.856180821841747264e-01,-1.585993504165364332e+00,-3.851092366754858658e-04,7.536182060135891703e-06,7.818289731195877685e-04,1.979923387476766625e-04,-1.676055254280970175e+01,1.018845602662873695e+01
1.026878881454467773e+01,1.578057373903394955e+00,-7.856180116853609396e-01,-1.585985709027311952e+00,-3.829164310928076824e-04,6.655134823331694538e-06,7.778665776614133824e-04,1.851473373421681778e-04,-1.676070792439348267e+01,1.018830159196877894e+01
1.027953791618347168e+01,1.578053558608242701e+00,-7.856179498857176480e-01,-1.585977944470500223e+00,-3.803369785017066346e-04,5.794039229459896356e-06,7.755473216815367884e-04,1.851473373421682592e-04,-1.676070792439348267e+01,1.018830159196877894e+01
1.028795957565307617e+01,1.578049766996087566e+00,-7.856178961249705717e-01,-1.585970211485757009e+00,-3.781418560387505429e-04,5.036694938231021934e-06,7.717035409765353720e-04,1.793689999460140738e-04,-1.676086465284076610e+01,1.018812957395066299e+01
1.029824519157409668e+01,1.578045999433369539e+00,-7.856178498458290527e-01,-1.585962507967800583e+00,-3.755656389301458920e-04,4.295802392802021419e-06,7.694899000879067055e-04,1.793689999460072162e-04,-1.676086465284076610e+01,1.018812957395066299e+01
1.031041502952575684e+01,1.578042255801137106e+00,-7.856178100271590248e-01,-1.585954836088478537e+00,-3.733228342412033408e-04,3.727145872480571581e-06,7.655476051935821997e-04,1.758603013810624541e-04,-1.676102066262537704e+01,1.018795027409920095e+01
1.032198405265808105e+01,1.578038536667143665e+00,-7.856177758191735805e-01,-1.585947194732317378e+00,-3.707039925381651053e-04,3.172099508661364170e-06,7.632224658539728344e-04,1.758603013810622914e-04,-1.676102066262537704e+01,1.018795027409919918e+01
1.033011603355407715e+01,1.578034842887657829e+00,-7.856177473945362699e-01,-1.585939575025231640e+00,-3.682370659496175033e-04,2.574523200201458278e-06,7.611879685953607932e-04,1.666733336435805588e-04,-1.676109767487033864e+01,1.018787485712887708e+01
1.034140038490295410e+01,1.578031175825228116e+00,-7.856177248835742866e-01,-1.585931966817050398e+00,-3.653980446388543132e-04,1.988041798026488061e-06,7.607614621645563974e-04,1.666733336435771706e-04,-1.676109767487033864e+01,1.018787485712887708e+01
1.035196137428283691e+01,1.578027529561927045e+00,-7.856177098241617918e-01,-1.585924373927172004e+00,-3.639394971725171037e-04,1.112832161152647881e-06,7.583248195914989425e-04,1.315863928596089361e-04,-1.676132811966525082e+01,1.018766241112810356e+01
1.036162233352661133e+01,1.578023899912058825e+00,-7.856177034714718621e-01,-1.585916796590158828e+00,-3.621125567437435467e-04,2.455892159627590110e-07,7.574901285266639073e-04,1.315863928596020785e-04,-1.676132811966525082e+01,1.018766241112810356e+01
1.037141680717468262e+01,1.578020286578775577e+00,-7.856177067399459091e-01,-1.585909224367996417e+00,-3.606409406434168529e-04,-7.944567664212691394e-07,7.572429151213506439e-04,1.138371982729937412e-04,-1.676140413485662961e+01,1.018759939982028584e+01
1.038130688667297363e+01,1.578016689969394815e+00,-7.856177203857479530e-01,-1.585901645820583683e+00,-3.588044886259455883e-04,-1.830630750476128915e-06,7.585954048089857404e-04,1.138371982729834142e-04,-1.676140413485662961e+01,1.018759939982028584e+01
1.039206433296203613e+01,1.578013108050475344e+00,-7.856177444153642497e-01,-1.585894060922494075e+00,-3.576362432661904381e-04,-2.871146702287247221e-06,7.586437109105457436e-04,9.555494475017856093e-05,-1.676155398085694515e+01,1.018743950815660959e+01
1.040042924880981445e+01,1.578009539807210704e+00,-7.856177788512930249e-01,-1.585886466728134492e+00,-3.561057846633088357e-04,-3.912206590680773061e-06,7.602946914171827397e-04,9.555494475018194906e-05,-1.676155398085694515e+01,1.018743950815660959e+01
1.041123437881469727e+01,1.578005983747369445e+00,-7.856178229059145313e-01,-1.585878865120184944e+00,-3.551429808202802687e-04,-4.809589482291255075e-06,7.602920734122637671e-04,8.068233962108678492e-05,-1.676169824107878625e+01,1.018726748296876039e+01
1.042091989517211914e+01,1.578002439296045001e+00,-7.856178759584158122e-01,-1.585871254705913502e+00,-3.538202468483697856e-04,-5.711634694853355565e-06,7.618956223858792259e-04,8.068233962108678492e-05,-1.676169824107878625e+01,1.018726748296876217e+01
1.043007278442382812e+01,1.577998905652937767e+00,-7.856179362807467204e-01,-1.585863639711665662e+00,-3.529374889176493122e-04,-6.295618722872327322e-06,7.614165263652742863e-04,7.047702906480901391e-05,-1.676183758445512595e+01,1.018708000691751359e+01
1.044205975532531738e+01,1.577995382807676705e+00,-7.856180024848842258e-01,-1.585856020661922550e+00,-3.516966177669148008e-04,-6.887423626328152693e-06,7.625459842626695212e-04,7.047702906480893259e-05,-1.676183758445512595e+01,1.018708000691751359e+01
1.045323967933654785e+01,1.577991867501298495e+00,-7.856180718613062774e-01,-1.585848411941964242e+00,-3.513413108027213104e-04,-6.980103278229031483e-06,7.597434694152156893e-04,5.224069851537949116e-05,-1.676204079012210713e+01,1.018680038377936370e+01
1.046408772468566895e+01,1.577988357708142830e+00,-7.856181422153455385e-01,-1.585840822416102469e+00,-3.506297808525354973e-04,-7.082060010558857005e-06,7.585459721784727164e-04,5.224069851537594040e-05,-1.676204079012210713e+01,1.018680038377936370e+01
1.047430157661437988e+01,1.577984852772448265e+00,-7.856182143183402244e-01,-1.585833241930119542e+00,-3.503288742510584394e-04,-7.316688838604045592e-06,7.578818365241019039e-04,3.087917764317210461e-05,-1.676210707499116381e+01,1.018673812711983651e+01
1.048627066612243652e+01,1.577981352797413805e+00,-7.856182888224032546e-01,-1.585825659279491262e+00,-3.496731799869982850e-04,-7.561357545678507042e-06,7.588188404445102894e-04,3.087917764317210461e-05,-1.676210707499116381e+01,1.018673812711983651e+01
1.049778032302856445e+01,1.577977854830318272e+00,-7.856183660516465883e-01,-1.585818073223646874e+00,-3.498446121077952026e-04,-7.856745601949634283e-06,7.586714559803414172e-04,3.995501100466288544e-06,-1.676224449654796445e+01,1.018659062019612804e+01
1.050768923759460449e+01,1.577974350534531167e+00,-7.856184467837641350e-01,-1.585810493953955236e+00,-3.508551478933562132e-04,-8.252060194292084455e-06,7.575579975273578730e-04,-2.298550627597906377e-05,-1.676238409858612144e+01,1.018644710072605619e+01
1.051932668685913086e+01,1.577970838076382609e+00,-7.856185315345060038e-01,-1.585802917015653346e+00,-3.515125303630873286e-04,-8.659411773171820509e-06,7.580450255003847327e-04,-2.298550627597906377e-05,-1.676238409858612144e+01,1.018644710072605442e+01
1.053380823135375977e+01,1.577967315853360475e+00,-7.856186199441482776e-01,-1.585795342970144128e+00,-3.527502067374813370e-04,-8.991495230259004962e-06,7.571205156651796258e-04,-3.866325793618757833e-05,-1.676252463432723161e+01,1.018628589693336295e+01
1.054517626762390137e+01,1.577963783188797375e+00,-7.856187117489485949e-01,-1.585787769371803213e+00,-3.536361146921009231e-04,-9.337203788881056482e-06,7.577955948058433776e-04,-3.866325793619104778e-05,-1.676252463432723161e+01,1.018628589693336295e+01
1.055399250984191895e+01,1.577960239868986481e+00,-7.856188079671568847e-01,-1.585780185363427019e+00,-3.548486285219374595e-04,-9.856927470846578443e-06,7.591363130636835828e-04,-5.582490102771709068e-05,-1.676259325831527391e+01,1.018622818284074505e+01
1.056457805633544922e+01,1.577956686356389859e+00,-7.856189094668336592e-01,-1.585772579130187321e+00,-3.557097764094671599e-04,-1.039213541762775903e-05,7.620809295368258154e-04,-5.582490102771717200e-05,-1.676259325831527391e+01,1.018622818284074505e+01
1.057699155807495117e+01,1.577953117939870253e+00,-7.856190191234314613e-01,-1.585764942057301008e+00,-3.577149698575548598e-04,-1.143756300299144171e-05,7.652798805649868152e-04,-9.637325055564249787e-05,-1.676272894001357017e+01,1.018613342340432126e+01
1.058733487129211426e+01,1.577949529451628585e+00,-7.856191366348084237e-01,-1.585757285877136713e+00,-3.597238064953690753e-04,-1.201060816763844380e-05,7.661372471280600543e-04,-8.781469997580157449e-05,-1.676286676440703260e+01,1.018593601743157961e+01
1.059843325614929199e+01,1.577945922807451051e+00,-7.856192599857099168e-01,-1.585749612223338323e+00,-3.613813107805666203e-04,-1.260367244089932379e-05,7.686133224555713808e-04,-8.781469997579818636e-05,-1.676286676440703260e+01,1.018593601743157961e+01
1.060920000076293945e+01,1.577942296845887604e+00,-7.856193889226064098e-01,-1.585741920236007019e+00,-3.635374190637911409e-04,-1.313424923913729045e-05,7.699214110599601757e-04,-1.017069072157851528e-04,-1.676299709417135730e+01,1.018578661615657666e+01
1.061958432197570801e+01,1.577938651255681002e+00,-7.856195232874934042e-01,-1.585734206224490794e+00,-3.653421503669832416e-04,-1.368722234055663040e-05,7.728562308188878082e-04,-1.017069072157817647e-04,-1.676299709417135730e+01,1.018578661615657666e+01
1.062849473953247070e+01,1.577934986452582011e+00,-7.856196616591172299e-01,-1.585726472150307709e+00,-3.673587518881950720e-04,-1.396341569361112672e-05,7.741034336401434856e-04,-1.035298256019252219e-04,-1.676312640041430413e+01,1.018561681871498692e+01
1.063982868194580078e+01,1.577931303419472853e+00,-7.856198029249454873e-01,-1.585718716611959955e+00,-3.690232718936397715e-04,-1.426375172176776868e-05,7.769862298140127813e-04,-1.035298256019251406e-04,-1.676312640041430413e+01,1.018561681871498692e+01
1.064895868301391602e+01,1.577927605537488676e+00,-7.856199432542043670e-01,-1.585710947855853314e+00,-3.703610670982245326e-04,-1.384771434868566423e-05,7.770312691516851732e-04,-8.210393740534427582e-05,-1.676325727625823347e+01,1.018540113343408038e+01
1.065896201133728027e+01,1.577923896221924860e+00,-7.856200795551459004e-01,-1.585703169620966912e+00,-3.713451812624360806e-04,-1.345556144524999095e-05,7.787181142296581426e-04,-8.210393740533403011e-05,-1.676325727625823347e+01,1.018540113343408038e+01
1.066954541206359863e+01,1.577920177917418343e+00,-7.856202089373915953e-01,-1.585695387791990596e+00,-3.721741564694875043e-04,-1.251825468371681530e-05,7.779915909267044998e-04,-6.758101629263110559e-05,-1.676339109661532945e+01,1.018520103703863811e+01
1.067960333824157715e+01,1.577916453281337228e+00,-7.856203290640285664e-01,-1.585687604187114408e+00,-3.726468718021446586e-04,-1.160201268748635786e-05,7.789089476655992363e-04,-6.758101629264143262e-05,-1.676339109661532945e+01,1.018520103703863811e+01
1.068928003311157227e+01,1.577912724252672483e+00,-7.856204377165088015e-01,-1.585679823509774877e+00,-3.730585005679926602e-04,-1.026509422257090506e-05,7.776260466811752130e-04,-5.549197862446389657e-05,-1.676353468760179766e+01,1.018500629138074842e+01
1.070254015922546387e+01,1.577908993084329303e+00,-7.856205330917217511e-01,-1.585672046623272546e+00,-3.731104627644021669e-04,-8.944469191714005812e-06,7.779863118338430777e-04,-5.549197862446744733e-05,-1.676353468760179766e+01,1.018500629138074842e+01
1.071012401580810547e+01,1.577905262043065582e+00,-7.856206129589412557e-01,-1.585664279109328056e+00,-3.730445371185167657e-04,-7.204856646564252592e-06,7.759871898250642053e-04,-3.875213769955607374e-05,-1.676369188280006028e+01,1.018480123008232496e+01
1.072150158882141113e+01,1.577901533659828548e+00,-7.856206754870299624e-01,-1.585656522565865423e+00,-3.726148709142483324e-04,-5.475059432991525449e-06,7.756278374069418367e-04,-3.875213769955276693e-05,-1.676369188280006028e+01,1.018480123008232496e+01
1.073075485229492188e+01,1.577897808838170768e+00,-7.856207198753500931e-01,-1.585648779705693068e+00,-3.723185175239841251e-04,-3.591632328812845859e-06,7.734335801252111269e-04,-3.049279579570357752e-05,-1.676386300433061294e+01,1.018461265961276041e+01
1.074179196357727051e+01,1.577894089003515132e+00,-7.856207454446108018e-01,-1.585641049796260083e+00,-3.716539122088528347e-04,-1.710376826914543347e-06,7.728737746071476147e-04,-3.049279579570374015e-05,-1.676386300433061294e+01,1.018461265961276041e+01
1.075373363494873047e+01,1.577890374334839363e+00,-7.856207522743527960e-01,-1.585633334202837030e+00,-3.712580616856334505e-04,1.581969035343785968e-07,7.707284608978787113e-04,-2.557385209927057201e-05,-1.676404923042520778e+01,1.018442947270933630e+01
1.076641106605529785e+01,1.577886665673737587e+00,-7.856207403899236885e-01,-1.585625631101786226e+00,-3.704893038760527892e-04,2.032531114041970927e-06,7.702119646909825080e-04,-2.557385209927057201e-05,-1.676404923042520778e+01,1.018442947270933630e+01
1.078404712677001953e+01,1.577882964472585581e+00,-7.856207102802216236e-01,-1.585617932065491731e+00,-3.697615274712855345e-04,3.813251418375782076e-06,7.698953802693676851e-04,-2.637798969627389023e-05,-1.676414732425604370e+01,1.018434347077019630e+01
1.079913759231567383e+01,1.577879264506307111e+00,-7.856206666401193139e-01,-1.585610235009628388e+00,-3.701321407667603489e-04,4.816814747910132255e-06,7.697942641574162873e-04,-5.437391845436803650e-05,-1.676434983589523142e+01,1.018422611828701818e+01
1.080895066261291504e+01,1.577875556524698686e+00,-7.856206170349276929e-01,-1.585602528938756972e+00,-3.712860342441976153e-04,5.080479279735445469e-06,7.715163512342815451e-04,-8.615497365930041757e-05,-1.676445322799341398e+01,1.018420213303833854e+01
1.082303357124328613e+01,1.577871839098957674e+00,-7.856205647046085039e-01,-1.585594796682878282e+00,-3.720588062294508027e-04,5.360316764264384803e-06,7.748690918558480932e-04,-8.615497365929364131e-05,-1.676445322799341753e+01,1.018420213303833854e+01
1.083571457862854004e+01,1.577868104998553456e+00,-7.856205162992272450e-01,-1.585587023523784556e+00,-3.744580813682853041e-04,4.417631792855494788e-06,7.795641672301610939e-04,-1.364106683865058678e-04,-1.676465873224960390e+01,1.018412760038639497e+01
1.084881401062011719e+01,1.577864349016222967e+00,-7.856204772377182177e-01,-1.585579194361114386e+00,-3.764733935032439313e-04,3.489737494847926225e-06,7.859069635849840006e-04,-1.364106683865093372e-04,-1.676465873224960390e+01,1.018412760038639675e+01
1.086412501335144043e+01,1.577860569689234937e+00,-7.856204504526297372e-01,-1.585571294202003489e+00,-3.790687611127442646e-04,2.016469960224465813e-06,7.936280779834974791e-04,-1.603572638408135595e-04,-1.676475869020574194e+01,1.018408589121398578e+01
1.087625098228454590e+01,1.577856759252559415e+00,-7.856204411743242799e-01,-1.585563318655754506e+00,-3.826014481704503411e-04,3.827824573456040103e-08,8.010199482573025775e-04,-1.843572093225796793e-04,-1.676494700687314676e+01,1.018394954889071968e+01
1.088906764984130859e+01,1.577852915618895846e+00,-7.856204516436974261e-01,-1.585555259893121960e+00,-3.857467579904102551e-04,-1.934313048863618018e-06,8.101049194857530208e-04,-1.843572093225762099e-04,-1.676494700687314676e+01,1.018394954889071968e+01
1.090183520317077637e+01,1.577849036918238967e+00,-7.856204847137241432e-01,-1.585547102054362778e+00,-3.895489591659051531e-04,-4.430288419701895741e-06,8.206887205519557485e-04,-2.142640133437206940e-04,-1.676503253377222435e+01,1.018391495870884000e+01
1.091600847244262695e+01,1.577845117777045614e+00,-7.856205420832543806e-01,-1.585538847356874337e+00,-3.937907640876346172e-04,-6.806982313059279505e-06,8.296430163991831436e-04,-2.221761249515813441e-04,-1.676519216676166835e+01,1.018373417930056313e+01
1.092834210395812988e+01,1.577841158363851637e+00,-7.856206232638484055e-01,-1.585530493488804593e+00,-3.976422338406682090e-04,-9.192451542011127741e-06,8.403509072294217033e-04,-2.221761249515778747e-04,-1.676519216676166835e+01,1.018373417930056313e+01
1.093851232528686523e+01,1.577837160194393018e+00,-7.856207277708628922e-01,-1.585522032268144477e+00,-4.015374038599565866e-04,-1.148260624370123217e-05,8.511119597027752472e-04,-2.284558842237834064e-04,-1.676526384195301844e+01,1.018364466696776915e+01
1.095212149620056152e+01,1.577833120819247759e+00,-7.856208533346301648e-01,-1.585513473625767222e+00,-4.058421818138073988e-04,-1.343800784477230600e-05,8.600236149029776185e-04,-2.403866481492135387e-04,-1.676539426408702482e+01,1.018346166592490221e+01
1.096607279777526855e+01,1.577829040564647345e+00,-7.856209985737291346e-01,-1.585504815886097152e+00,-4.097524763973525459e-04,-1.541608782406212602e-05,8.707530664171798506e-04,-2.403866481492169269e-04,-1.676539426408702482e+01,1.018346166592490043e+01
1.097599387168884277e+01,1.577824925676490020e+00,-7.856211586476243847e-01,-1.585496061546162627e+00,-4.128498119287683224e-04,-1.649537085381602361e-05,8.795411990056151152e-04,-2.116893692954319747e-04,-1.676545788857341179e+01,1.018329394685400047e+01
1.098605465888977051e+01,1.577820779052276023e+00,-7.856213257418624973e-01,-1.585487233669981677e+00,-4.160854524336428622e-04,-1.688897131722939815e-05,8.857235048165728111e-04,-2.147110201716067332e-04,-1.676557454542331271e+01,1.018308315221338844e+01
1.099542474746704102e+01,1.577816602277190228e+00,-7.856214969355465039e-01,-1.585478333686542785e+00,-4.189196687248955726e-04,-1.731241617217724529e-05,8.937779280399657349e-04,-2.147110201715964062e-04,-1.676557454542331271e+01,1.018308315221339022e+01
1.100658869743347168e+01,1.577812402779091627e+00,-7.856216630471950513e-01,-1.585469382666472749e+00,-4.207317302372626743e-04,-1.604180888053596127e-05,8.964690300507804389e-04,-1.667688857633770874e-04,-1.676570046982185858e+01,1.018276030620038064e+01
1.101784420013427734e+01,1.577808187401101181e+00,-7.856218166087904908e-01,-1.585460394320108657e+00,-4.221358247109967287e-04,-1.479917012451106850e-05,9.010549815388888863e-04,-1.667688857633804755e-04,-1.676570046982185858e+01,1.018276030620038064e+01
1.103344321250915527e+01,1.577803963841061918e+00,-7.856219485555353543e-01,-1.585451390297061725e+00,-4.224740358495955844e-04,-1.188523211688571543e-05,9.001537264207951517e-04,-1.144368358802077287e-04,-1.676584261204648030e+01,1.018242705087692812e+01
1.104468822479248047e+01,1.577799739185051120e+00,-7.856220514730685167e-01,-1.585442384821896811e+00,-4.223958895777350938e-04,-8.990405030248876245e-06,9.011551674152885015e-04,-1.144368358802044219e-04,-1.676584261204647675e+01,1.018242705087692634e+01
1.105690073966979980e+01,1.577795517541059400e+00,-7.856221226728974383e-01,-1.585433375056486627e+00,-4.219114024097826536e-04,-5.591042267256204207e-06,9.011160114259183541e-04,-1.013498541637541939e-04,-1.676592243742497956e+01,1.018228715017991526e+01
1.106838703155517578e+01,1.577791303084676189e+00,-7.856221599167828584e-01,-1.585424355207504910e+00,-4.210000876687451351e-04,-2.197453955062132064e-06,9.029817284611973624e-04,-1.013498541637541939e-04,-1.676592243742498312e+01,1.018228715017991526e+01
1.107850956916809082e+01,1.577787095970812903e+00,-7.856221617517530342e-01,-1.585415329395229111e+00,-4.204098116656930506e-04,1.465085487130368680e-06,9.025396990205111249e-04,-1.013409834682461061e-04,-1.676610925888513037e+01,1.018206465192733923e+01
1.108928442001342773e+01,1.577782893616187510e+00,-7.856221255543504034e-01,-1.585406323236334902e+00,-4.200266767604762114e-04,5.384648348779816351e-06,8.993274430383376827e-04,-9.008508241267754180e-05,-1.676633389898621473e+01,1.018181251287684574e+01
1.109825372695922852e+01,1.577778697527478347e+00,-7.856220500717290278e-01,-1.585397338739220396e+00,-4.192001211956566985e-04,9.321743612706202137e-06,8.980164454803400784e-04,-9.008508241268092993e-05,-1.676633389898621473e+01,1.018181251287684574e+01
1.110909461975097656e+01,1.577774509509383360e+00,-7.856219336779474149e-01,-1.585388385183424509e+00,-4.184082495064156328e-04,1.354017671804409739e-05,8.934624604660570263e-04,-6.591104921023147045e-05,-1.676659269946622999e+01,1.018153178780015011e+01
1.112126159667968750e+01,1.577770331900425704e+00,-7.856217749157614616e-01,-1.585379466771809964e+00,-4.171628265381645186e-04,1.779341749497424449e-05,8.907974687318732238e-04,-6.591104921023147045e-05,-1.676659269946622999e+01,1.018153178780015011e+01
1.113176751136779785e+01,1.577766166821843896e+00,-7.856215727480663213e-01,-1.585370592867329842e+00,-4.159028364982387898e-04,2.220678428605351099e-05,8.848843556037938683e-04,-3.476480225243772093e-05,-1.676688159906183984e+01,1.018124226850918923e+01
1.114123177528381348e+01,1.577762016886823826e+00,-7.856213261620907939e-01,-1.585361767794903232e+00,-4.141796655569953464e-04,2.667330218857500573e-05,8.808422403760254610e-04,-3.476480225243772093e-05,-1.676688159906183984e+01,1.018124226850918923e+01
1.115182447433471680e+01,1.577757884619389595e+00,-7.856210353455131967e-01,-1.585352984795150189e+00,-4.123764929231886998e-04,3.106221116629765897e-05,8.764985306965184918e-04,-2.456789023688046663e-05,-1.676703584510182310e+01,1.018111025375656098e+01
1.116223931312561035e+01,1.577753772981848046e+00,-7.856207002523125649e-01,-1.585344235032640103e+00,-4.101001200569066299e-04,3.552298089449807544e-05,8.740082726944333434e-04,-2.456789023688038531e-05,-1.676703584510182310e+01,1.018111025375656098e+01
1.117123055458068848e+01,1.577749680478299110e+00,-7.856203240607979588e-01,-1.585335518610286432e+00,-4.084829471964212828e-04,3.934699991668764302e-05,8.699828845879374519e-04,-1.645386077953761377e-05,-1.676736236068670038e+01,1.018087774298987824e+01
1.118666720390319824e+01,1.577745606800365907e+00,-7.856199091441393723e-01,-1.585326832317420997e+00,-4.063825530758280284e-04,4.326041583148842670e-05,8.677973256689753070e-04,-1.645386077954108322e-05,-1.676736236068670038e+01,1.018087774298987824e+01
1.119866418838500977e+01,1.577741550403016113e+00,-7.856194590710092740e-01,-1.585318176631314691e+00,-4.049585017023348086e-04,4.645174746409049329e-05,8.640197057588902899e-04,-5.396821409698384373e-06,-1.676771213512353143e+01,1.018063640429759609e+01
1.121110439300537109e+01,1.577737500903698464e+00,-7.856189843189652633e-01,-1.585309559958171244e+00,-4.048691236399665672e-04,4.832853848251057738e-05,8.600159925684562438e-04,-2.028056299061353567e-05,-1.676807527425473054e+01,1.018044480203171887e+01
1.122524547576904297e+01,1.577733455006661289e+00,-7.856184902061090769e-01,-1.585300973312731454e+00,-4.042870559165009491e-04,5.031373630883483050e-05,8.578312057630895979e-04,-2.028056299061345435e-05,-1.676807527425473054e+01,1.018044480203171887e+01
1.123721122741699219e+01,1.577729411956011463e+00,-7.856179801576422816e-01,-1.585292402728781802e+00,-4.042454995696909701e-04,5.158738270595597530e-05,8.566979697689164428e-04,-3.247839592518050877e-05,-1.676825949843603425e+01,1.018035852759111570e+01
1.124834227561950684e+01,1.577725360113235942e+00,-7.856174664538122521e-01,-1.585283839424367125e+00,-4.058780156124946201e-04,5.121006308147699193e-05,8.563013725160746950e-04,-6.248490706143436575e-05,-1.676862015241820458e+01,1.018020600716833712e+01
1.126446771621704102e+01,1.577721294670675789e+00,-7.856169558930478081e-01,-1.585275270125178659e+00,-4.070150489311423871e-04,5.094720595142255420e-05,8.577159884012230603e-04,-6.248490706143791651e-05,-1.676862015241820458e+01,1.018020600716833712e+01
1.128211545944213867e+01,1.577717211897648575e+00,-7.856164540942183194e-01,-1.585266689277418539e+00,-4.092358521241196189e-04,4.956893394430367250e-05,8.586586890048622696e-04,-6.957204928990595532e-05,-1.676896746129236604e+01,1.018001013758401463e+01
1.129185080528259277e+01,1.577713102736361339e+00,-7.856159708592291846e-01,-1.585258089160088257e+00,-4.122169952765934796e-04,4.732078907782738542e-05,8.613915323555712805e-04,-9.505422983617498240e-05,-1.676912922550794249e+01,1.017995959284050933e+01
1.130235242843627930e+01,1.577708966469779872e+00,-7.856155095177441705e-01,-1.585249451699540568e+00,-4.147063733610049647e-04,4.517884250424550677e-05,8.659464043579102530e-04,-9.505422983617514503e-05,-1.676912922550794249e+01,1.017995959284050933e+01
1.131390857696533203e+01,1.577704799537158253e+00,-7.856150756756723474e-01,-1.585240754771497951e+00,-4.182454729380712241e-04,4.193059493185109787e-05,8.730338110184568748e-04,-1.344166756071206448e-04,-1.676928149742373009e+01,1.017994042634294694e+01
1.132503676414489746e+01,1.577700599903079315e+00,-7.856146737892583110e-01,-1.585231976826613209e+00,-4.212957485839849718e-04,3.877711570780383726e-05,8.819679004713257536e-04,-1.344166756071172566e-04,-1.676928149742373009e+01,1.017994042634294694e+01
1.133480834960937500e+01,1.577696370341615140e+00,-7.856143030366420366e-01,-1.585223124836702357e+00,-4.242416074947480886e-04,3.569556324831439295e-05,8.881233070409939694e-04,-1.008185547921522374e-04,-1.676956925481122695e+01,1.017967038779177358e+01
1.134551572799682617e+01,1.577692113996830958e+00,-7.856139626453414460e-01,-1.585214200973077636e+00,-4.267012651759018323e-04,3.269562751399661404e-05,8.961572652283183310e-04,-1.008185547921522374e-04,-1.676956925481122695e+01,1.017967038779177358e+01
1.135720944404602051e+01,1.577687833408371487e+00,-7.856136509045116290e-01,-1.585205212248919082e+00,-4.290969643386248087e-04,2.994003787969113858e-05,9.013789449885299069e-04,-7.521529391313349993e-05,-1.676982072173494132e+01,1.017940893816254544e+01
1.136805224418640137e+01,1.577683532015768941e+00,-7.856133619113061517e-01,-1.585196194349535403e+00,-4.309197444404991393e-04,2.805794935037365587e-05,9.024122306343646937e-04,-3.229499269130978178e-05,-1.677004659082832205e+01,1.017910096264902364e+01
1.137953925132751465e+01,1.577679215042297134e+00,-7.856130913754029166e-01,-1.585187155623040134e+00,-4.322615617111631790e-04,2.624137431616810345e-05,9.053541976427794541e-04,-3.229499269131325123e-05,-1.677004659082832205e+01,1.017910096264902364e+01
1.139421844482421875e+01,1.577674887480283061e+00,-7.856128340167959356e-01,-1.585178110010882380e+00,-4.330891608489059177e-04,2.533136260378897331e-05,9.041993486855574857e-04,5.477585912440271218e-06,-1.677025648744789166e+01,1.017880112500154510e+01
1.140957069396972656e+01,1.577670554269696934e+00,-7.856125854282161036e-01,-1.585169065428420510e+00,-4.334392722529085669e-04,2.448108121730655992e-05,9.049569513424342466e-04,5.477585912433413640e-06,-1.677025648744789166e+01,1.017880112500154510e+01
1.142048001289367676e+01,1.577666219863006702e+00,-7.856123430516653849e-01,-1.585160018176376306e+00,-4.333704216832596871e-04,2.404710138297809843e-05,9.048225729651822487e-04,2.079197128386855802e-05,-1.677035930907592842e+01,1.017865968438030499e+01
1.143240118026733398e+01,1.577661881685236356e+00,-7.856121065622586608e-01,-1.585150977270663120e+00,-4.341125835547452773e-04,2.333160387436470848e-05,9.037784538728020189e-04,1.276091561527246390e-06,-1.677056451768217471e+01,1.017848617224495378e+01
1.144327855110168457e+01,1.577657538694369643e+00,-7.856118769216194897e-01,-1.585141936292146170e+00,-4.343806396775991372e-04,2.267155578726575207e-05,9.046459489758244994e-04,1.276091561523776943e-06,-1.677056451768217471e+01,1.017848617224495378e+01
1.145548820495605469e+01,1.577653195225120486e+00,-7.856116518763461842e-01,-1.585132891174102721e+00,-4.342483808415433400e-04,2.237592173020153813e-05,9.046889673495729037e-04,1.683063142637531069e-05,-1.677067249331479104e+01,1.017834582845202007e+01
1.146851038932800293e+01,1.577648855680029660e+00,-7.856114294933027598e-01,-1.585123835102873358e+00,-4.336431015660560705e-04,2.213367210108802691e-05,9.066455835597770838e-04,1.683063142637192255e-05,-1.677067249331479104e+01,1.017834582845202185e+01
1.148190784454345703e+01,1.577644523339021942e+00,-7.856112065893754437e-01,-1.585114777094862148e+00,-4.328284648355304833e-04,2.242659486850848843e-05,9.053969673801980176e-04,4.327757373264609435e-05,-1.677089055034115006e+01,1.017807832737957696e+01
1.149571323394775391e+01,1.577640197256370502e+00,-7.856109802921733554e-01,-1.585105743134018086e+00,-4.323571889523611031e-04,2.280399723482472510e-05,9.020456205798325043e-04,4.671172420394470448e-05,-1.677111214307141651e+01,1.017785302915917178e+01
1.151311373710632324e+01,1.577635878485242893e+00,-7.856107499230464697e-01,-1.585096732188278068e+00,-4.314134884159940208e-04,2.323568429581524680e-05,9.006023158772684823e-04,4.671172420394825524e-05,-1.677111214307141651e+01,1.017785302915917178e+01
1.152463412284851074e+01,1.577631568714309651e+00,-7.856105155148473962e-01,-1.585087734787124614e+00,-4.305492097970259032e-04,2.361698910156037959e-05,8.993201220719182227e-04,4.284381178007792834e-05,-1.677122608217750610e+01,1.017774979782440958e+01
1.153973174095153809e+01,1.577627266221580227e+00,-7.856102785285798973e-01,-1.585078746872030875e+00,-4.299330437324729026e-04,2.377383485891891232e-05,8.986441464062953823e-04,3.208585772109659646e-05,-1.677134180964686294e+01,1.017766356233753200e+01
1.154978013038635254e+01,1.577622964014103291e+00,-7.856100433252738435e-01,-1.585069768448413630e+00,-4.303854166041962159e-04,2.332128515367343571e-05,8.974712027860010446e-04,7.332279809639600512e-06,-1.677157915141482647e+01,1.017749690517688954e+01
1.156030941009521484e+01,1.577618659874271634e+00,-7.856098123425281354e-01,-1.585060791312140838e+00,-4.303667487908668281e-04,2.292403747238425799e-05,8.981967575526074270e-04,7.332279809639600512e-06,-1.677157915141482647e+01,1.017749690517688954e+01
1.157041478157043457e+01,1.577614352967935618e+00,-7.856095862646749195e-01,-1.585051816292966986e+00,-4.308851465615295062e-04,2.235710870930477170e-05,8.972181533239199404e-04,6.119809567207203658e-06,-1.677182080512001860e+01,1.017728168430832447e+01
1.158063173294067383e+01,1.577610043459969802e+00,-7.856093655623449523e-01,-1.585042840620809912e+00,-4.309341581632209687e-04,2.184341409587663499e-05,8.981375514872430490e-04,6.119809567207284973e-06,-1.677182080512001860e+01,1.017728168430832447e+01
1.159174346923828125e+01,1.577605734643162894e+00,-7.856091473907870215e-01,-1.585033874205423521e+00,-4.307685131717701532e-04,2.180348479957410976e-05,8.957020231702655759e-04,3.677600026048494035e-05,-1.677206050155024997e+01,1.017700241303579212e+01
1.160248780250549316e+01,1.577601430056156051e+00,-7.856089293322332523e-01,-1.585024921721254643e+00,-4.301350982792579965e-04,2.181559663942244515e-05,8.951613155788404070e-04,3.677600026048832849e-05,-1.677206050155024997e+01,1.017700241303579212e+01
1.161435341835021973e+01,1.577597133871295965e+00,-7.856087094957148187e-01,-1.585015979107269990e+00,-4.291257138434811068e-04,2.212900368486888855e-05,8.938088361015582729e-04,5.331879197941966075e-05,-1.677217859433712377e+01,1.017686025813511108e+01
1.163550019264221191e+01,1.577592850350512776e+00,-7.856084862359470344e-01,-1.585007039617529312e+00,-4.276489635997014782e-04,2.249509099374030069e-05,8.943472453704231790e-04,5.331879197941627262e-05,-1.677217859433712377e+01,1.017686025813511108e+01
1.164867711067199707e+01,1.577588581808964552e+00,-7.856082575843054139e-01,-1.584998110621263612e+00,-4.261336570236223917e-04,2.317607536447352859e-05,8.919985357967044962e-04,7.590323821481801043e-05,-1.677241495594604004e+01,1.017660064486969240e+01
1.166033744812011719e+01,1.577584328822359439e+00,-7.856080219333380077e-01,-1.584989205804232304e+00,-4.245452902862609798e-04,2.389172983088870897e-05,8.895232225522341565e-04,7.965259360451920623e-05,-1.677253408351634079e+01,1.017648527007711934e+01
1.166865658760070801e+01,1.577580080489284775e+00,-7.856077869376035805e-01,-1.584980316972396386e+00,-4.249988851013469229e-04,2.318706049976018355e-05,8.886415526514329904e-04,1.333208123383347599e-05,-1.677277071653875495e+01,1.017640145580584488e+01
1.167992830276489258e+01,1.577575830187207373e+00,-7.856075586855606474e-01,-1.584971426617024948e+00,-4.249859204444991138e-04,2.253726145007208664e-05,8.896399504319703333e-04,1.333208123383000654e-05,-1.677277071653875495e+01,1.017640145580584488e+01
1.169608092308044434e+01,1.577571580385332517e+00,-7.856073349768640801e-01,-1.584962543879649521e+00,-4.249057378267295619e-04,2.224270569214665400e-05,8.874377945753755825e-04,3.935192128880216078e-05,-1.677301926213088734e+01,1.017612622585959414e+01
1.170569515228271484e+01,1.577567333940749661e+00,-7.856071139225430100e-01,-1.584953672835189176e+00,-4.243610812277594344e-04,2.200100016730996769e-05,8.871131805282162115e-04,3.935192128879869133e-05,-1.677301926213088734e+01,1.017612622585959414e+01
1.171480584144592285e+01,1.577563092992946281e+00,-7.856068953076260630e-01,-1.584944805354846054e+00,-4.238073786373394757e-04,2.175515202883400445e-05,8.867306433509626346e-04,4.060110576702838175e-05,-1.677313874097310631e+01,1.017601383289216876e+01
1.172881531715393066e+01,1.577558860130679586e+00,-7.856066788660623912e-01,-1.584935931382250418e+00,-4.227903232269525640e-04,2.156107047315532557e-05,8.882242214798923268e-04,4.060110576703176988e-05,-1.677313874097310631e+01,1.017601383289216876e+01
1.174014043807983398e+01,1.577554634429219282e+00,-7.856064652795640146e-01,-1.584927051576864976e+00,-4.223205116333335275e-04,2.120067666342177401e-05,8.880629208125824427e-04,3.820995458023507458e-05,-1.677337444540992450e+01,1.017580318408517037e+01
1.175077819824218750e+01,1.577550411840102917e+00,-7.856062547379413230e-01,-1.584918186436749643e+00,-4.221391931803123278e-04,2.094183401543442055e-05,8.855280515032797322e-04,4.676003986830287924e-05,-1.677360938087971931e+01,1.017556463251476373e+01
1.176131272315979004e+01,1.577546193603277747e+00,-7.856060465091013745e-01,-1.584909336337774199e+00,-4.214963912026777190e-04,2.073302711917950764e-05,8.848667833204143865e-04,4.676003986829949111e-05,-1.677360938087971931e+01,1.017556463251476373e+01
1.177125835418701172e+01,1.577541981391128889e+00,-7.856058386912622149e-01,-1.584900508828655186e+00,-4.209270906289143974e-04,2.082912566408199120e-05,8.812999010739295484e-04,6.438228890012437171e-05,-1.677384310405479795e+01,1.017530587837617340e+01
1.178744578361511230e+01,1.577537777398804630e+00,-7.856056296389256621e-01,-1.584891706728009275e+00,-4.198985313056667092e-04,2.097498441075299272e-05,8.795977092302255211e-04,6.438228890012420908e-05,-1.677384310405479795e+01,1.017530587837617340e+01
1.180890941619873047e+01,1.577533584614606355e+00,-7.856054183069393071e-01,-1.584882924048058195e+00,-4.187023255430398624e-04,2.127019478563758892e-05,8.774587702370885336e-04,7.204270116656371985e-05,-1.677395920031033683e+01,1.017518030305076771e+01
1.182235550880432129e+01,1.577529398978333663e+00,-7.856052064484883024e-01,-1.584874167639061859e+00,-4.183815849043980321e-04,2.112440297941586484e-05,8.744314556764336017e-04,5.499326035040075027e-05,-1.677418993233644429e+01,1.017500208585934018e+01
1.183455562591552734e+01,1.577525209113609383e+00,-7.856050025153149541e-01,-1.584865424546211488e+00,-4.194131001442861920e-04,1.980248820805143029e-05,8.744867679728928010e-04,-2.917674188154806281e-06,-1.677430203812887299e+01,1.017501598723115919e+01
1.184520840644836426e+01,1.577521011433922427e+00,-7.856048115378547747e-01,-1.584856670724785310e+00,-4.199902744108877529e-04,1.852805304590606980e-05,8.763924787849638586e-04,-2.917674188154806281e-06,-1.677430203812887299e+01,1.017501598723115919e+01
1.185434961318969727e+01,1.577516807123631182e+00,-7.856046342491461720e-01,-1.584847895620670410e+00,-4.207237765404579842e-04,1.708147599052516064e-05,8.787035110338595363e-04,-8.823786509171925021e-06,-1.677441836074244108e+01,1.017492358814271469e+01
1.186517715454101562e+01,1.577512597965181618e+00,-7.856044711944444314e-01,-1.584839087185411666e+00,-4.210052271964211394e-04,1.567658164528971595e-05,8.828739074817726178e-04,-8.823786509175313153e-06,-1.677441836074244108e+01,1.017492358814271647e+01
1.187391924858093262e+01,1.577508384727956514e+00,-7.856043216747210511e-01,-1.584830248961391019e+00,-4.215166443662655125e-04,1.436470883902762202e-05,8.848788792838891554e-04,6.060641813374642670e-07,-1.677464111653984347e+01,1.017469735319121504e+01
1.188492202758789062e+01,1.577504168856038502e+00,-7.856041850737919274e-01,-1.584821380394397128e+00,-4.215773428855194762e-04,1.308877315945363579e-05,8.887562904788337895e-04,6.060641813306880035e-07,-1.677464111653984347e+01,1.017469735319121504e+01
1.189403963088989258e+01,1.577499954901551371e+00,-7.856040568736708529e-01,-1.584812494488035073e+00,-4.211791263466291096e-04,1.260502727847044938e-05,8.887370817617522203e-04,3.764366473537825164e-05,-1.677485316425883966e+01,1.017440610064891260e+01
1.190680003166198730e+01,1.577495747403292459e+00,-7.856039333329515317e-01,-1.584803598432078742e+00,-4.203311254923043985e-04,1.215350204310673005e-05,8.905984778144798632e-04,3.764366473537825164e-05,-1.677485316425883966e+01,1.017440610064891260e+01
1.191634607315063477e+01,1.577491550985418156e+00,-7.856038093035826453e-01,-1.584794706512074436e+00,-4.190103429308983472e-04,1.261178295952408365e-05,8.883234560133612939e-04,7.370583936996272234e-05,-1.677505624576962262e+01,1.017410803697411836e+01
1.192933201789855957e+01,1.577487370248042309e+00,-7.856036805149356761e-01,-1.584785827001373493e+00,-4.172399678017451241e-04,1.310229363464315497e-05,8.879281856986403435e-04,7.370583936995578345e-05,-1.677505624576962262e+01,1.017410803697411836e+01
1.193926000595092773e+01,1.577483207935441278e+00,-7.856035431630328247e-01,-1.584776970776607730e+00,-4.153384569554524402e-04,1.425818671857903217e-05,8.840170972039720475e-04,9.495955190163074349e-05,-1.677525830633381787e+01,1.017383480400862084e+01
1.194970202445983887e+01,1.577479064124540642e+00,-7.856033917421826329e-01,-1.584768170740440185e+00,-4.135303587184818459e-04,1.587088607622830910e-05,8.769992362016058515e-04,1.082388280116143001e-04,-1.677546966441576615e+01,1.017357507075316114e+01
1.196048784255981445e+01,1.577474940866065323e+00,-7.856032239820893714e-01,-1.584759430665183100e+00,-4.112729604187864534e-04,1.752268494983411432e-05,8.718372173821765849e-04,1.082388280116210763e-04,-1.677546966441576615e+01,1.017357507075315937e+01
1.197120451927185059e+01,1.577470840401133945e+00,-7.856030371416451441e-01,-1.584750760520634350e+00,-4.089756873000659882e-04,1.964096596983799445e-05,8.633438473725060704e-04,1.302666400096463839e-04,-1.677569817395876228e+01,1.017330231680274366e+01
1.198462653160095215e+01,1.577466765376934754e+00,-7.856028288634991918e-01,-1.584742165247980505e+00,-4.062297265644824367e-04,2.180626057851587848e-05,8.566775031929297311e-04,1.302666400096498533e-04,-1.677569817395876228e+01,1.017330231680274366e+01
1.199874877929687500e+01,1.577462718604681902e+00,-7.856025982847867351e-01,-1.584733639142683836e+00,-4.033396740527124720e-04,2.409000546416042304e-05,8.495537208923443703e-04,1.381375666987227338e-04,-1.677581883997369516e+01,1.017317642826639634e+01
1.201320171356201172e+01,1.577458695875993522e+00,-7.856023479919328478e-01,-1.584725188989338340e+00,-4.013327754101384546e-04,2.580650786800173929e-05,8.415704326521678165e-04,1.250501811008163675e-04,-1.677607180667125775e+01,1.017299485857955332e+01
1.203021335601806641e+01,1.577454695680609920e+00,-7.856020802073582221e-01,-1.584716808860479276e+00,-3.988779175787524642e-04,2.758295419438014720e-05,8.353682491758632808e-04,1.250501811008130606e-04,-1.677607180667125775e+01,1.017299485857955332e+01
1.204279851913452148e+01,1.577450716675830700e+00,-7.856017981075228418e-01,-1.584708483184694483e+00,-3.970336512290192563e-04,2.873273112771095386e-05,8.305404624040931515e-04,1.026288566184675732e-04,-1.677620335223733861e+01,1.017293914544071143e+01
1.205585932731628418e+01,1.577446752723552281e+00,-7.856015081733852545e-01,-1.584700197712713976e+00,-3.958058799382649894e-04,2.921667694344909014e-05,8.271793951749914064e-04,8.032886751887366645e-05,-1.677633685739028024e+01,1.017288685060010422e+01
1.206636738777160645e+01,1.577442803504619961e+00,-7.856012130319828257e-01,-1.584691936217624386e+00,-3.941316874213095841e-04,2.976765444296638682e-05,8.255691437713743187e-04,8.032886751886680887e-05,-1.677633685739028024e+01,1.017288685060010245e+01
1.207877588272094727e+01,1.577438860236145102e+00,-7.856009215606585272e-01,-1.584683680591636890e+00,-3.944196952810824562e-04,2.864947617106953712e-05,8.258193014423413462e-04,2.414960021350837289e-05,-1.677660636187653864e+01,1.017280872628987076e+01
1.209089589118957520e+01,1.577434909083662795e+00,-7.856006453129841249e-01,-1.584675425639197721e+00,-3.956178644150311081e-04,2.679594162314797440e-05,8.254921497962911924e-04,1.277862279551802982e-05,-1.677687452073178420e+01,1.017263553594781555e+01
1.210242342948913574e+01,1.577430948381398856e+00,-7.856003872572249191e-01,-1.584667164349085944e+00,-3.963742634218977491e-04,2.500426455012173810e-05,8.269123001479856353e-04,1.277862279551802982e-05,-1.677687452073178420e+01,1.017263553594781555e+01
1.211468982696533203e+01,1.577426978703503790e+00,-7.856001488750785633e-01,-1.584658885512784110e+00,-3.973876644314411496e-04,2.289254032285248375e-05,8.289411228125846774e-04,5.082583999851952861e-06,-1.677700181025833359e+01,1.017255183665275275e+01
1.212447643280029297e+01,1.577423001297945993e+00,-7.855999313119902405e-01,-1.584650576742912875e+00,-3.979638344952925134e-04,2.083436567680866866e-05,8.327245692111230786e-04,5.082583999848564729e-06,-1.677700181025833359e+01,1.017255183665275453e+01
1.213489127159118652e+01,1.577419013910174028e+00,-7.855997369925326046e-01,-1.584642234562118501e+00,-3.993076729034778427e-04,1.829148439245857627e-05,8.357048052315834991e-04,-5.976386827651058997e-06,-1.677723477821033526e+01,1.017237998314072556e+01
1.214417481422424316e+01,1.577415015468330406e+00,-7.855995678565591556e-01,-1.584633852856597080e+00,-4.002183210792454216e-04,1.579240457508408746e-05,8.404539727273395520e-04,-5.976386827644120103e-06,-1.677723477821033526e+01,1.017237998314072556e+01
1.215555739402770996e+01,1.577411007657959052e+00,-7.855994222583373432e-01,-1.584625437482696686e+00,-4.011769245067100067e-04,1.355676771368739819e-05,8.426909158341369319e-04,1.004244526126374186e-05,-1.677744570751777431e+01,1.017214730206544004e+01
1.216592645645141602e+01,1.577406992622949033e+00,-7.855992988267949118e-01,-1.584616989934541254e+00,-4.017064857248627756e-04,1.135491159545481618e-05,8.467115498353289509e-04,1.004244526126357923e-05,-1.677744570751777431e+01,1.017214730206544004e+01
1.217437267303466797e+01,1.577402974531999735e+00,-7.855991930320165295e-01,-1.584608522454098667e+00,-4.018291053553228048e-04,9.949177762081946180e-06,8.470466764587917131e-04,4.200864336130475025e-05,-1.677763578209708584e+01,1.017187452979783480e+01
1.218630671501159668e+01,1.577398957549372982e+00,-7.855990962311752979e-01,-1.584600072738156173e+00,-4.015276070044686545e-04,9.463764139696316524e-06,8.435420642162194411e-04,7.196208553740535141e-05,-1.677780976062433282e+01,1.017160060611826466e+01
1.219640803337097168e+01,1.577394945909611046e+00,-7.855990041454401496e-01,-1.584591648243913076e+00,-4.008031600576426271e-04,9.003471104246808104e-06,8.418228879463749478e-04,7.196208553740527009e-05,-1.677780976062433282e+01,1.017160060611826466e+01
1.220747399330139160e+01,1.577390942511327721e+00,-7.855989127612063028e-01,-1.584583258792062077e+00,-3.998977058207992376e-04,9.252495774215909602e-06,8.368570788111989820e-04,9.105067403966652013e-05,-1.677798004538073329e+01,1.017135147091576286e+01
1.222010660171508789e+01,1.577386950475461846e+00,-7.855988187517031207e-01,-1.584574909249006902e+00,-3.985728720245048295e-04,9.526144866821815993e-06,8.336625814481665123e-04,9.105067403966313200e-05,-1.677798004538073329e+01,1.017135147091576286e+01
1.223376679420471191e+01,1.577382972723611942e+00,-7.855987186153983171e-01,-1.584566608601229554e+00,-3.970599375128626516e-04,1.041639845615182497e-05,8.273847061586528384e-04,1.120892745593190501e-04,-1.677815884523599266e+01,1.017110681191862653e+01
1.224578833580017090e+01,1.577379012393641533e+00,-7.855986094294213906e-01,-1.584558361090634859e+00,-3.951303554926997776e-04,1.133368233942550277e-05,8.228581376066687776e-04,1.120892745593223569e-04,-1.677815884523599266e+01,1.017110681191862653e+01
1.226184368133544922e+01,1.577375070647061728e+00,-7.855984915145806102e-01,-1.584550156894365180e+00,-3.933304123650080289e-04,1.217051720608626833e-05,8.186849868503033763e-04,1.046952783025079103e-04,-1.677825101960645782e+01,1.017102418637751882e+01
1.227269840240478516e+01,1.577371143291236955e+00,-7.855983667141981375e-01,-1.584541999635467935e+00,-3.921867611258502686e-04,1.273797157012434428e-05,8.135638425853886167e-04,9.280871343898483366e-05,-1.677844705442323558e+01,1.017085912054675845e+01
1.228641176223754883e+01,1.577367229647968827e+00,-7.855982360650998197e-01,-1.584533884108747959e+00,-3.906294540090771627e-04,1.333727109256851659e-05,8.101648567936899688e-04,9.280871343898830310e-05,-1.677844705442323558e+01,1.017085912054675845e+01
1.229747533798217773e+01,1.577363325845451580e+00,-7.855981045145535857e-01,-1.584525788933313306e+00,-3.901145103404565794e-04,1.301087275328753970e-05,8.092449332653428064e-04,4.771204259052330503e-05,-1.677854600550523045e+01,1.017085870174084228e+01
1.231262278556823730e+01,1.577359424382801523e+00,-7.855979775208290494e-01,-1.584517709564832399e+00,-3.901106130095338578e-04,1.244927198366333615e-05,8.071231232196446424e-04,4.458786847993259444e-05,-1.677875574435994821e+01,1.017068029263267626e+01
1.232581114768981934e+01,1.577355525215829113e+00,-7.855978559707831321e-01,-1.584509642014893416e+00,-3.896966283271187728e-04,1.191882446457742314e-05,8.067099269106641803e-04,4.458786847992565554e-05,-1.677875574435994821e+01,1.017068029263267626e+01
1.234294176101684570e+01,1.577351630539706617e+00,-7.855977396907136701e-01,-1.584501578784355269e+00,-3.892189816652990024e-04,1.139448017639654864e-05,8.062625162528690940e-04,4.789450566802114033e-05,-1.677886007104301314e+01,1.017058011511135263e+01
1.235894441604614258e+01,1.577347733752142878e+00,-7.855976332558742836e-01,-1.584493517222531178e+00,-3.899939195660600622e-04,1.003314708178252093e-05,8.063251171942632887e-04,1.116839205947059432e-05,-1.677905801751382953e+01,1.017047258103194096e+01
1.237321066856384277e+01,1.577343824576463494e+00,-7.855975445207292740e-01,-1.584485443839225738e+00,-3.916125982196973069e-04,7.928285107271053345e-06,8.084236042209319226e-04,-2.587712354072324778e-05,-1.677915271488874893e+01,1.017045642547450335e+01
1.238244318962097168e+01,1.577339901435027558e+00,-7.855974767122346769e-01,-1.584477340063344952e+00,-3.928277384741310193e-04,5.844931058310385424e-06,8.122335230631373866e-04,-2.587712354072671723e-05,-1.677915271488874893e+01,1.017045642547450335e+01
1.239309763908386230e+01,1.577335962669251579e+00,-7.855974328093893178e-01,-1.584469189457918592e+00,-3.946745508556191717e-04,3.202261033293397202e-06,8.176322419951771465e-04,-5.423740762851986252e-05,-1.677924429344774993e+01,1.017042322890616468e+01
1.240327596664428711e+01,1.577332007638953870e+00,-7.855974152654809917e-01,-1.584460975356052570e+00,-3.961208830131860846e-04,5.710732642882909715e-07,8.247619053094387698e-04,-5.423740762852333197e-05,-1.677924429344774993e+01,1.017042322890616468e+01
1.241285443305969238e+01,1.577328036998283389e+00,-7.855974230631681543e-01,-1.584452700053436303e+00,-3.977759249435321989e-04,-1.884501708827000799e-06,8.300579201687456003e-04,-5.051889386814564591e-05,-1.677941635945970944e+01,1.017023031135094868e+01
1.242574810981750488e+01,1.577324051999180909e+00,-7.855974554082421069e-01,-1.584444362136732343e+00,-3.990325614389369645e-04,-4.339336691521790412e-06,8.371111585026599737e-04,-5.051889386814895273e-05,-1.677941635945970944e+01,1.017023031135094868e+01
1.243607616424560547e+01,1.577320056643176427e+00,-7.855975075477761305e-01,-1.584435972602142639e+00,-3.998875723155008465e-04,-5.930463842572768901e-06,8.407270834567557097e-04,-2.408787608873191682e-05,-1.677956882039759279e+01,1.016997956834712369e+01
1.244943928718566895e+01,1.577316053916825611e+00,-7.855975708521711898e-01,-1.584427564931956800e+00,-4.005282133166064421e-04,-6.658971370844535276e-06,8.410666032027845022e-04,-8.679051364927220513e-06,-1.677970405651792873e+01,1.016974007904918587e+01
1.246135234832763672e+01,1.577312046963333048e+00,-7.855976414915771810e-01,-1.584419144076157471e+00,-4.007727095778372745e-04,-7.396794991505143552e-06,8.431865944001867320e-04,-8.679051364927301828e-06,-1.677970405651792873e+01,1.016974007904918587e+01
1.247151970863342285e+01,1.577308039529251582e+00,-7.855977138696477180e-01,-1.584410722353484458e+00,-4.006600805359328515e-04,-7.109309644880851264e-06,8.416097516989009316e-04,1.248585606243926560e-05,-1.677983708431000309e+01,1.016948459884155120e+01
1.248213815689086914e+01,1.577304035397674165e+00,-7.855977834298401019e-01,-1.584402306599078214e+00,-4.001517591664477619e-04,-6.832098767671577338e-06,8.418145459248591120e-04,1.248585606243918429e-05,-1.677983708431000309e+01,1.016948459884154943e+01
1.249113535881042480e+01,1.577300037241255781e+00,-7.855978485142585122e-01,-1.584393891317815717e+00,-3.994811645470815057e-04,-6.244993966100266525e-06,8.415609563373149891e-04,1.419121060695230168e-05,-1.677990527755518713e+01,1.016937593799356776e+01
1.250096678733825684e+01,1.577296047973488324e+00,-7.855979077752497375e-01,-1.584385468774767824e+00,-3.984135300368941176e-04,-5.666366034108062666e-06,8.430889736925103843e-04,1.419121060695222036e-05,-1.677990527755518713e+01,1.016937593799356776e+01
1.251204299926757812e+01,1.577292072003484869e+00,-7.855979556462597824e-01,-1.584377052229275495e+00,-3.968690436731095602e-04,-4.068533227304625688e-06,8.407481821964630977e-04,4.342987334798536852e-05,-1.678005574611146855e+01,1.016910840944691152e+01
1.252184224128723145e+01,1.577288113677410619e+00,-7.855979875629655051e-01,-1.584368649299580545e+00,-3.949244526721522059e-04,-2.474566372481171866e-06,8.401873251977466043e-04,4.342987334798867533e-05,-1.678005574611146855e+01,1.016910840944691152e+01
1.253065490722656250e+01,1.577284178137907666e+00,-7.855979974684182965e-01,-1.584360275633797999e+00,-3.923721536497423333e-04,2.240102744952877922e-07,8.353246356161301775e-04,8.083407461638783542e-05,-1.678022182520764005e+01,1.016881939450368399e+01
1.254169392585754395e+01,1.577280270343100810e+00,-7.855979803641119918e-01,-1.584351940861154828e+00,-3.894155536147734338e-04,2.927800856125130358e-06,8.322304691014477829e-04,8.083407461638783542e-05,-1.678022182520764005e+01,1.016881939450368577e+01
1.255300807952880859e+01,1.577276392697892993e+00,-7.855979305358393727e-01,-1.584343671322448133e+00,-3.863525268353793212e-04,6.666448942789417881e-06,8.228993695908173520e-04,1.176940090279673945e-04,-1.678050972637732130e+01,1.016841793954857032e+01
1.256278967857360840e+01,1.577272547928339375e+00,-7.855978432239449916e-01,-1.584335485497453844e+00,-3.828809690168341064e-04,1.042394008260710131e-05,8.153105590163441455e-04,1.176940090279707826e-04,-1.678050972637732130e+01,1.016841793954857032e+01
1.257729840278625488e+01,1.577268737669595522e+00,-7.855977182086987254e-01,-1.584327376699704359e+00,-3.794463014720145873e-04,1.420597636026714808e-05,8.075122000912255196e-04,1.173099141991845729e-04,-1.678061819698870138e+01,1.016830889540363003e+01
1.258540892601013184e+01,1.577264964027185190e+00,-7.855975551887068864e-01,-1.584319336469198980e+00,-3.755985677132627843e-04,1.802273562388897674e-05,8.014237135786975424e-04,1.173099141991777153e-04,-1.678061819698870138e+01,1.016830889540363003e+01
1.259871816635131836e+01,1.577261226069540445e+00,-7.855973549700198122e-01,-1.584311367498989043e+00,-3.722581951612567697e-04,2.166451545502741730e-05,7.934465589918141600e-04,1.198341390704037168e-04,-1.678086063146781370e+01,1.016809422433361476e+01
1.260779976844787598e+01,1.577257515089220297e+00,-7.855971232170502194e-01,-1.584303480117198015e+00,-3.700860868017725232e-04,2.441939575263066958e-05,7.851364862613387837e-04,9.856012153400608988e-05,-1.678112893687783114e+01,1.016793321414909101e+01
1.261989378929138184e+01,1.577253828130964042e+00,-7.855968636105846725e-01,-1.584295666678415371e+00,-3.674954981767066106e-04,2.723054979840737119e-05,7.784890907764491219e-04,9.856012153399923230e-05,-1.678112893687783114e+01,1.016793321414909101e+01
1.262969946861267090e+01,1.577250161450606258e+00,-7.855965807626321684e-01,-1.584287922732307230e+00,-3.659281169000885240e-04,2.915698940955278526e-05,7.712906448680040446e-04,8.682253946726281590e-05,-1.678141655960184764e+01,1.016775900415215617e+01
1.264021849632263184e+01,1.577246512750267948e+00,-7.855962782893687324e-01,-1.584280241775481324e+00,-3.639414217569175887e-04,3.114966393674657372e-05,7.657256695665442224e-04,8.682253946726281590e-05,-1.678141655960184764e+01,1.016775900415215617e+01
1.265161180496215820e+01,1.577242877940350674e+00,-7.855959616048867611e-01,-1.584272617282757478e+00,-3.630414255269067162e-04,3.210361731498592719e-05,7.600108446422929390e-04,7.314342715129470984e-05,-1.678170845771209585e+01,1.016760025933326794e+01
1.266081261634826660e+01,1.577239254433045135e+00,-7.855956349843178366e-01,-1.584265041076537317e+00,-3.617228865396072187e-04,3.312997817428615932e-05,7.559056950672327947e-04,7.314342715129470984e-05,-1.678170845771209585e+01,1.016760025933326794e+01
1.267186164855957031e+01,1.577235642650968606e+00,-7.855953005217620744e-01,-1.584257502430642450e+00,-3.606699138458013170e-04,3.371629638563309120e-05,7.524341060919888854e-04,6.917779574385280101e-05,-1.678185381142270671e+01,1.016751787495833170e+01
1.268214941024780273e+01,1.577232043694779096e+00,-7.855949597804436912e-01,-1.584249989730570407e+00,-3.591995032798889968e-04,3.437836705962298706e-05,7.505562325898123069e-04,6.917779574384933156e-05,-1.678185381142270671e+01,1.016751787495833170e+01
1.269262313842773438e+01,1.577228454973355731e+00,-7.855946170857431854e-01,-1.584242498416397193e+00,-3.585417960170236536e-04,3.419190871265269036e-05,7.482036591203776541e-04,6.565873932582941275e-05,-1.678213613031045881e+01,1.016735060626047016e+01
1.270574402809143066e+01,1.577224875118639069e+00,-7.855942758333662734e-01,-1.584235021908817265e+00,-3.574679406216375302e-04,3.408217248115083878e-05,7.474358941325009650e-04,6.565873932582941275e-05,-1.678213613031045881e+01,1.016735060626047193e+01
1.271854972839355469e+01,1.577221301124517527e+00,-7.855939403904336205e-01,-1.584227554851409980e+00,-3.572811816881721943e-04,3.311552343254536498e-05,7.463455573990078473e-04,5.706598898808784570e-05,-1.678240719123841984e+01,1.016719298935731963e+01
1.272964239120483398e+01,1.577217723245428305e+00,-7.855936195908490571e-01,-1.584220098887914263e+00,-3.581407598237206619e-04,3.124353960271865349e-05,7.452202233360187295e-04,3.916593711371019388e-05,-1.678266355749773453e+01,1.016705120693837827e+01
1.273883748054504395e+01,1.577214139028252138e+00,-7.855933171204572130e-01,-1.584212645495385985e+00,-3.585903105441545129e-04,2.944199356254371264e-05,7.456733978731379473e-04,3.916593711370680575e-05,-1.678266355749773453e+01,1.016705120693837827e+01
1.274976348876953125e+01,1.577210544814793503e+00,-7.855930369796320090e-01,-1.584205188075779924e+00,-3.600404946263745286e-04,2.685536759013682287e-05,7.460349412730228700e-04,1.971569533862002621e-05,-1.678289842289360934e+01,1.016691383537929028e+01
1.276090025901794434e+01,1.577206938321367602e+00,-7.855927823644758279e-01,-1.584197718351520345e+00,-3.610872277164033041e-04,2.432985089757680811e-05,7.479767090076065543e-04,1.971569533862349566e-05,-1.678289842289360934e+01,1.016691383537929028e+01
1.276877832412719727e+01,1.577203320507425621e+00,-7.855925528992386830e-01,-1.584190239511890308e+00,-3.622896116739523879e-04,2.182267246741802225e-05,7.480456434982385525e-04,3.231476059838484156e-05,-1.678310821691799859e+01,1.016671421813580878e+01
1.277902150154113770e+01,1.577199692852895296e+00,-7.855923482240680933e-01,-1.584182751269960443e+00,-3.630955702927294551e-04,1.936592249798503931e-05,7.496990256442826427e-04,3.231476059838153474e-05,-1.678310821691799859e+01,1.016671421813580878e+01
1.278919744491577148e+01,1.577196058495953457e+00,-7.855921656168463052e-01,-1.584175261312347427e+00,-3.636552787690002344e-04,1.736292969973379785e-05,7.486582917683047480e-04,5.789841833392719850e-05,-1.678329228740200207e+01,1.016649017691227996e+01
1.279925298690795898e+01,1.577192420687607344e+00,-7.855920028107831188e-01,-1.584167773040243032e+00,-3.638253542518835992e-04,1.540089641617874844e-05,7.492032681586263156e-04,5.789841833392719850e-05,-1.678329228740200207e+01,1.016649017691227996e+01
1.280937814712524414e+01,1.577188781861023292e+00,-7.855918573432704166e-01,-1.584160292281524329e+00,-3.638717995446191919e-04,1.385317600305791680e-05,7.473911020916886461e-04,7.510118561289058831e-05,-1.678345684998148712e+01,1.016628533278612423e+01
1.281938481330871582e+01,1.577185144681333417e+00,-7.855917271660409762e-01,-1.584152820936155281e+00,-3.635348026808241984e-04,1.233894936192043296e-05,7.471619437041990795e-04,7.510118561288711887e-05,-1.678345684998148712e+01,1.016628533278612423e+01
1.283005785942077637e+01,1.577181512048088763e+00,-7.855916092503379966e-01,-1.584145365840708086e+00,-3.629843079082461068e-04,1.134809620453045356e-05,7.443944257401178578e-04,9.474823837305260121e-05,-1.678361199306067775e+01,1.016607644626835416e+01
1.283921694755554199e+01,1.577177887000925427e+00,-7.855915010865931469e-01,-1.584137929745409012e+00,-3.620558018275182432e-04,1.038539473509911618e-05,7.432035613284854354e-04,9.474823837304921308e-05,-1.678361199306067775e+01,1.016607644626835416e+01
1.285000944137573242e+01,1.577174272136619981e+00,-7.855913998496087958e-01,-1.584130518895885853e+00,-3.609644047576648527e-04,9.913420650572383336e-06,7.395869974843422793e-04,1.118373034039304179e-04,-1.678376366095600147e+01,1.016587336161217792e+01
1.285979509353637695e+01,1.577170670241751838e+00,-7.855913031936377910e-01,-1.584123135591442022e+00,-3.594996017982383528e-04,9.466517569750153988e-06,7.375369128232067868e-04,1.118373034039270297e-04,-1.678376366095600147e+01,1.016587336161217969e+01
1.287021684646606445e+01,1.577167083240686107e+00,-7.855912089121207531e-01,-1.584115784757374801e+00,-3.579904012946724928e-04,9.400364465103182993e-06,7.333095514760383602e-04,1.243479892797104988e-04,-1.678391709346379201e+01,1.016567993202214559e+01
1.288238096237182617e+01,1.577163513365623881e+00,-7.855911151603490739e-01,-1.584108467648294605e+00,-3.561116464868265756e-04,9.358148744510741412e-06,7.306353953504063706e-04,1.243479892797105801e-04,-1.678391709346379201e+01,1.016567993202214559e+01
1.289580512046813965e+01,1.577159962021528639e+00,-7.855910202808421561e-01,-1.584101188293777440e+00,-3.542797854842544497e-04,9.597762062477435685e-06,7.259577071028766333e-04,1.340534816850723343e-04,-1.678407594072063702e+01,1.016549222043214407e+01
1.290670442581176758e+01,1.577156427934153227e+00,-7.855909238571781028e-01,-1.584093952688239160e+00,-3.526412758950482357e-04,9.682517185703991974e-06,7.218291519914129487e-04,1.240640512348775704e-04,-1.678415660992099490e+01,1.016542878829688945e+01
1.292008566856384277e+01,1.577152912237572480e+00,-7.855908264516037187e-01,-1.584086749953213191e+00,-3.506383150853842291e-04,9.791725835480574736e-06,7.192295409484327981e-04,1.240640512348844279e-04,-1.678415660992099490e+01,1.016542878829689123e+01
1.292989587783813477e+01,1.577149411720829342e+00,-7.855907306275902169e-01,-1.584079573766290938e+00,-3.495173540108459549e-04,9.414772497231237158e-06,7.165287272996746087e-04,9.953968333011736780e-05,-1.678432273064697000e+01,1.016531425860916826e+01
1.294348597526550293e+01,1.577145924403008381e+00,-7.855906384413435806e-01,-1.584072416236460334e+00,-3.480349280772925837e-04,9.061655510872023561e-06,7.153456729784709537e-04,9.953968333011051022e-05,-1.678432273064697000e+01,1.016531425860916826e+01
1.295427131652832031e+01,1.577142447739257491e+00,-7.855905518808684596e-01,-1.584065272917364986e+00,-3.473109487108269459e-04,8.327528518087615184e-06,7.137294119791580058e-04,8.095865386044043461e-05,-1.678449188959293181e+01,1.016518612555921663e+01
1.296759104728698730e+01,1.577138980287714709e+00,-7.855904725421462009e-01,-1.584058137444183112e+00,-3.462285836676927560e-04,7.614897612313875630e-06,7.136250080420605737e-04,8.095865386044051593e-05,-1.678449188959293181e+01,1.016518612555921663e+01
1.298103213310241699e+01,1.577135521247137184e+00,-7.855904023680265746e-01,-1.584050997243998671e+00,-3.455850717963632667e-04,6.531380691034843755e-06,7.145700199330863069e-04,6.120520836139239722e-05,-1.678457454083657652e+01,1.016514268679080324e+01
1.299567198753356934e+01,1.577132063847811017e+00,-7.855903453600880937e-01,-1.584043849005868143e+00,-3.458134208778105667e-04,5.023632410464107245e-06,7.152585313644275848e-04,3.663172666092465168e-05,-1.678473616325271678e+01,1.016502383364242945e+01
1.300887656211853027e+01,1.577128606112727871e+00,-7.855903033474505026e-01,-1.584036685552000501e+00,-3.456878894549869977e-04,3.530346596099329798e-06,7.174621627854919914e-04,3.663172666092803982e-05,-1.678473616325271678e+01,1.016502383364242945e+01
1.301832437515258789e+01,1.577125147343309441e+00,-7.855902779667008895e-01,-1.584029494945017991e+00,-3.459788567267121830e-04,1.727622323844778957e-06,7.205969696743147988e-04,1.703654581002015029e-05,-1.678481317663962002e+01,1.016497716854468081e+01
1.302947449684143066e+01,1.577121678760840640e+00,-7.855902741455847993e-01,-1.584022270230800666e+00,-3.475252429778861877e-04,-7.180281693134824006e-07,7.242345168845260982e-04,-2.693182667643295920e-05,-1.678495667427289106e+01,1.016489306533440917e+01
1.303866982460021973e+01,1.577118196636037029e+00,-7.855902947640964751e-01,-1.584015000711083365e+00,-3.487225239371732552e-04,-3.161387814155144221e-06,7.294061956296157400e-04,-2.693182667642957107e-05,-1.678495667427289106e+01,1.016489306533440740e+01
1.305222773551940918e+01,1.577114701794310125e+00,-7.855903375467648830e-01,-1.584007691293218612e+00,-3.500553335883967556e-04,-5.192828757504680537e-06,7.324303266275466844e-04,-2.480628063344239380e-05,-1.678508910411544619e+01,1.016470788227082878e+01
1.306225848197937012e+01,1.577111195528423604e+00,-7.855904006797211903e-01,-1.584000343107663022e+00,-3.510421825406743936e-04,-7.231441056577882914e-06,7.370059168065198028e-04,-2.480628063344231249e-05,-1.678508910411544619e+01,1.016470788227083055e+01
1.307196903228759766e+01,1.577107681567764041e+00,-7.855904815065033464e-01,-1.583992954571473488e+00,-3.516339414099468094e-04,-8.781112610584725781e-06,7.406000257846150070e-04,-1.234111675182947288e-05,-1.678514919834382368e+01,1.016458990778910199e+01
1.308482098579406738e+01,1.577104163582958796e+00,-7.855905779084976226e-01,-1.583985521473680214e+00,-3.518814916832581959e-04,-1.034555180153256398e-05,7.457628939476826629e-04,-1.234111675182253398e-05,-1.678514919834382368e+01,1.016458990778910199e+01
1.309639978408813477e+01,1.577100642327652347e+00,-7.855906871050452045e-01,-1.583978048602642463e+00,-3.522736012799285231e-04,-1.139224878664258853e-05,7.487715220526526983e-04,-1.449870131188177313e-05,-1.678525859724761560e+01,1.016441014558440337e+01
1.311008453369140625e+01,1.577097116828780621e+00,-7.855908030760571092e-01,-1.583970559600955674e+00,-3.527243841645805785e-04,-1.176780379045019864e-05,7.492433119945884987e-04,-1.379173917283324307e-05,-1.678536343967203592e+01,1.016421654611853498e+01
1.312203240394592285e+01,1.577093588712157546e+00,-7.855909229177384656e-01,-1.583963057154857967e+00,-3.528315171526562669e-04,-1.216441503156017248e-05,7.513021469789293773e-04,-1.379173917283663120e-05,-1.678536343967203592e+01,1.016421654611853498e+01
1.313290977478027344e+01,1.577090057396913547e+00,-7.855910445190533720e-01,-1.583955544407743998e+00,-3.533253947305975287e-04,-1.215990806588710879e-05,7.514909134490870436e-04,-2.680167358021581792e-05,-1.678547012235706504e+01,1.016404826729318600e+01
1.314613461494445801e+01,1.577086523035154508e+00,-7.855911661956616054e-01,-1.583948021019639718e+00,-3.534751554478606514e-04,-1.217729014978520888e-05,7.532715118679226326e-04,-2.680167358021234847e-05,-1.678547012235706504e+01,1.016404826729318600e+01
1.316046309471130371e+01,1.577082986807769149e+00,-7.855912873221979620e-01,-1.583940479933901857e+00,-3.536916885576116428e-04,-1.206303966286336252e-05,7.550329752888554173e-04,-3.475644258031651557e-05,-1.678552649214447356e+01,1.016396774252270951e+01
1.317188143730163574e+01,1.577079446745637270e+00,-7.855914052406169912e-01,-1.583932931990923443e+00,-3.542116222108925103e-04,-1.157312466767371900e-05,7.548387976385000347e-04,-4.174416343091097437e-05,-1.678564761356631863e+01,1.016379139720607583e+01
1.318309330940246582e+01,1.577075903389996148e+00,-7.855915183742563368e-01,-1.583925377196428785e+00,-3.543848839964765110e-04,-1.110385486586488307e-05,7.562435992166753867e-04,-4.174416343091436250e-05,-1.678564761356631863e+01,1.016379139720607583e+01
1.320271468162536621e+01,1.577072357237913280e+00,-7.855916269019377340e-01,-1.583917806724747690e+00,-3.547513456422155789e-04,-1.065020924151047210e-05,7.579451109389716539e-04,-5.404835092829435306e-05,-1.678571077350085616e+01,1.016372091106920550e+01
1.321198487281799316e+01,1.577068806406749513e+00,-7.855917287164626561e-01,-1.583910231259620049e+00,-3.553020553389795409e-04,-9.800589996158178691e-06,7.574610577173090855e-04,-5.331683877874562687e-05,-1.678584772188086660e+01,1.016353049027889455e+01
1.322409701347351074e+01,1.577065251996436768e+00,-7.855918221291381398e-01,-1.583902651810283668e+00,-3.555020059451762622e-04,-8.967859827630018238e-06,7.585816112127682573e-04,-5.331683877874562687e-05,-1.678584772188086660e+01,1.016353049027889455e+01
1.323730397224426270e+01,1.577061690925335657e+00,-7.855919106042756894e-01,-1.583895051119303066e+00,-3.565491895780155624e-04,-8.751284443030745569e-06,7.615275641615450782e-04,-9.290260917779735728e-05,-1.678591592085954787e+01,1.016351809448348931e+01
1.324632334709167480e+01,1.577058121329793394e+00,-7.855919969947825487e-01,-1.583887412102183756e+00,-3.572419798142551254e-04,-8.549393036945927837e-06,7.660868259323427246e-04,-9.290260917779388783e-05,-1.678591592085954787e+01,1.016351809448348931e+01
1.325555324554443359e+01,1.577054543378389129e+00,-7.855920800030710138e-01,-1.583879738227270018e+00,-3.581940609132093652e-04,-8.099519652120506369e-06,7.686954400275658288e-04,-9.304505104483487749e-05,-1.678606794128368307e+01,1.016333158540837189e+01
1.326745820045471191e+01,1.577050955408645372e+00,-7.855921562513777934e-01,-1.583872051781871182e+00,-3.592363450427203892e-04,-7.238298113688371865e-06,7.688471000978319529e-04,-8.518919851291384404e-05,-1.678622488013064995e+01,1.016312353842342908e+01
1.327831387519836426e+01,1.577047358996435555e+00,-7.855922239518181582e-01,-1.583864354862885460e+00,-3.599182875011511197e-04,-6.388507259794899001e-06,7.706276175524369963e-04,-8.518919851291384404e-05,-1.678622488013064995e+01,1.016312353842343086e+01
1.328760719299316406e+01,1.577043756265481100e+00,-7.855922800842081166e-01,-1.583856656148435293e+00,-3.605089042263699933e-04,-4.980146320210637051e-06,7.694973817306018354e-04,-6.871106148982619732e-05,-1.678638762761975300e+01,1.016289579471014726e+01
1.329798531532287598e+01,1.577040149629987065e+00,-7.855923221719519622e-01,-1.583848959769257103e+00,-3.607352772431751350e-04,-3.578426663625178250e-06,7.699974337784052519e-04,-6.871106148982611601e-05,-1.678638762761975300e+01,1.016289579471014726e+01
1.330796909332275391e+01,1.577036542008777964e+00,-7.855923469077795707e-01,-1.583841275609216837e+00,-3.607289547181126649e-04,-1.569849404795074094e-06,7.673663010383392335e-04,-4.455438564574670801e-05,-1.678656064026716166e+01,1.016265634332559031e+01
1.331664705276489258e+01,1.577032936476353564e+00,-7.855923515581310079e-01,-1.583833608815267358e+00,-3.603540023969963512e-04,4.393078339290021339e-07,7.663610072051352685e-04,-4.455438564574678933e-05,-1.678656064026715811e+01,1.016265634332559031e+01
1.332746767997741699e+01,1.577029335190087034e+00,-7.855923339425179286e-01,-1.583825967020407344e+00,-3.598883983217069922e-04,2.844512422592749418e-06,7.626374825699363050e-04,-2.425784508199363616e-05,-1.678674736140284551e+01,1.016242916697574294e+01
1.333643913269042969e+01,1.577025740611317728e+00,-7.855922922245029971e-01,-1.583818353568288151e+00,-3.590494400624127361e-04,5.259633375537427213e-06,7.605298614579781083e-04,-2.425784508198685989e-05,-1.678674736140284551e+01,1.016242916697574294e+01
1.334702801704406738e+01,1.577022155058525055e+00,-7.855922246189499525e-01,-1.583810776046604696e+00,-3.580944113670320086e-04,7.991269547309980820e-06,7.557203765925647309e-04,5.319031268213869623e-08,-1.678695190555079364e+01,1.016219766935966362e+01
1.335681962966918945e+01,1.577018581134033592e+00,-7.855921295874163102e-01,-1.583803237805450514e+00,-3.567611999609792339e-04,1.074370188777025101e-05,7.525122328536448888e-04,5.319031268560814318e-08,-1.678695190555079364e+01,1.016219766935966362e+01
1.336695718765258789e+01,1.577015020365339693e+00,-7.855920065469326197e-01,-1.583795744302188169e+00,-3.554596959829966303e-04,1.358513744655152206e-05,7.470015347183752222e-04,2.099051274655891670e-05,-1.678717438985044197e+01,1.016197698065086463e+01
1.338038015365600586e+01,1.577011474715500627e+00,-7.855918549176766907e-01,-1.583788297191386363e+00,-3.537753422267524909e-04,1.645918694499585999e-05,7.430738068573141623e-04,2.099051274655907933e-05,-1.678717438985044197e+01,1.016197698065086463e+01
1.339311385154724121e+01,1.577007944527213379e+00,-7.855916756246719146e-01,-1.583780898975994056e+00,-3.523419452573839697e-04,1.913834650888032382e-05,7.373958069647702437e-04,3.538852016790250605e-05,-1.678741412220661999e+01,1.016177341534768530e+01
1.340436506271362305e+01,1.577004430799942014e+00,-7.855914693008945182e-01,-1.583773548937123632e+00,-3.505215247827217951e-04,2.186184471031837537e-05,7.332805308845401042e-04,3.538852016789911792e-05,-1.678741412220661999e+01,1.016177341534768530e+01
1.341700220108032227e+01,1.577000932512947262e+00,-7.855912389858825673e-01,-1.583766233379886978e+00,-3.492033124685496484e-04,2.399633899029685741e-05,7.303770809811507576e-04,1.873965512168293351e-05,-1.678753783478668282e+01,1.016172212151481347e+01
1.343246507644653320e+01,1.576997441803311695e+00,-7.855909926476126737e-01,-1.583758946453929228e+00,-3.489039622500777040e-04,2.516377818181491505e-05,7.275460380456941212e-04,3.271223992136473857e-06,-1.678779593282792604e+01,1.016158531902322437e+01
1.344903802871704102e+01,1.576993956241520944e+00,-7.855907343232780837e-01,-1.583751679353789577e+00,-3.482127783250037103e-04,2.638826043797155504e-05,7.262570050196063762e-04,3.271223992136473857e-06,-1.678779593282792604e+01,1.016158531902322437e+01
1.346186494827270508e+01,1.576990475154861127e+00,-7.855904668769230215e-01,-1.583744419240733059e+00,-3.479644625817450215e-04,2.704525761578488799e-05,7.260410562974608031e-04,-9.683679817809598411e-06,-1.678792715968151938e+01,1.016152687688630074e+01
1.347199010848999023e+01,1.576986984936805003e+00,-7.855902033103253634e-01,-1.583737147154806735e+00,-3.498278747387540159e-04,2.580221041168081694e-05,7.283949713375323723e-04,-7.271149170952340146e-05,-1.678818130170728296e+01,1.016148936611784670e+01
1.348287487030029297e+01,1.576983478247937054e+00,-7.855899518510959245e-01,-1.583729843043680363e+00,-3.512980206812582433e-04,2.461752182174748588e-05,7.322928006370638641e-04,-7.271149170952340146e-05,-1.678818130170728296e+01,1.016148936611784670e+01
1.349928236007690430e+01,1.576979953977006632e+00,-7.855897156015201332e-01,-1.583722493012676313e+00,-3.532919389502803633e-04,2.282094822713808674e-05,7.374541767592602409e-04,-9.016263198588850281e-05,-1.678830666173670494e+01,1.016143966600783166e+01
1.351041698455810547e+01,1.576976408884800396e+00,-7.855894978177603294e-01,-1.583715101930706748e+00,-3.554463717256825007e-04,2.093287043565712768e-05,7.406963749614647614e-04,-7.321974882873102941e-05,-1.678854064535813961e+01,1.016123170731482261e+01
1.352664518356323242e+01,1.576972844402248830e+00,-7.855892986471416650e-01,-1.583707669798942952e+00,-3.572093236442614979e-04,1.909286008469927506e-05,7.455085476604024659e-04,-7.321974882872409052e-05,-1.678854064535813961e+01,1.016123170731482261e+01
1.353952193260192871e+01,1.576969255826384586e+00,-7.855891223531277223e-01,-1.583700187650856739e+00,-3.601476836824166216e-04,1.643822946399003948e-05,7.506667740929619161e-04,-1.051352891293411715e-04,-1.678874313351834857e+01,1.016112134261143574e+01
1.355121278762817383e+01,1.576965634707307995e+00,-7.855889753457835356e-01,-1.583692646394506021e+00,-3.636607862060356293e-04,1.328442914114809012e-05,7.571952197180707809e-04,-1.304702323064801126e-04,-1.678883501259648980e+01,1.016108452419123509e+01
1.356121969223022461e+01,1.576961980588635459e+00,-7.855888596956043246e-01,-1.583685031039449020e+00,-3.667865723203192507e-04,1.016251175722359540e-05,7.653285851373858254e-04,-1.304702323064835820e-04,-1.678883501259648980e+01,1.016108452419123509e+01
1.357031774520874023e+01,1.576958295540463739e+00,-7.855887749274726994e-01,-1.583677334577422879e+00,-3.698528042669312066e-04,7.100911362120220643e-06,7.734233099118579743e-04,-1.293220012816183317e-04,-1.678892248141558241e+01,1.016099271151536421e+01
1.357974147796630859e+01,1.576954581949784551e+00,-7.855887206665659317e-01,-1.583669548167660146e+00,-3.725336967965176536e-04,4.058120472587127547e-06,7.831573197154362374e-04,-1.293220012816149436e-04,-1.678892248141558241e+01,1.016099271151536421e+01
1.358968329429626465e+01,1.576950845336619222e+00,-7.855886888980987415e-01,-1.583661699359038222e+00,-3.745262228079372733e-04,2.457415685653847187e-06,7.865404482551641759e-04,-7.741754763668915102e-05,-1.678914824925227123e+01,1.016060997041425296e+01
1.360048484802246094e+01,1.576947090912295346e+00,-7.855886730841439292e-01,-1.583653807557975579e+00,-3.761344416308414081e-04,8.657540085271232810e-07,7.915905841582655984e-04,-7.741754763668584421e-05,-1.678914824925227123e+01,1.016060997041425118e+01
1.361242938041687012e+01,1.576943325793493944e+00,-7.855886650387443604e-01,-1.583645891927714988e+00,-3.767630887819544013e-04,7.552937879812086919e-07,7.917920636759880233e-04,-2.938231729696094696e-05,-1.678927959238815149e+01,1.016031425782233377e+01
1.362349057197570801e+01,1.576939556500725592e+00,-7.855886580677080566e-01,-1.583637965054852437e+00,-3.770075948949867914e-04,6.502939510657883282e-07,7.936716627769725436e-04,-2.938231729696102828e-05,-1.678927959238815149e+01,1.016031425782233377e+01
1.363770747184753418e+01,1.576935787584817783e+00,-7.855886488261996092e-01,-1.583630026069242192e+00,-3.767388852917250160e-04,1.149079438907043421e-06,7.943365324131861083e-04,-1.270095409524468755e-05,-1.678934474814786881e+01,1.016018089298354887e+01
1.365018963813781738e+01,1.576932023477714218e+00,-7.855886345631594159e-01,-1.583622071177999802e+00,-3.760841821972417225e-04,1.654144608147743722e-06,7.966849673484109867e-04,-1.270095409523774865e-05,-1.678934474814786881e+01,1.016018089298354887e+01
1.366075944900512695e+01,1.576928268075260764e+00,-7.855886101840254820e-01,-1.583614112039671173e+00,-3.750369109216950946e-04,3.080510264279971017e-06,7.955359073042850802e-04,1.185234270254667348e-05,-1.678948628133405307e+01,1.015993451360924027e+01
1.367434167861938477e+01,1.576924521129799528e+00,-7.855885702247018543e-01,-1.583606175004264038e+00,-3.743559186044640233e-04,4.746738074792606482e-06,7.924566648563227504e-04,6.491695244918022079e-06,-1.678964284185973099e+01,1.015974495576539915e+01
1.368801045417785645e+01,1.576920783142377935e+00,-7.855885135294776722e-01,-1.583598259519375384e+00,-3.732841240528577071e-04,6.426878207636734647e-06,7.910570668819140276e-04,6.491695244914633947e-06,-1.678964284185973099e+01,1.015974495576539915e+01
1.369995713233947754e+01,1.576917057418324664e+00,-7.855884381720840137e-01,-1.583590362448513034e+00,-3.719310337071725652e-04,8.445926586484776843e-06,7.888536205745506815e-04,1.688739136251546369e-05,-1.678973071578966980e+01,1.015962093343818928e+01
1.370953607559204102e+01,1.576913341086748188e+00,-7.855883439515872757e-01,-1.583582493287992499e+00,-3.713301301877777239e-04,1.022423663364418686e-05,7.855809669458525130e-04,5.530823928254788389e-07,-1.678992012578811099e+01,1.015945557409668609e+01
1.372111511230468750e+01,1.576909632941818629e+00,-7.855882318109481677e-01,-1.583574647691192050e+00,-3.703330482179779297e-04,1.202802723264699211e-05,7.839735140880779718e-04,5.530823928220093919e-07,-1.678992012578811099e+01,1.015945557409668609e+01
1.373068952560424805e+01,1.576905934161657585e+00,-7.855881004924702982e-01,-1.583566832000834035e+00,-3.694459104285908449e-04,1.403968616396633617e-05,7.798502592741094613e-04,1.561948355556508350e-05,-1.679013271837012766e+01,1.015922693342871774e+01
1.374280953407287598e+01,1.576902246448598000e+00,-7.855879488764447860e-01,-1.583559048445077222e+00,-3.681593067091590028e-04,1.608488534102442760e-05,7.773801391110057423e-04,1.561948355556169537e-05,-1.679013271837012766e+01,1.015922693342871774e+01
1.376438307762145996e+01,1.576898571482283851e+00,-7.855877770912913505e-01,-1.583551289767060721e+00,-3.668940917386682445e-04,1.807929458107161366e-05,7.748771375011790502e-04,1.680719776259520320e-05,-1.679024399494329955e+01,1.015912705518702097e+01
1.377855873107910156e+01,1.576894907418093128e+00,-7.855875859787535553e-01,-1.583543566587189755e+00,-3.659468518133736576e-04,1.996219187850537674e-05,7.704697446146218862e-04,2.653714418105607153e-05,-1.679047809337930985e+01,1.015891652096323483e+01
1.379069757461547852e+01,1.576891244592596220e+00,-7.855873835693197860e-01,-1.583535868908283906e+00,-3.664965601326637852e-04,2.047599601803134009e-05,7.694384001817290101e-04,-3.474409682650489439e-05,-1.679059376560828554e+01,1.015894924696958945e+01
1.380380272865295410e+01,1.576887578495022035e+00,-7.855871757636933017e-01,-1.583528172570570547e+00,-3.666416101110269820e-04,2.103690339174410853e-05,7.700383127177909143e-04,-3.474409682649803681e-05,-1.679059376560828554e+01,1.015894924696958945e+01
1.381433939933776855e+01,1.576883905044700107e+00,-7.855869670434247887e-01,-1.583520470487383536e+00,-3.678597214394889892e-04,2.074432180436229511e-05,7.705922922184166302e-04,-5.576956798819887400e-05,-1.679083718905797795e+01,1.015880897805022798e+01
1.382508802413940430e+01,1.576880221644120006e+00,-7.855867609863705914e-01,-1.583512753881157531e+00,-3.686721878143205296e-04,2.049939739993348470e-05,7.727800299152122725e-04,-5.576956798820218082e-05,-1.679083718905797795e+01,1.015880897805022798e+01
1.383652043342590332e+01,1.576876528823677681e+00,-7.855865590823789546e-01,-1.583505012199693196e+00,-3.697200601958203648e-04,1.994456093172601932e-05,7.755499876178919248e-04,-6.248499038120574971e-05,-1.679095671257248057e+01,1.015873102446217224e+01
1.385074663162231445e+01,1.576872827761012674e+00,-7.855863624731034278e-01,-1.583497233781196556e+00,-3.703611626873000331e-04,1.943567159514185058e-05,7.799642656843301831e-04,-6.248499038120921916e-05,-1.679095671257248057e+01,1.015873102446217224e+01
1.385877704620361328e+01,1.576869119566823629e+00,-7.855861709313126662e-01,-1.583489422873380459e+00,-3.711331421401958255e-04,1.893051851046406719e-05,7.822607968353575796e-04,-4.536815040868938582e-05,-1.679118832636472192e+01,1.015851248355211212e+01
1.386871170997619629e+01,1.576865400353626656e+00,-7.855859860403560102e-01,-1.583481595633762895e+00,-3.725050100331143933e-04,1.813437910629664765e-05,7.833517724791620729e-04,-5.078265730979600518e-05,-1.679140604338454068e+01,1.015833368209858278e+01
1.387841916084289551e+01,1.576861669664193499e+00,-7.855858088776181969e-01,-1.583473748353002364e+00,-3.734692068320830073e-04,1.738038580035520392e-05,7.861036154737336291e-04,-5.078265730979955594e-05,-1.679140604338454068e+01,1.015833368209858278e+01
1.388921475410461426e+01,1.576857932478540114e+00,-7.855856349701310082e-01,-1.583465895368380894e+00,-3.738614805390695997e-04,1.740531459509591858e-05,7.848894127527707501e-04,-6.836812699414276115e-06,-1.679161926823439188e+01,1.015804793231149006e+01
1.389768576622009277e+01,1.576854193610138122e+00,-7.855854605900688403e-01,-1.583458045372434064e+00,-3.738465011359957089e-04,1.747085092700887549e-05,7.853393407470838933e-04,-6.836812699407499852e-06,-1.679161926823439188e+01,1.015804793231149006e+01
1.390953660011291504e+01,1.576850456498869013e+00,-7.855852825179731047e-01,-1.583450208812755777e+00,-3.735392824156498828e-04,1.808862059371908054e-05,7.825278822940343656e-04,2.375567475025605418e-05,-1.679182448986733434e+01,1.015779226431782689e+01
1.391963672637939453e+01,1.576846724699308533e+00,-7.855850980380360005e-01,-1.583442391238885305e+00,-3.728248701142390219e-04,1.874843233456730679e-05,7.813755788741566771e-04,2.375567475025944231e-05,-1.679182448986733434e+01,1.015779226431782511e+01
1.393098139762878418e+01,1.576843001442599590e+00,-7.855849042930411752e-01,-1.583434602330475505e+00,-3.718561251309594664e-04,1.989343090533484543e-05,7.771056080397959701e-04,5.334140259233643793e-05,-1.679203321009989480e+01,1.015754148133940760e+01
1.394489288330078125e+01,1.576839290114079084e+00,-7.855846988479441295e-01,-1.583426847053405195e+00,-3.704799454787402772e-04,2.108427014342129438e-05,7.744833445372959011e-04,5.334140259233982606e-05,-1.679203321009989480e+01,1.015754148133940760e+01
1.396062397956848145e+01,1.576835594134461394e+00,-7.855844803127142173e-01,-1.583419121503896854e+00,-3.688151053167687456e-04,2.249038183276073216e-05,7.712228911092929191e-04,6.681796203538217793e-05,-1.679214048051658636e+01,1.015741938060108396e+01
1.396913838386535645e+01,1.576831911636960459e+00,-7.855842494776030804e-01,-1.583411434832891596e+00,-3.677259338114066797e-04,2.357666431656614547e-05,7.668205009860461392e-04,6.295641728223242057e-05,-1.679236115657062811e+01,1.015724308253891373e+01
1.398048782348632812e+01,1.576828242276849368e+00,-7.855840074868465361e-01,-1.583403783236518203e+00,-3.662284536183535639e-04,2.471653435794996315e-05,7.640441179732233856e-04,6.295641728223242057e-05,-1.679236115657062811e+01,1.015724308253891373e+01
1.399392271041870117e+01,1.576824584281747876e+00,-7.855837565017195212e-01,-1.583396164756212032e+00,-3.653873158690860447e-04,2.541954598035819565e-05,7.602935658062484180e-04,5.754943567018799637e-05,-1.679259271646369811e+01,1.015707061464888739e+01
1.400609183311462402e+01,1.576820936942678886e+00,-7.855834981717437770e-01,-1.583388574909015967e+00,-3.641380989335980378e-04,2.618000836353490471e-05,7.581552506999073883e-04,5.754943567019485395e-05,-1.679259271646369811e+01,1.015707061464888739e+01
1.401839041709899902e+01,1.576817301663714810e+00,-7.855832331353890252e-01,-1.583381005260316554e+00,-3.629674247532844208e-04,2.677736704126800274e-05,7.562316860870406995e-04,5.728673082476889999e-05,-1.679271124533376991e+01,1.015697979231761039e+01
1.403064727783203125e+01,1.576813673401418869e+00,-7.855829657209957295e-01,-1.583373457357862391e+00,-3.626495822116339827e-04,2.672107543520620826e-05,7.538509664199628552e-04,4.437784456086399181e-05,-1.679294779827935002e+01,1.015682667322426980e+01
1.404120492935180664e+01,1.576810050556889831e+00,-7.855826985385839789e-01,-1.583365924467231789e+00,-3.619247080729878969e-04,2.672494036142338339e-05,7.530689084935492366e-04,4.437784456086391049e-05,-1.679294779827935002e+01,1.015682667322426980e+01
1.405168080329895020e+01,1.576806430533044923e+00,-7.855824346039569361e-01,-1.583358402662055298e+00,-3.620050830365824260e-04,2.613117864207160565e-05,7.516928942381251571e-04,3.328509138266966456e-05,-1.679318271911614602e+01,1.015666896161489419e+01
1.406379914283752441e+01,1.576802811934211235e+00,-7.855821762821070253e-01,-1.583350885848360923e+00,-3.616804056358757661e-04,2.559629492572849593e-05,7.519110023552473630e-04,3.328509138267321532e-05,-1.679318271911614247e+01,1.015666896161489419e+01
1.407443094253540039e+01,1.576799197142287889e+00,-7.855819233026262172e-01,-1.583343367923010669e+00,-3.612540038201315831e-04,2.506241660398889418e-05,7.519347091706363867e-04,4.046019165224187613e-05,-1.679329871027280063e+01,1.015656342493160480e+01
1.408574676513671875e+01,1.576795588833793893e+00,-7.855816753498297000e-01,-1.583335840991348498e+00,-3.604241339832698222e-04,2.458511937730853067e-05,7.535530896726682845e-04,4.046019165224171350e-05,-1.679329871027280063e+01,1.015656342493160480e+01
1.409664368629455566e+01,1.576791986453107475e+00,-7.855814334219719530e-01,-1.583328305596845231e+00,-3.600254089985808082e-04,2.388000642286180336e-05,7.537679485026154477e-04,4.327921874132034858e-05,-1.679352090145331644e+01,1.015637789473453445e+01
1.410577845573425293e+01,1.576788386466019487e+00,-7.855811986667373681e-01,-1.583320778390747918e+00,-3.599166615367798382e-04,2.315257782241298898e-05,7.521031209012818842e-04,5.082315604176484785e-05,-1.679373543075179498e+01,1.015617605619851105e+01
1.411651992797851562e+01,1.576784789770529827e+00,-7.855809708956036364e-01,-1.583313259058743094e+00,-3.594073946308323081e-04,2.247768264439274979e-05,7.520333278757773514e-04,5.082315604176129709e-05,-1.679373543075179498e+01,1.015617605619851282e+01
1.412743115425109863e+01,1.576781198289674002e+00,-7.855807482322447743e-01,-1.583305755082005106e+00,-3.588761789623964404e-04,2.210101812632125559e-05,7.492981154122119267e-04,7.075752130795967738e-05,-1.679394380059772374e+01,1.015594550547281116e+01
1.413657999038696289e+01,1.576777614308415121e+00,-7.855805290583236511e-01,-1.583298269713996120e+00,-3.579474718825614073e-04,2.177463792588270330e-05,7.481519992243825575e-04,7.075752130795281980e-05,-1.679394380059772374e+01,1.015594550547281116e+01
1.414703583717346191e+01,1.576774038612291706e+00,-7.855803124622606770e-01,-1.583290807472797379e+00,-3.572011573468719930e-04,2.157289178879567143e-05,7.448841525196879792e-04,8.090568086216451209e-05,-1.679414544596546222e+01,1.015573860472868262e+01
1.415732932090759277e+01,1.576770472550382163e+00,-7.855800976130768998e-01,-1.583283369217089120e+00,-3.560603254683505697e-04,2.142028053641860733e-05,7.431960643941876860e-04,8.090568086216790022e-05,-1.679414544596546222e+01,1.015573860472868262e+01
1.416694307327270508e+01,1.576766918232666903e+00,-7.855798825555987408e-01,-1.583275962196130981e+00,-3.548586408952428511e-04,2.158301848662795910e-05,7.388972282343757043e-04,1.015204180775317044e-04,-1.679434666395400555e+01,1.015551312006211582e+01
1.417581176757812500e+01,1.576763378086955880e+00,-7.855796656008580126e-01,-1.583268589538437743e+00,-3.532653202077089944e-04,2.179487948051998802e-05,7.361654797092673144e-04,1.015204180775282350e-04,-1.679434666395400555e+01,1.015551312006211759e+01
1.418690133094787598e+01,1.576759853611584772e+00,-7.855794454458681075e-01,-1.583261256861329569e+00,-3.517200009871058238e-04,2.220350078303108196e-05,7.311301137259099570e-04,1.176912678157761294e-04,-1.679454837446294491e+01,1.015530008565816900e+01
1.419597935676574707e+01,1.576756346729288660e+00,-7.855792209282076444e-01,-1.583253966001877622e+00,-3.497858183353781117e-04,2.266251845887013588e-05,7.276454002090957524e-04,1.176912678157691092e-04,-1.679454837446294491e+01,1.015530008565816900e+01
1.420666027069091797e+01,1.576752858923270439e+00,-7.855789909458940068e-01,-1.583246722365714731e+00,-3.479001230944107491e-04,2.328070255261383004e-05,7.219090106466534429e-04,1.346461348589803042e-04,-1.679475396566744649e+01,1.015508860642572664e+01
1.421802973747253418e+01,1.576749392098964808e+00,-7.855787544933514610e-01,-1.583239527663521828e+00,-3.456283153012825924e-04,2.395151881531571575e-05,7.177037609381918884e-04,1.346461348589768348e-04,-1.679475396566744649e+01,1.015508860642572664e+01
1.423147010803222656e+01,1.576745946884519078e+00,-7.855785114037981964e-01,-1.583232385215317395e+00,-3.435582155398457299e-04,2.460960846773635469e-05,7.116420628778411320e-04,1.459447589906882892e-04,-1.679496397501625538e+01,1.015489206379830378e+01
1.424324703216552734e+01,1.576742524480199803e+00,-7.855782614298327804e-01,-1.583225295073064309e+00,-3.411048598020937316e-04,2.532309374191077378e-05,7.070897801902552206e-04,1.459447589906917586e-04,-1.679496397501625538e+01,1.015489206379830556e+01
1.425792121887207031e+01,1.576739125742216974e+00,-7.855780054302351489e-01,-1.583218248310116927e+00,-3.388093506855956627e-04,2.583509343582384224e-05,7.029258470065415879e-04,1.412317312668964189e-04,-1.679507005245799078e+01,1.015481607096653782e+01
1.427086734771728516e+01,1.576735752055393069e+00,-7.855777439929663153e-01,-1.583211234980047788e+00,-3.361328578964568902e-04,2.640501844337591122e-05,7.002529154594009427e-04,1.412317312668964189e-04,-1.679507005245799078e+01,1.015481607096653782e+01
1.428305959701538086e+01,1.576732399248969463e+00,-7.855774813316127592e-01,-1.583204247335032511e+00,-3.345264265482312811e-04,2.616132774717946224e-05,6.977690319967943134e-04,1.162439241732087772e-04,-1.679528385117768607e+01,1.015469983075744231e+01
1.430251073837280273e+01,1.576729058291918228e+00,-7.855772251581166765e-01,-1.583197274752167871e+00,-3.336866091072849313e-04,2.518090264369207687e-05,6.970622235298736761e-04,8.562951762819742880e-05,-1.679538997967459935e+01,1.015467891474856010e+01
1.431466770172119141e+01,1.576725719100616763e+00,-7.855769836322671340e-01,-1.583190307523981488e+00,-3.340530643277062018e-04,2.331940845097654411e-05,6.966667671862605653e-04,5.502398580881770669e-05,-1.679560422464067670e+01,1.015456757898997076e+01
1.432814550399780273e+01,1.576722378303889505e+00,-7.855767604292092088e-01,-1.583183336123163087e+00,-3.340455454377015600e-04,2.151044564171296011e-05,6.977490930069056747e-04,5.502398580881439987e-05,-1.679560422464068381e+01,1.015456757898997076e+01
1.433939933776855469e+01,1.576719029788283155e+00,-7.855765621834840395e-01,-1.583176336433158360e+00,-3.354555146751665457e-04,1.845203370866776646e-05,7.020078927782698666e-04,-4.529208132098087305e-06,-1.679570238545749916e+01,1.015460383384228749e+01
1.435031270980834961e+01,1.576715662099533732e+00,-7.855763974739131683e-01,-1.583169295583616742e+00,-3.377884214801239672e-04,1.485583345520787718e-05,7.060082799975199008e-04,-2.742034879229379913e-05,-1.679588943527549816e+01,1.015447811787662324e+01
1.436044168472290039e+01,1.576712273092346406e+00,-7.855762685298867121e-01,-1.583162206501909752e+00,-3.397562671965921946e-04,1.129421428786069395e-05,7.115062282402890691e-04,-2.742034879229726858e-05,-1.679588943527549816e+01,1.015447811787662324e+01
1.437557458877563477e+01,1.576708863076472733e+00,-7.855761741995813674e-01,-1.583155072356526860e+00,-3.419664653732448485e-04,7.913763498355701198e-06,7.152027565245223494e-04,-2.591852432685948227e-05,-1.679604787565412849e+01,1.015430000792817822e+01
1.438515472412109375e+01,1.576705432932923978e+00,-7.855761135585105359e-01,-1.583147892910180765e+00,-3.438181785376964207e-04,4.553199038667080784e-06,7.204162778294222105e-04,-2.591852432685609413e-05,-1.679604787565412849e+01,1.015430000792817822e+01
1.439612340927124023e+01,1.576701985923559368e+00,-7.855760845433118478e-01,-1.583140665112699352e+00,-3.453700567381165465e-04,1.551584296428758225e-06,7.249433286034326872e-04,-1.665738337004721487e-05,-1.679611551057977792e+01,1.015419262247790755e+01
1.440794539451599121e+01,1.576698522582412609e+00,-7.855760831380939058e-01,-1.583133402750980023e+00,-3.470701574572716093e-04,-1.013426817091881565e-06,7.275249085166332445e-04,-1.832607177791955948e-05,-1.679623069597501939e+01,1.015402099297672223e+01
1.441733884811401367e+01,1.576695044168767490e+00,-7.855761073730467281e-01,-1.583126106092601626e+00,-3.484199880452079189e-04,-3.577447457226486799e-06,7.316495290957544199e-04,-1.832607177792633575e-05,-1.679623069597501939e+01,1.015402099297672223e+01
1.442760992050170898e+01,1.576691553568383419e+00,-7.855761525945988977e-01,-1.583118783914633454e+00,-3.495316657831159602e-04,-5.296034608853663478e-06,7.329156155053552328e-04,-5.755069116250566275e-06,-1.679633163078984381e+01,1.015381745167958272e+01
1.443822550773620605e+01,1.576688053756092112e+00,-7.855762150434213442e-01,-1.583111440529993752e+00,-3.502972657820307804e-04,-7.022698779131537894e-06,7.357361364585576335e-04,-5.755069116247096828e-06,-1.679633163078984381e+01,1.015381745167958272e+01
1.445071578025817871e+01,1.576684550407187801e+00,-7.855762875924868771e-01,-1.583104090981110934e+00,-3.503140828617522977e-04,-7.446719541939848114e-06,7.345494627403153891e-04,2.805692170277867908e-05,-1.679642823266877372e+01,1.015356997173495479e+01
1.446632885932922363e+01,1.576681048779829064e+00,-7.855763644504665244e-01,-1.583096744729940664e+00,-3.499874475041293560e-04,-7.883373003066563439e-06,7.349206681215340268e-04,2.805692170278553665e-05,-1.679642823266877372e+01,1.015356997173495657e+01
1.448253130912780762e+01,1.576677552697978157e+00,-7.855764427457490040e-01,-1.583089399904216599e+00,-3.492464680302333267e-04,-7.787493429829966257e-06,7.343577528813576699e-04,3.934374977839980025e-05,-1.679647637057486165e+01,1.015345766395895133e+01
1.449436044692993164e+01,1.576674061215608269e+00,-7.855765191823682603e-01,-1.583082066797227627e+00,-3.490164926227072280e-04,-7.527944893395525916e-06,7.326872864815644776e-04,2.042163472717323236e-05,-1.679657918568790009e+01,1.015332181520393640e+01
1.450662064552307129e+01,1.576670573916358897e+00,-7.855765930945007858e-01,-1.583074741846520306e+00,-3.484440918897311755e-04,-7.281228769847290783e-06,7.325707929126377711e-04,2.042163472716976291e-05,-1.679657918568790009e+01,1.015332181520393640e+01
1.452284622192382812e+01,1.576667089835328106e+00,-7.855766659594105583e-01,-1.583067412362529458e+00,-3.483272315547930814e-04,-7.292647516300883315e-06,7.334904710387152478e-04,-4.192326715422080860e-06,-1.679663482570304467e+01,1.015328447003494716e+01
1.453382349014282227e+01,1.576663606075510593e+00,-7.855767368709246634e-01,-1.583060084475433005e+00,-3.483644040449692899e-04,-6.928084144903513819e-06,7.324476426022194855e-04,-3.715810190738771945e-06,-1.679676126096365252e+01,1.015310803150567587e+01
1.454509735107421875e+01,1.576660123831564952e+00,-7.855768042011317398e-01,-1.583052758471785282e+00,-3.480583113974476976e-04,-6.575106108199467447e-06,7.329583419193922388e-04,-3.715810190735302498e-06,-1.679676126096365252e+01,1.015310803150567409e+01
1.455361127853393555e+01,1.576656641847743678e+00,-7.855768698688170293e-01,-1.583045421082923232e+00,-3.482613331445002050e-04,-6.561572647304121653e-06,7.346108844592967244e-04,-2.915995668167559369e-05,-1.679682557063769721e+01,1.015307213387067975e+01
1.456326913833618164e+01,1.576653159729638487e+00,-7.855769354607651245e-01,-1.583038058602909359e+00,-3.481194617275148702e-04,-6.558874465123834541e-06,7.378216105248381999e-04,-2.915995668167228687e-05,-1.679682557063769721e+01,1.015307213387067975e+01
1.457287549972534180e+01,1.576649680077048865e+00,-7.855769976283758504e-01,-1.583030679327062540e+00,-3.477870563130202827e-04,-5.938372417336589687e-06,7.382490177309326742e-04,-1.137178575852043432e-05,-1.679696746436395927e+01,1.015285850456089811e+01
1.458418226242065430e+01,1.576646205659258504e+00,-7.855770536443021923e-01,-1.583023287166679838e+00,-3.471070087193393601e-04,-5.327374833672196552e-06,7.402423554066553911e-04,-1.137178575852382245e-05,-1.679696746436395927e+01,1.015285850456089811e+01
1.459577918052673340e+01,1.576642739789720915e+00,-7.855770993988426820e-01,-1.583015892833927962e+00,-3.461089203529983758e-04,-3.961257795100179419e-06,7.390065387315384975e-04,1.264774391836198664e-05,-1.679711462676841549e+01,1.015262562047828965e+01
1.460408854484558105e+01,1.576639285830773840e+00,-7.855771315237892738e-01,-1.583008502236896931e+00,-3.447596848926930526e-04,-2.600452202395492352e-06,7.393383038890404251e-04,1.264774391836190532e-05,-1.679711462676841549e+01,1.015262562047828965e+01
1.461438941955566406e+01,1.576635845554411164e+00,-7.855771470972490178e-01,-1.583001123530160648e+00,-3.433755502244468811e-04,-7.039573176274155353e-07,7.369046548610087670e-04,2.557034566964128119e-05,-1.679726864949628151e+01,1.015240884326233228e+01
1.462345957756042480e+01,1.576632421071733958e+00,-7.855771437003489233e-01,-1.582993760559530783e+00,-3.416361134288069083e-04,1.194120102575389059e-06,7.360341958755724830e-04,2.557034566963781175e-05,-1.679726864949628506e+01,1.015240884326233228e+01
1.463457274436950684e+01,1.576629014845788435e+00,-7.855771179320536479e-01,-1.582986423760119221e+00,-3.397395358851138252e-04,3.709377478548596396e-06,7.319872060566983123e-04,4.613859187640664827e-05,-1.679743758907358142e+01,1.015217169496537863e+01
1.464413213729858398e+01,1.576625629563239706e+00,-7.855770669555044439e-01,-1.582979118884336289e+00,-3.374830284860994597e-04,6.235554503038805846e-06,7.294930537274579244e-04,4.613859187640672959e-05,-1.679743758907358142e+01,1.015217169496537863e+01
1.465482664108276367e+01,1.576622267065198590e+00,-7.855769881787276754e-01,-1.582971855384261328e+00,-3.351862565739095919e-04,9.224146759712406607e-06,7.240096024102445852e-04,6.454659061744250081e-05,-1.679762394853097263e+01,1.015193708202926537e+01
1.466534566879272461e+01,1.576618925463459275e+00,-7.855768794210434836e-01,-1.582964658059194063e+00,-3.332658643562939654e-04,1.223096074567291483e-05,7.164621756625007797e-04,6.838613397235765445e-05,-1.679782942207690866e+01,1.015173326863723346e+01
1.467561388015747070e+01,1.576615605077134052e+00,-7.855767404412791199e-01,-1.582957527836401423e+00,-3.309795198294816689e-04,1.526671686852883875e-05,7.104347819443356925e-04,6.838613397235765445e-05,-1.679782942207690866e+01,1.015173326863723346e+01
1.468649268150329590e+01,1.576612304555077282e+00,-7.855765725807961619e-01,-1.582950466367267994e+00,-3.292382820637688610e-04,1.803487690833814952e-05,7.028634634840904855e-04,6.861320854719557354e-05,-1.679805612491698241e+01,1.015154443342112955e+01
1.469711017608642578e+01,1.576609023471713833e+00,-7.855763768170257455e-01,-1.582943472397305262e+00,-3.271284547722156429e-04,2.084422275709478523e-05,6.967834417810640692e-04,6.861320854719896167e-05,-1.679805612491698241e+01,1.015154443342112955e+01
1.470797061920166016e+01,1.576605759380533822e+00,-7.855761562897434214e-01,-1.582936543666964235e+00,-3.257650621692970497e-04,2.304891860827355463e-05,6.898941985525504101e-04,6.310213814080681076e-05,-1.679829963001741078e+01,1.015138033598900513e+01
1.472003030776977539e+01,1.576602510959344228e+00,-7.855759134347186645e-01,-1.582929675766943545e+00,-3.240313921724994597e-04,2.530536819691587072e-05,6.844688448097695915e-04,6.310213814081358703e-05,-1.679829963001741078e+01,1.015138033598900691e+01
1.472986602783203125e+01,1.576599275274833012e+00,-7.855756524340417046e-01,-1.582922864128755602e+00,-3.231340543497829071e-04,2.675897933161796097e-05,6.786765671845762342e-04,5.551103890871766922e-05,-1.679855335251719239e+01,1.015123144126425814e+01
1.473982310295104980e+01,1.576596050602866228e+00,-7.855753765722226500e-01,-1.582916102483512777e+00,-3.218659741626626013e-04,2.827215226206816409e-05,6.743244714081688112e-04,5.551103890871081164e-05,-1.679855335251719239e+01,1.015123144126425636e+01
1.475402760505676270e+01,1.576592833362480794e+00,-7.855750909396356230e-01,-1.582909383811708315e+00,-3.215523649863262241e-04,2.881092938683766161e-05,6.700705594407804170e-04,4.320182198604138879e-05,-1.679880884267206298e+01,1.015110104288356929e+01
1.476417422294616699e+01,1.576589621292967758e+00,-7.855747995690040009e-01,-1.582902699851890471e+00,-3.208689172787070705e-04,2.941356866172561632e-05,6.672386412916843715e-04,4.320182198603800066e-05,-1.679880884267206298e+01,1.015110104288357107e+01
1.477556014060974121e+01,1.576586415019348486e+00,-7.855745042301857106e-01,-1.582896041102786810e+00,-3.203743888866872900e-04,2.964211825318705321e-05,6.649710915896246514e-04,4.135678123624872220e-05,-1.679893565679581258e+01,1.015102888596672415e+01
1.478728055953979492e+01,1.576583215719083997e+00,-7.855742062456375630e-01,-1.582889397264680920e+00,-3.195111717465315719e-04,2.993624388540052847e-05,6.641147772413460906e-04,4.135678123624864089e-05,-1.679893565679581258e+01,1.015102888596672415e+01
1.479659819602966309e+01,1.576580019313762238e+00,-7.855739111509896233e-01,-1.582882759178223742e+00,-3.196911862270073791e-04,2.917008425783271935e-05,6.637694540865485618e-04,2.320160880544056003e-05,-1.679917879759526755e+01,1.015091925865128175e+01
1.480877590179443359e+01,1.576576816067641440e+00,-7.855736285819892029e-01,-1.582876123613806252e+00,-3.207879892682061478e-04,2.751916782315266471e-05,6.635933546430296519e-04,8.645849437896672421e-06,-1.679941129942802647e+01,1.015079954488223102e+01
1.482019305229187012e+01,1.576573603861020745e+00,-7.855733621835052638e-01,-1.582869482065464073e+00,-3.215201346268937782e-04,2.592930573990914062e-05,6.648255913678324889e-04,8.645849437899979237e-06,-1.679941129942802647e+01,1.015079954488223102e+01
1.482965660095214844e+01,1.576570381506642526e+00,-7.855731141439615817e-01,-1.582862832444230206e+00,-3.227665234059130589e-04,2.389153781832660875e-05,6.652854619189193987e-04,8.416405077069782914e-06,-1.679962614127388321e+01,1.015064831992272865e+01
1.484142661094665527e+01,1.576567148668989171e+00,-7.855728861851103417e-01,-1.582856170460839484e+00,-3.236531954453905841e-04,2.190712567393462984e-05,6.671572401292036672e-04,8.416405077069701599e-06,-1.679962614127388321e+01,1.015064831992272865e+01
1.485396695137023926e+01,1.576563905725194559e+00,-7.855726786444607868e-01,-1.582849497270016448e+00,-3.247656150737768753e-04,1.981768982983571348e-05,6.676638739059705726e-04,1.643312602930130373e-05,-1.679981628618079625e+01,1.015048127466216421e+01
1.486419796943664551e+01,1.576560653608619633e+00,-7.855724917486053283e-01,-1.582842811221897961e+00,-3.255236360998831958e-04,1.777296968154349482e-05,6.695874321374171295e-04,1.643312602930138504e-05,-1.679981628618079625e+01,1.015048127466216243e+01
1.487630486488342285e+01,1.576557393545537034e+00,-7.855723258787755681e-01,-1.582836104138910516e+00,-3.263486046073556766e-04,1.562234192411561529e-05,6.718387956858610718e-04,1.336066066686195097e-05,-1.679990207598678964e+01,1.015041221687376094e+01
1.488699698448181152e+01,1.576554124048378469e+00,-7.855721813218345950e-01,-1.582829381955615178e+00,-3.273893099232525134e-04,1.350619969908142468e-05,6.727427786357535744e-04,1.651584727867250191e-05,-1.680006015532356400e+01,1.015025528517204023e+01
1.489739489555358887e+01,1.576550846053867083e+00,-7.855720577503005897e-01,-1.582822642883206621e+00,-3.280831800934105717e-04,1.142139022232858264e-05,6.750744188164807449e-04,1.651584727866903246e-05,-1.680006015532356400e+01,1.015025528517204023e+01
1.490849900245666504e+01,1.576547560404476522e+00,-7.855719539510849225e-01,-1.582815889286283806e+00,-3.289076259162332047e-04,9.531546926855923724e-06,6.758080169641802418e-04,2.076272261564496291e-05,-1.680020246124155037e+01,1.015009310490311556e+01
1.492203450202941895e+01,1.576544268393552217e+00,-7.855718689210261507e-01,-1.582809120468195774e+00,-3.293900640967778416e-04,7.664608883723496996e-06,6.779757469592704103e-04,2.076272261564149346e-05,-1.680020246124155037e+01,1.015009310490311556e+01
1.493092203140258789e+01,1.576540971853886308e+00,-7.855718002917946308e-01,-1.582802341192050655e+00,-3.298190613705852844e-04,6.209609348888697061e-06,6.781039752423512808e-04,3.104425878332214644e-05,-1.680033316870070337e+01,1.014991696787512154e+01
1.494047856330871582e+01,1.576537672883948193e+00,-7.855717461227794685e-01,-1.582795552720725807e+00,-3.299102145420996254e-04,4.770470591470600541e-06,6.796711832600355833e-04,3.104425878331859567e-05,-1.680033316870070337e+01,1.014991696787512154e+01
1.495057559013366699e+01,1.576534373511825571e+00,-7.855717036656568730e-01,-1.582788760492708446e+00,-3.299090084450113751e-04,3.818134587316602407e-06,6.790721073413441122e-04,4.190566750571231096e-05,-1.680045678230212403e+01,1.014973790164873435e+01
1.496020174026489258e+01,1.576531075992792852e+00,-7.855716706709058306e-01,-1.582781966330054857e+00,-3.295732866765906663e-04,2.876583280658328440e-06,6.799140536307370000e-04,4.190566750571569909e-05,-1.680045678230212403e+01,1.014973790164873435e+01
1.497474145889282227e+01,1.576527783869158039e+00,-7.855716429978455428e-01,-1.582775179431906709e+00,-3.288671643370797456e-04,2.679184239424287073e-06,6.779041801036186574e-04,6.469908683777447767e-05,-1.680057989890708114e+01,1.014953215983577550e+01
1.498399376869201660e+01,1.576524500634296277e+00,-7.855716172524366270e-01,-1.582768404718268407e+00,-3.278289002288257894e-04,2.490145187527756376e-06,6.773328501511418666e-04,6.469908683777092690e-05,-1.680057989890708114e+01,1.014953215983577550e+01
1.499643087387084961e+01,1.576521229661933976e+00,-7.855715913429006658e-01,-1.582761639674347798e+00,-3.264489118053303654e-04,2.674653199349029398e-06,6.760418762817321271e-04,7.586939129241099060e-05,-1.680064221300835214e+01,1.014942867895568490e+01
1.500714588165283203e+01,1.576517970697543181e+00,-7.855715628852795174e-01,-1.582754894861897244e+00,-3.253948080019029160e-04,2.987059370850118217e-06,6.734190563319095938e-04,6.994621458620764649e-05,-1.680077100143237701e+01,1.014928095937796826e+01
1.501773166656494141e+01,1.576514724092077824e+00,-7.855715312547340012e-01,-1.582748168414465750e+00,-3.240102425093963632e-04,3.308446263452016756e-06,6.722253034727677847e-04,6.994621458620425836e-05,-1.680077100143237701e+01,1.014928095937796826e+01
1.502872681617736816e+01,1.576511489385504117e+00,-7.855714959605459846e-01,-1.582741461377026981e+00,-3.229796831021263903e-04,3.711725591827065573e-06,6.696723252697747188e-04,6.463922898325779958e-05,-1.680091000449055016e+01,1.014912935927945448e+01
1.503766274452209473e+01,1.576508266798630764e+00,-7.855714565765540280e-01,-1.582734772049823713e+00,-3.216193229166798714e-04,4.125496330192879313e-06,6.685405017653710258e-04,6.463922898325424882e-05,-1.680091000449055016e+01,1.014912935927945448e+01
1.504882097244262695e+01,1.576505056562365503e+00,-7.855714122073977901e-01,-1.582728103247875495e+00,-3.204868053481290400e-04,4.693506679935479514e-06,6.657340484223074704e-04,6.643780971124494034e-05,-1.680105862671290851e+01,1.014896278971948718e+01
1.505880165100097656e+01,1.576501859463364852e+00,-7.855713620901006999e-01,-1.582721454736218059e+00,-3.190248329757865999e-04,5.274065870250650712e-06,6.643404311684690099e-04,6.643780971124510298e-05,-1.680105862671290851e+01,1.014896278971948718e+01
1.506771516799926758e+01,1.576498675678668526e+00,-7.855713055222416363e-01,-1.582714829370165832e+00,-3.178002189193204698e-04,5.972095980068866522e-06,6.612716623583189679e-04,6.913088879472242820e-05,-1.680121462855193926e+01,1.014879429103355690e+01
1.507932019233703613e+01,1.576495505951430065e+00,-7.855712418915039574e-01,-1.582708226968941867e+00,-3.162462785296014630e-04,6.685360239919255904e-06,6.596063024187522311e-04,6.913088879471548931e-05,-1.680121462855193926e+01,1.014879429103355690e+01
1.508938312530517578e+01,1.576492351832127659e+00,-7.855711694622675711e-01,-1.582701653662400565e+00,-3.146798744629518657e-04,7.701782882498127425e-06,6.556780378122349304e-04,8.391307202549125126e-05,-1.680137858736668832e+01,1.014860076938804490e+01
1.509973382949829102e+01,1.576489215188326298e+00,-7.855710867667592412e-01,-1.582695111979184333e+00,-3.127841046274672590e-04,8.737080655833555365e-06,6.531413548910964227e-04,8.391307202549810884e-05,-1.680137858736668477e+01,1.014860076938804490e+01
1.510923171043395996e+01,1.576486094969917762e+00,-7.855709944560843594e-01,-1.582688602177150683e+00,-3.113487499629736415e-04,9.638538389297734987e-06,6.494192502682800960e-04,7.936761582670245896e-05,-1.680154777119307852e+01,1.014844831745342368e+01
1.511914062500000000e+01,1.576482990916846516e+00,-7.855708930061910955e-01,-1.582682122009940295e+00,-3.095839818301187197e-04,1.056294377316767397e-05,6.470754999934661116e-04,7.936761582670931654e-05,-1.680154777119307852e+01,1.014844831745342368e+01
1.512942957878112793e+01,1.576479902290653712e+00,-7.855707829953400001e-01,-1.582675672471163919e+00,-3.082230078243818690e-04,1.136342391545343278e-05,6.434233551959045450e-04,7.863678276277819013e-05,-1.680172487084461252e+01,1.014828913986122494e+01
1.514014983177185059e+01,1.576476829085206033e+00,-7.855706648349333188e-01,-1.582669251937431687e+00,-3.065327821392457700e-04,1.219047720836443499e-05,6.411368903549835834e-04,7.863678276277819013e-05,-1.680172487084461252e+01,1.014828913986122494e+01
1.515023350715637207e+01,1.576473770164916077e+00,-7.855705395728143081e-01,-1.582662860473909916e+00,-3.053184274776970727e-04,1.280524655122849964e-05,6.377212356378028375e-04,7.559627515969780109e-05,-1.680190630797389062e+01,1.014813613591881314e+01
1.515902805328369141e+01,1.576470725196748024e+00,-7.855704080012837487e-01,-1.582656495717229994e+00,-3.037752899995118695e-04,1.344961501832621018e-05,6.356592065970899201e-04,7.559627515969425033e-05,-1.680190630797389062e+01,1.014813613591881314e+01
1.516914272308349609e+01,1.576467692558950029e+00,-7.855702716683282683e-01,-1.582650156562912747e+00,-3.027960366150342798e-04,1.378827413135979424e-05,6.326905469679390288e-04,6.915847926204296559e-05,-1.680208967881396376e+01,1.014799169773744225e+01
1.517983007431030273e+01,1.576464671517648908e+00,-7.855701317752815660e-01,-1.582643839704747313e+00,-3.014888725075206438e-04,1.415858733249406379e-05,6.310648782498476037e-04,6.915847926204982316e-05,-1.680208967881396376e+01,1.014799169773744225e+01
1.518998599052429199e+01,1.576461661588795415e+00,-7.855699889222353960e-01,-1.582637546562520203e+00,-3.005380200227849045e-04,1.439388206023878292e-05,6.280822490148489645e-04,7.173259230895323775e-05,-1.680227349267969572e+01,1.014782989803349267e+01
1.520236134529113770e+01,1.576458662965600555e+00,-7.855698435356394116e-01,-1.582631275909721413e+00,-2.992605244054314371e-04,1.466208961538578021e-05,6.264328626188959189e-04,7.173259230895331906e-05,-1.680227349267969572e+01,1.014782989803349267e+01
1.521192479133605957e+01,1.576455673575382743e+00,-7.855696975538596361e-01,-1.582625025430161259e+00,-2.986271496441056318e-04,1.455088713043280885e-05,6.241138681827452378e-04,6.139078129131433914e-05,-1.680245352911069290e+01,1.014769651392647454e+01
1.522369360923767090e+01,1.576452692307056092e+00,-7.855695525012121871e-01,-1.582618790850981894e+00,-2.976688008647368423e-04,1.447290419498512698e-05,6.231197253346635288e-04,6.139078129131425783e-05,-1.680245352911069290e+01,1.014769651392647454e+01
1.523352336883544922e+01,1.576449718790982946e+00,-7.855694099752349446e-01,-1.582612562238904230e+00,-2.970435058428954386e-04,1.407723707227232987e-05,6.228479881792755440e-04,4.855267264232748987e-05,-1.680254185997370797e+01,1.014764595165281591e+01
1.524374914169311523e+01,1.576446753308052617e+00,-7.855692712282327239e-01,-1.582606329072787643e+00,-2.960946018797485702e-04,1.371375524014933206e-05,6.238984525353560937e-04,4.855267264232402042e-05,-1.680254185997370797e+01,1.014764595165281413e+01
1.525199222564697266e+01,1.576443793774274127e+00,-7.855691381332196022e-01,-1.582600088808271188e+00,-2.957893898346521588e-04,1.298334252741945374e-05,6.243298350859132536e-04,3.720360189498123278e-05,-1.680271535351590728e+01,1.014751675486708571e+01
1.526464533805847168e+01,1.576440839067366539e+00,-7.855690121768414969e-01,-1.582593836942375098e+00,-2.951615871391463316e-04,1.228278976716764073e-05,6.260865779554542019e-04,3.720360189498123278e-05,-1.680271535351590728e+01,1.014751675486708571e+01
1.527399349212646484e+01,1.576437888170143298e+00,-7.855688939738668664e-01,-1.582587573967808803e+00,-2.949826715940632961e-04,1.144601724661865536e-05,6.266693715907304622e-04,3.318781684790925168e-05,-1.680288288122436313e+01,1.014736750167334201e+01
1.528348922729492188e+01,1.576434940829714471e+00,-7.855687839908653824e-01,-1.582581297850693236e+00,-2.944824730660120264e-04,1.063584492375308291e-05,6.285824941261904109e-04,3.318781684790925168e-05,-1.680288288122436313e+01,1.014736750167334201e+01
1.529240989685058594e+01,1.576431996096337773e+00,-7.855686823626961690e-01,-1.582575009964990453e+00,-2.944178243863221703e-04,9.779390009769829695e-06,6.291573489637632480e-04,2.834944969214159283e-05,-1.680304219195943816e+01,1.014721412425076608e+01
1.530243396759033203e+01,1.576429053769192512e+00,-7.855685891707163693e-01,-1.582568708987073247e+00,-2.940333335513716038e-04,8.946002597812717505e-06,6.310678133769787469e-04,2.834944969214514359e-05,-1.680304219195943816e+01,1.014721412425076608e+01
1.531324839591979980e+01,1.576426114388044031e+00,-7.855685029256921359e-01,-1.582562400207462527e+00,-2.938123850344448234e-04,8.364559743660564262e-06,6.309234741672627763e-04,3.398237981770335842e-05,-1.680319451330735703e+01,1.014703465946176664e+01
1.532235002517700195e+01,1.576423178968403338e+00,-7.855684223837027247e-01,-1.582556085505720800e+00,-2.932729852906468346e-04,7.803186240129024454e-06,6.321184908927351877e-04,3.398237981769650085e-05,-1.680319451330735703e+01,1.014703465946176664e+01
1.533307313919067383e+01,1.576420248402241597e+00,-7.855683455015263217e-01,-1.582549771285693296e+00,-2.928319477083307729e-04,7.596951356198585609e-06,6.310531837947876751e-04,4.133077484755670800e-05,-1.680334041915495291e+01,1.014684903237303359e+01
1.534444117546081543e+01,1.576417323992001851e+00,-7.855682705799277299e-01,-1.582543460350063658e+00,-2.920736140814290515e-04,7.409154763596791093e-06,6.313275131378205327e-04,4.133077484756025877e-05,-1.680334041915495291e+01,1.014684903237303715e+01
1.535285806655883789e+01,1.576414406038564309e+00,-7.855681959779214907e-01,-1.582537157870957722e+00,-2.915201692950041500e-04,7.504685667693820894e-06,6.295652739371699388e-04,4.355288418697944391e-05,-1.680348285759550819e+01,1.014667327927740459e+01
1.536384153366088867e+01,1.576411495360245052e+00,-7.855681203204949448e-01,-1.582530865661630148e+00,-2.906502937852554450e-04,7.618448596263902722e-06,6.291395294955039966e-04,4.355288418698291335e-05,-1.680348285759550819e+01,1.014667327927740459e+01
1.537389111518859863e+01,1.576408590597428327e+00,-7.855680434494054509e-01,-1.582524585033421971e+00,-2.902865140896037375e-04,7.746074989599914529e-06,6.273818602277156549e-04,3.292821183698688343e-05,-1.680362537133943235e+01,1.014652523506453186e+01
1.538327956199645996e+01,1.576405691209343374e+00,-7.855679651992734103e-01,-1.582518314654638880e+00,-2.896069749523725559e-04,7.892428663397108024e-06,6.269560780952114151e-04,3.292821183698010717e-05,-1.680362537133943235e+01,1.014652523506453186e+01
1.539396452903747559e+01,1.576402797522083121e+00,-7.855678841455970840e-01,-1.582512059488213607e+00,-2.891264867501401495e-04,8.282506481044251551e-06,6.245381089470915855e-04,3.640616457781944786e-05,-1.680377318387405694e+01,1.014634993971087340e+01
1.540364527702331543e+01,1.576399910373680990e+00,-7.855677990826519519e-01,-1.582505821206113605e+00,-2.883307626159893459e-04,8.692433412291547534e-06,6.234460160946181991e-04,3.640616457782283599e-05,-1.680377318387405694e+01,1.014634993971087340e+01
1.541331005096435547e+01,1.576397029881343226e+00,-7.855677089611774466e-01,-1.582499603985077163e+00,-2.877716434896476685e-04,9.276930035433551130e-06,6.205096213055749047e-04,3.892408278064621112e-05,-1.680392454886623810e+01,1.014617963384140786e+01
1.542338848114013672e+01,1.576394156712091821e+00,-7.855676128751024612e-01,-1.582493408878560714e+00,-2.868976581582975975e-04,9.883363754971917492e-06,6.188905845209561381e-04,3.892408278064951794e-05,-1.680392454886623810e+01,1.014617963384140786e+01
1.543339347839355469e+01,1.576391290124677491e+00,-7.855675107507666954e-01,-1.582487237725601625e+00,-2.864160638366955902e-04,1.048524859271994167e-05,6.158593194526087479e-04,3.550880272797096726e-05,-1.680407998664864877e+01,1.014602535591045829e+01
1.544386219978332520e+01,1.576388430083297543e+00,-7.855674024740254557e-01,-1.582481089689766973e+00,-2.856199340381706782e-04,1.111160787492558935e-05,6.141355802448205357e-04,3.550880272797096726e-05,-1.680407998664864877e+01,1.014602535591045651e+01
1.545386481285095215e+01,1.576385576088200180e+00,-7.855672880454371843e-01,-1.582474966741043154e+00,-2.851720186346701279e-04,1.171784583335480981e-05,6.109838443032228773e-04,3.503277452216241512e-05,-1.680424126865458234e+01,1.014586907226538770e+01
1.546335077285766602e+01,1.576382728300182556e+00,-7.855671674066859733e-01,-1.582468868170639587e+00,-2.844099692281069599e-04,1.235114660036017858e-05,6.091293237464928591e-04,3.503277452215894567e-05,-1.680424126865458234e+01,1.014586907226538770e+01
1.547603297233581543e+01,1.576379885509010759e+00,-7.855670414317010852e-01,-1.582462793881368901e+00,-2.841249895156093899e-04,1.280338822497173457e-05,6.062311520684481557e-04,2.981932399172973285e-05,-1.680440682727023471e+01,1.014572692571188739e+01
1.548461103439331055e+01,1.576377043501600239e+00,-7.855669117046896188e-01,-1.582456755083922362e+00,-2.842158145793490572e-04,1.311567986935890245e-05,6.021482140680255082e-04,2.968087073203221266e-05,-1.680457639138082371e+01,1.014557828205960810e+01
1.549463176727294922e+01,1.576374202303335803e+00,-7.855667786903417493e-01,-1.582450750078093993e+00,-2.839945578425449760e-04,1.345796576959334273e-05,5.993437772728754144e-04,2.968087073202527377e-05,-1.680457639138082371e+01,1.014557828205960810e+01
1.550591874122619629e+01,1.576371360197904803e+00,-7.855666442443746122e-01,-1.582444776283025822e+00,-2.843407110030415495e-04,1.343825848876961659e-05,5.959626491082031796e-04,2.144923869928927473e-05,-1.680474591937197104e+01,1.014545400028277733e+01
1.551638221740722656e+01,1.576368516334859526e+00,-7.855665098269041247e-01,-1.582438829334738228e+00,-2.843772617226308637e-04,1.344919610718389030e-05,5.938469225162579159e-04,2.144923869929274418e-05,-1.680474591937197104e+01,1.014545400028277733e+01
1.553271675109863281e+01,1.576365669072331777e+00,-7.855663775628890511e-01,-1.582432905622714214e+00,-2.849656574966094374e-04,1.304864723296328410e-05,5.913524628959462501e-04,1.359780283101408305e-05,-1.680491303635360367e+01,1.014533866016674679e+01
1.554267287254333496e+01,1.576362817614247014e+00,-7.855662491398229808e-01,-1.582426999946029200e+00,-2.852472987738249909e-04,1.267788864605734825e-05,5.901136403545575396e-04,1.359780283102094063e-05,-1.680491303635360367e+01,1.014533866016674857e+01
1.555314803123474121e+01,1.576359962909844148e+00,-7.855661253188769289e-01,-1.582421104515316479e+00,-2.856072879902337705e-04,1.214434237196103383e-05,5.892639870313637861e-04,1.137470174179464055e-05,-1.680499496942947246e+01,1.014527976868866155e+01
1.556517696380615234e+01,1.576357106280009246e+00,-7.855660066793298535e-01,-1.582415210699009256e+00,-2.856629700442999895e-04,1.163863999362624996e-05,5.896655607297560976e-04,1.137470174178778297e-05,-1.680499496942947246e+01,1.014527976868866155e+01
1.557506656646728516e+01,1.576354243069589600e+00,-7.855658980803134073e-01,-1.582409306845029562e+00,-2.868140407580869371e-04,1.022654061431363046e-05,5.911623343180050314e-04,-2.161205623827516797e-05,-1.680515011323782915e+01,1.014522606667677884e+01
1.558533215522766113e+01,1.576351365483368960e+00,-7.855658056327147198e-01,-1.582403389436985774e+00,-2.884863181129625827e-04,8.444766792227182545e-06,5.924025098066854848e-04,-3.086334744500929261e-05,-1.680530009885502807e+01,1.014512096987805023e+01
1.559451484680175781e+01,1.576348472825717995e+00,-7.855657308897757707e-01,-1.582397452712101860e+00,-2.898586375857657477e-04,6.682988028465508545e-06,5.949005682315251873e-04,-3.086334744500929261e-05,-1.680530009885502807e+01,1.014512096987805023e+01
1.560412383079528809e+01,1.576345565742490518e+00,-7.855656735328143681e-01,-1.582391497552749327e+00,-2.913589388963223675e-04,4.962805089062539282e-06,5.962090257995464153e-04,-2.539411242625738501e-05,-1.680543712618334240e+01,1.014498305091009733e+01
1.561564612388610840e+01,1.576342645287217792e+00,-7.855656333052842832e-01,-1.582385522349566864e+00,-2.925629678688902941e-04,3.255239254762020557e-06,5.987834202338599473e-04,-2.539411242626077314e-05,-1.680543712618334240e+01,1.014498305091009733e+01
1.562579298019409180e+01,1.576339714101014255e+00,-7.855656078091963757e-01,-1.582379532451445581e+00,-2.935291733827898432e-04,1.973421705408172355e-06,5.993494001330249097e-04,-6.839164166515173402e-06,-1.680555860037913618e+01,1.014481755798778195e+01
1.563573765754699707e+01,1.576336774865702450e+00,-7.855655950944753219e-01,-1.582373529896457409e+00,-2.942023331177058098e-04,6.978884066533887209e-07,6.011879576640444083e-04,-6.839164166518724164e-06,-1.680555860037913618e+01,1.014481755798778195e+01
1.564558053016662598e+01,1.576333828647169089e+00,-7.855655938224871404e-01,-1.582367516528263129e+00,-2.949214342602656772e-04,-3.393563751574908693e-07,6.016500841355674513e-04,-2.486326384151723310e-06,-1.680566765803970242e+01,1.014468036881859980e+01
1.565520501136779785e+01,1.576330876836227191e+00,-7.855656029135371643e-01,-1.582361491514760576e+00,-2.953500474057330896e-04,-1.375221573268921305e-06,6.033896612186568330e-04,-2.486326384151804625e-06,-1.680566765803970242e+01,1.014468036881859980e+01
1.566493463516235352e+01,1.576327921945749555e+00,-7.855656196194070739e-01,-1.582355460262448332e+00,-2.955594139079968869e-04,-1.912456488609246691e-06,6.031009281033804671e-04,1.267783134734765311e-05,-1.680577311214198488e+01,1.014451861481552797e+01
1.567549872398376465e+01,1.576324966549981887e+00,-7.855656417074362574e-01,-1.582349424855209019e+00,-2.954800877755100422e-04,-2.451648344582550709e-06,6.040927198513288028e-04,1.267783134734426498e-05,-1.680577311214198488e+01,1.014451861481552619e+01
1.568611240386962891e+01,1.576322013257924759e+00,-7.855656662346039987e-01,-1.582343391285399026e+00,-2.951625679771336590e-04,-2.454055767308564034e-06,6.029471495657937226e-04,2.859240818548969471e-05,-1.680587791934870623e+01,1.014435273567161033e+01
1.569487786293029785e+01,1.576319064723944230e+00,-7.855656908029384766e-01,-1.582337362129292435e+00,-2.945572899536425633e-04,-2.459574808243766147e-06,6.030817854194335872e-04,2.859240818548283714e-05,-1.680587791934870623e+01,1.014435273567161033e+01
1.570580625534057617e+01,1.576316122004964404e+00,-7.855657137936662426e-01,-1.582331340249996776e+00,-2.939952573561371808e-04,-2.168175407745494970e-06,6.016483652996815461e-04,3.306045043071837082e-05,-1.680598607056167992e+01,1.014420817048867995e+01
1.571694564819335938e+01,1.576313186487960261e+00,-7.855657338847428228e-01,-1.582325325677434336e+00,-2.931456409167593614e-04,-1.879294337253992198e-06,6.014924177582946663e-04,3.306045043071498268e-05,-1.680598607056167992e+01,1.014420817048867995e+01
1.572511529922485352e+01,1.576310259840912886e+00,-7.855657490076213278e-01,-1.582319323117570287e+00,-2.922280284763511139e-04,-1.212190072106492794e-06,5.994355319903174086e-04,4.376221582175912421e-05,-1.680610269063213380e+01,1.014404813179601028e+01
1.573531842231750488e+01,1.576307343953852635e+00,-7.855657574633868601e-01,-1.582313334123677029e+00,-2.910223856387563813e-04,-5.455913524355683608e-07,5.986514512124395480e-04,4.376221582175904290e-05,-1.680610269063213380e+01,1.014404813179601028e+01
1.574571037292480469e+01,1.576304440075527946e+00,-7.855657576377161888e-01,-1.582307362879722179e+00,-2.898253426514864057e-04,4.149844692715246031e-07,5.960651746785936445e-04,5.268040683456898048e-05,-1.680622805743494652e+01,1.014388951100357339e+01
1.575619792938232422e+01,1.576301549756556675e+00,-7.855657481918566498e-01,-1.582301410533849539e+00,-2.883393174478988377e-04,1.378486515647876776e-06,5.947445878640147607e-04,5.268040683457236861e-05,-1.680622805743494652e+01,1.014388951100357339e+01
1.576590061187744141e+01,1.576298672713509319e+00,-7.855657289642152818e-01,-1.582295478156231505e+00,-2.871412594789089887e-04,2.368983132270893743e-06,5.921938618032114490e-04,5.122609938186520524e-05,-1.680636279075021378e+01,1.014375070902883991e+01
1.577548241615295410e+01,1.576295809246669233e+00,-7.855656997945683617e-01,-1.582289564366182288e+00,-2.856529906165960857e-04,3.366526824799369322e-06,5.909006552028239594e-04,5.122609938186528655e-05,-1.680636279075021378e+01,1.014375070902883991e+01
1.578501248359680176e+01,1.576292958692171453e+00,-7.855656610004932983e-01,-1.582283669693200334e+00,-2.845228709129602905e-04,4.300557866069362051e-06,5.884823140124739900e-04,4.846677782060701545e-05,-1.680650755901332261e+01,1.014361325905002253e+01
1.579517507553100586e+01,1.576290121041505232e+00,-7.855656128065668931e-01,-1.582277792327233534e+00,-2.831012698970339879e-04,5.245709948166303593e-06,5.873136612003404707e-04,4.846677782061048489e-05,-1.680650755901332261e+01,1.014361325905002253e+01
1.580654358863830566e+01,1.576287295971898761e+00,-7.855655553487113085e-01,-1.582271933844251466e+00,-2.819768437366576607e-04,6.157049825217426886e-06,5.848359829929452008e-04,4.969009506590460479e-05,-1.680666047977842936e+01,1.014346642289201306e+01
1.581587338447570801e+01,1.576284483755745036e+00,-7.855654886963402417e-01,-1.582266093303869470e+00,-2.805597537174889700e-04,7.083427072306948402e-06,5.836002975348148023e-04,4.969009506590460479e-05,-1.680666047977842936e+01,1.014346642289201306e+01
1.582574486732482910e+01,1.576281682033545684e+00,-7.855654148067908737e-01,-1.582260267806302689e+00,-2.798111294547639470e-04,7.641568587506142318e-06,5.818757864904291338e-04,3.570075237636916032e-05,-1.680681757863916559e+01,1.014335067631985865e+01
1.583618021011352539e+01,1.576278889412029205e+00,-7.855653352368996423e-01,-1.582254452755283314e+00,-2.787689161801534289e-04,8.217874214253538534e-06,5.813870299660878205e-04,3.570075237637271109e-05,-1.680681757863916559e+01,1.014335067631986043e+01
1.584514641761779785e+01,1.576276104983057369e+00,-7.855652507453468880e-01,-1.582248648690088855e+00,-2.781320389383270630e-04,8.641358564579707663e-06,5.797891677998419889e-04,3.372833681961393383e-05,-1.680697915581664148e+01,1.014320949609664524e+01
1.585521841049194336e+01,1.576273328540600982e+00,-7.855651619082123505e-01,-1.582242853829343820e+00,-2.772009949455409559e-04,9.085112201198675130e-06,5.794226648240948744e-04,3.372833681961401515e-05,-1.680697915581664148e+01,1.014320949609664524e+01
1.586563920974731445e+01,1.576270559096923485e+00,-7.855650695196791933e-01,-1.582237068589610551e+00,-2.766902319669761810e-04,9.367866062025623219e-06,5.779729674540989848e-04,3.102796031971902235e-05,-1.680714033846379962e+01,1.014306961144807318e+01
1.587582230567932129e+01,1.576267796380256048e+00,-7.855649741842279932e-01,-1.582231291093971537e+00,-2.758850273026017133e-04,9.672415917435540911e-06,5.777508041800649089e-04,3.102796031971902235e-05,-1.680714033846379962e+01,1.014306961144807318e+01
1.588521504402160645e+01,1.576265038722259204e+00,-7.855648772423227122e-01,-1.582225520201446800e+00,-2.756240761164243367e-04,9.715377235196189648e-06,5.767318108400110513e-04,2.269827682626832099e-05,-1.680729971374094589e+01,1.014294161136053773e+01
1.589534068107604980e+01,1.576262285293032361e+00,-7.855647797470259874e-01,-1.582219752761065523e+00,-2.750687311801999942e-04,9.780858482736753262e-06,5.769377441356153460e-04,2.269827682627179044e-05,-1.680729971374094589e+01,1.014294161136053773e+01
1.590504360198974609e+01,1.576259535030168024e+00,-7.855646824723709898e-01,-1.582213988973697916e+00,-2.749474277496337772e-04,9.687162697722025151e-06,5.761049690925566617e-04,1.875035935326035963e-05,-1.680745711132461295e+01,1.014280482894757540e+01
1.591612911224365234e+01,1.576256787597790643e+00,-7.855645860110390677e-01,-1.582208226783820892e+00,-2.745320778749413791e-04,9.615917376846506992e-06,5.764958104097670736e-04,1.875035935325680887e-05,-1.680745711132461295e+01,1.014280482894757540e+01
1.592550134658813477e+01,1.576254042067491090e+00,-7.855644909492569550e-01,-1.582202466623491510e+00,-2.745261195387357694e-04,9.419703971551285360e-06,5.758069745723072910e-04,1.521723913503616825e-05,-1.680761073276002904e+01,1.014266763700498331e+01
1.593568873405456543e+01,1.576251298211181373e+00,-7.855643977289599178e-01,-1.582196706624897420e+00,-2.742266826718455126e-04,9.245365554274090347e-06,5.763411393715171110e-04,1.521723913503616825e-05,-1.680761073276002904e+01,1.014266763700498331e+01
1.594572401046752930e+01,1.576248554869168261e+00,-7.855643070651580073e-01,-1.582190946592164860e+00,-2.743782229988468539e-04,8.923110923626277613e-06,5.759103183707653048e-04,9.187636223081940834e-06,-1.680776009888175793e+01,1.014253624287178646e+01
1.595544862747192383e+01,1.576245811622166704e+00,-7.855642195088660129e-01,-1.582185184140181722e+00,-2.742370220089247225e-04,8.621670743819750266e-06,5.767027321631811119e-04,9.187636223078471387e-06,-1.680776009888175793e+01,1.014253624287178823e+01
1.596569848060607910e+01,1.576243067742233217e+00,-7.855641353401169313e-01,-1.582179419952301824e+00,-2.744676913642845337e-04,8.252281302655040118e-06,5.763700835560564822e-04,5.912551620190775736e-06,-1.680790565102221024e+01,1.014239972894750075e+01
1.597742605209350586e+01,1.576240323161415935e+00,-7.855640547579970656e-01,-1.582173652358189075e+00,-2.744064608821296489e-04,7.902278155818426297e-06,5.772616571693546614e-04,5.912551620187387605e-06,-1.680790565102221024e+01,1.014239972894750075e+01
1.598505163192749023e+01,1.576237577533351475e+00,-7.855639776482047365e-01,-1.582167882807111514e+00,-2.746470307710718222e-04,7.557202944536659667e-06,5.768880809912037711e-04,4.982649979754562872e-06,-1.680804724756120194e+01,1.014225890364432558e+01
1.599531078338623047e+01,1.576234831100697287e+00,-7.855639038900745774e-01,-1.582162110252902654e+00,-2.745965527639748359e-04,7.230035116188599648e-06,5.777398368161505184e-04,4.982649979758032319e-06,-1.680804724756120194e+01,1.014225890364432736e+01
1.600579333305358887e+01,1.576232084257786159e+00,-7.855638326823742856e-01,-1.582156337743502617e+00,-2.747125017989957832e-04,7.033921578425590682e-06,5.770348207384519510e-04,9.361437632891128624e-06,-1.680818585444268720e+01,1.014210755538205788e+01
1.601601219177246094e+01,1.576229337852255608e+00,-7.855637633431094002e-01,-1.582150565543022358e+00,-2.745381621952524610e-04,6.854600642474707739e-06,5.775554583342971601e-04,9.361437632897986203e-06,-1.680818585444268720e+01,1.014210755538205788e+01
1.602504682540893555e+01,1.576226591249434428e+00,-7.855636959337070069e-01,-1.582144794252887898e+00,-2.747167225743981462e-04,6.650373736492680432e-06,5.769639529232979940e-04,5.288964557439990166e-06,-1.680832161670061353e+01,1.014197447210888825e+01
1.603524446487426758e+01,1.576223844454314627e+00,-7.855636304783765178e-01,-1.582139022137508011e+00,-2.746056365512223002e-04,6.462118066746097567e-06,5.775979661267801463e-04,5.288964557436602034e-06,-1.680832161670061353e+01,1.014197447210888825e+01
1.604608917236328125e+01,1.576221098005156529e+00,-7.855635660518430763e-01,-1.582133252406829893e+00,-2.746336604803058484e-04,6.429057509521086955e-06,5.766455943181304951e-04,1.045973569863481445e-05,-1.680845773977386415e+01,1.014182273950654611e+01
1.605588626861572266e+01,1.576218352866206596e+00,-7.855635018706349504e-01,-1.582127485462580641e+00,-2.743725431385520865e-04,6.411492031124180896e-06,5.769180791888228656e-04,1.045973569864167203e-05,-1.680845773977386415e+01,1.014182273950654611e+01
1.606652474403381348e+01,1.576215608386358769e+00,-7.855634380500302605e-01,-1.582121721727270280e+00,-2.744663750829690356e-04,6.360289449786147437e-06,5.761116083891448629e-04,6.236464909509936705e-06,-1.680859288165323306e+01,1.014169119718585854e+01
1.607497358322143555e+01,1.576212864556587157e+00,-7.855633746569962161e-01,-1.582115959325759214e+00,-2.742714325361531383e-04,6.324426183177116884e-06,5.765288803933541189e-04,6.236464909509936705e-06,-1.680859288165323306e+01,1.014169119718585854e+01
1.608563351631164551e+01,1.576210120974308015e+00,-7.855633116435385421e-01,-1.582110199196200329e+00,-2.743859532024879523e-04,6.284743966874714594e-06,5.757743397873744864e-04,4.203921128442198720e-06,-1.680872932634000705e+01,1.014155565976438922e+01
1.609666299819946289e+01,1.576207377833628964e+00,-7.855632489433975740e-01,-1.582104439885062330e+00,-2.742119819089816482e-04,6.260232040572639989e-06,5.762428450685368794e-04,4.203921128445505537e-06,-1.680872932634000705e+01,1.014155565976438922e+01
1.610506463050842285e+01,1.576204635753446492e+00,-7.855631856611686725e-01,-1.582098684637081920e+00,-2.741615158295800385e-04,6.386138674054596398e-06,5.751206620076593397e-04,1.037240131608268916e-05,-1.680886707539166025e+01,1.014140337571029349e+01
1.611497402191162109e+01,1.576201895763806649e+00,-7.855631210355189520e-01,-1.582092933890836051e+00,-2.738227131543265625e-04,6.527422535694028805e-06,5.752201552395876626e-04,1.037240131608615861e-05,-1.680886707539166025e+01,1.014140337571029349e+01
1.612540984153747559e+01,1.576199157991700739e+00,-7.855630546215760512e-01,-1.582087189748005995e+00,-2.736967282427470063e-04,6.737027527829557438e-06,5.739379422615934617e-04,1.281123072029147409e-05,-1.680900534166194049e+01,1.014125918652547220e+01
1.613704729080200195e+01,1.576196423065196806e+00,-7.855629860233421802e-01,-1.582081451720613430e+00,-2.732824219075569768e-04,6.962742971196832220e-06,5.738749174260776402e-04,1.281123072028808596e-05,-1.680900534166194049e+01,1.014125918652547043e+01
1.614505028724670410e+01,1.576193690755002708e+00,-7.855629151623745310e-01,-1.582075721083166409e+00,-2.731457021424053356e-04,7.189545564705284580e-06,5.725826410915312893e-04,1.281982733223815951e-05,-1.680914557030290979e+01,1.014112046744824447e+01
1.615546107292175293e+01,1.576190961398085566e+00,-7.855628419399596218e-01,-1.582069996677457624e+00,-2.727205982185224660e-04,7.433406145219718236e-06,5.725067006637613552e-04,1.281982733223815951e-05,-1.680914557030290979e+01,1.014112046744824447e+01
1.616486048698425293e+01,1.576188234988374015e+00,-7.855627661491354496e-01,-1.582064280284127822e+00,-2.725325472072612459e-04,7.700949443368351049e-06,5.711118035537495960e-04,1.500584043183025851e-05,-1.680928833877295858e+01,1.014097757905726382e+01
1.617507219314575195e+01,1.576185512045789494e+00,-7.855626875836296819e-01,-1.582058571165599004e+00,-2.720560119223141139e-04,7.986623250261053186e-06,5.709301447229630892e-04,1.500584043183372795e-05,-1.680928833877295858e+01,1.014097757905726382e+01
1.618551039695739746e+01,1.576182792305010016e+00,-7.855626063102608692e-01,-1.582052870509198961e+00,-2.718637499641492227e-04,8.245316114964540422e-06,5.695399558896749054e-04,1.548902055913117999e-05,-1.680943295254185443e+01,1.014083857290561141e+01
1.619573831558227539e+01,1.576180076074047420e+00,-7.855625223444213656e-01,-1.582047177098732771e+00,-2.713829000890382670e-04,8.523281194917908810e-06,5.693596942799013325e-04,1.548902055912440372e-05,-1.680943295254185443e+01,1.014083857290560964e+01
1.620561885833740234e+01,1.576177362417459316e+00,-7.855624363751053663e-01,-1.582041490586251209e+00,-2.713082516611752416e-04,8.660190221988946224e-06,5.682527975340685104e-04,1.099224644468890788e-05,-1.680957895809593339e+01,1.014071028861588530e+01
1.621578454971313477e+01,1.576174651094797818e+00,-7.855623489261770453e-01,-1.582035808502159968e+00,-2.709449791122774337e-04,8.817238459989974741e-06,5.683531217020858662e-04,1.099224644468890788e-05,-1.680957895809593339e+01,1.014071028861588708e+01
1.622577667236328125e+01,1.576171941575803981e+00,-7.855622603667222759e-01,-1.582030131426990227e+00,-2.709142671452495271e-04,8.890695844641135354e-06,5.673601831926724463e-04,9.885329678844314303e-06,-1.680972630920461341e+01,1.014057516378581703e+01
1.623516798019409180e+01,1.576169233951048909e+00,-7.855621709594309277e-01,-1.582024457651123095e+00,-2.705949967677966431e-04,8.984770701827085593e-06,5.675725932814438494e-04,9.885329678837456724e-06,-1.680972630920461341e+01,1.014057516378581703e+01
1.624576044082641602e+01,1.576166527530076023e+00,-7.855620812018309085e-01,-1.582018787392215131e+00,-2.706373603506372462e-04,8.971506582070541691e-06,5.667592604321303011e-04,7.459883898393223365e-06,-1.680987321238119492e+01,1.014044287935157485e+01
1.625548982620239258e+01,1.576163822271736903e+00,-7.855619914625694422e-01,-1.582013118643765814e+00,-2.703913275637933439e-04,8.979021536731704445e-06,5.671500216983017817e-04,7.459883898393304680e-06,-1.680987321238119492e+01,1.014044287935157485e+01
1.626681089401245117e+01,1.576161117719144134e+00,-7.855619020151450860e-01,-1.582007452164487127e+00,-2.704643278484928650e-04,8.919804407627341530e-06,5.664176767167801007e-04,6.734095695338447032e-06,-1.681001935490977317e+01,1.014030705721865289e+01
1.627525711059570312e+01,1.576158414021487486e+00,-7.855618130461585746e-01,-1.582001786389813924e+00,-2.702491787170709482e-04,8.881248312049821320e-06,5.668887195472891403e-04,6.734095695338284402e-06,-1.681001935490977317e+01,1.014030705721864933e+01
1.628567886352539062e+01,1.576155710098442020e+00,-7.855617253267583866e-01,-1.581996120655486004e+00,-2.704662143827958804e-04,8.685560397032193736e-06,5.664959976417361254e-04,8.401570298563476591e-07,-1.681016358456819404e+01,1.014018197720161218e+01
1.629503464698791504e+01,1.576153005588190048e+00,-7.855616394530422486e-01,-1.581990452229108612e+00,-2.703954337430386533e-04,8.510028681861341038e-06,5.673068484783787627e-04,8.401570298494900804e-07,-1.681016358456819404e+01,1.014018197720161218e+01
1.630530428886413574e+01,1.576150300880236221e+00,-7.855615548908094770e-01,-1.581984783822940832e+00,-2.704893176421503806e-04,8.415152369143242411e-06,5.666397726380898673e-04,6.286909996811805004e-06,-1.681030707454576145e+01,1.014003308602268483e+01
1.631524658203125000e+01,1.576147596814593932e+00,-7.855614711695024788e-01,-1.581979115466029873e+00,-2.702957448030745614e-04,8.339853631185705635e-06,5.671765884403808054e-04,6.286909996811723689e-06,-1.681030707454576145e+01,1.014003308602268483e+01
1.632508826255798340e+01,1.576144893644324751e+00,-7.855613878138345552e-01,-1.581973449575436064e+00,-2.702913494937174183e-04,8.334970242961526471e-06,5.662888977041090430e-04,1.029962406567586281e-05,-1.681044829216492431e+01,1.013988698832650570e+01
1.633499717712402344e+01,1.576142192097497396e+00,-7.855613044002944800e-01,-1.581967785943869664e+00,-2.699997943652794889e-04,8.349487187359408424e-06,5.666043698958689919e-04,1.029962406567594413e-05,-1.681044829216492431e+01,1.013988698832650748e+01
1.634618091583251953e+01,1.576139492000476094e+00,-7.855612208051685474e-01,-1.581962126024424320e+00,-2.699747561958874028e-04,8.370631960494950841e-06,5.656712264843614425e-04,1.086919601267491626e-05,-1.681058869543842249e+01,1.013974806114609351e+01
1.635525226593017578e+01,1.576136793731978347e+00,-7.855611368915672577e-01,-1.581956468825562290e+00,-2.696628001554929105e-04,8.411243780683409083e-06,5.659399534663795295e-04,1.086919601267838571e-05,-1.681058869543842249e+01,1.013974806114609351e+01
1.636517691612243652e+01,1.576134096285487063e+00,-7.855610532623102937e-01,-1.581950813896881858e+00,-2.697685992946698076e-04,8.326310742583914459e-06,5.653072676684418006e-04,4.943976203247100456e-06,-1.681072893441291427e+01,1.013962280821650275e+01
1.637559986114501953e+01,1.576131399357813878e+00,-7.855609703757410189e-01,-1.581945158688869757e+00,-2.695877262554429972e-04,8.260741227382375346e-06,5.658757000557863154e-04,4.943976203246937826e-06,-1.681072893441291427e+01,1.013962280821650275e+01
1.638577628135681152e+01,1.576128703445723866e+00,-7.855608875526135515e-01,-1.581939506200535694e+00,-2.695510785683942305e-04,8.302851596491637315e-06,5.649160690769762863e-04,1.096618135652469017e-05,-1.681087045245206468e+01,1.013947267952007358e+01
1.639502406120300293e+01,1.576126009475638856e+00,-7.855608042022720339e-01,-1.581933856706229546e+00,-2.692279852586085612e-04,8.364268891899485914e-06,5.651567418155812195e-04,1.096618135653154775e-05,-1.681087045245206468e+01,1.013947267952007358e+01
1.640510272979736328e+01,1.576123316844165956e+00,-7.855607205766950152e-01,-1.581928210692713055e+00,-2.692489641138257560e-04,8.364071807158597605e-06,5.643268629792251665e-04,8.222275319873321433e-06,-1.681101073286452774e+01,1.013934086860618677e+01
1.641497421264648438e+01,1.576120625577405621e+00,-7.855606368462433320e-01,-1.581922566382696571e+00,-2.689836847576330655e-04,8.383301929090931914e-06,5.646960573145981110e-04,8.222275319873321433e-06,-1.681101073286452774e+01,1.013934086860618855e+01
1.642558121681213379e+01,1.576117935672526116e+00,-7.855605527646273289e-01,-1.581916925642107952e+00,-2.689531295272694421e-04,8.431427957401871343e-06,5.637449093199330737e-04,1.034732061852214335e-05,-1.681115203253132862e+01,1.013919902231811321e+01
1.643566942214965820e+01,1.576115247646725726e+00,-7.855604680942505080e-01,-1.581911287824190993e+00,-2.686364905775358368e-04,8.499115649034105768e-06,5.639916175260311932e-04,1.034732061852214335e-05,-1.681115203253132862e+01,1.013919902231811143e+01
1.644490075111389160e+01,1.576112561075274865e+00,-7.855603829566167873e-01,-1.581905653830524949e+00,-2.686311432811349731e-04,8.528707002877083942e-06,5.630943432621887332e-04,9.180518094467626788e-06,-1.681129321730528048e+01,1.013906416163943902e+01
1.645491623878479004e+01,1.576109876129946796e+00,-7.855602974144535455e-01,-1.581900022228372782e+00,-2.683398722605208450e-04,8.578056953088483705e-06,5.633935641312574731e-04,9.180518094471014920e-06,-1.681129321730528048e+01,1.013906416163943902e+01
1.646604943275451660e+01,1.576107193004643969e+00,-7.855602110727388787e-01,-1.581894395337800630e+00,-2.682472816526294910e-04,8.683078309140203344e-06,5.622919679015955970e-04,1.300289139969518226e-05,-1.681143531635310495e+01,1.013891903402169348e+01
1.647507333755493164e+01,1.576104512377092259e+00,-7.855601235705736984e-01,-1.581888772890869266e+00,-2.678689105074864548e-04,8.808176922224606603e-06,5.623851820641882597e-04,1.300289139969171281e-05,-1.681143531635310495e+01,1.013891903402169348e+01
1.648536396026611328e+01,1.576101833152804721e+00,-7.855600356300349585e-01,-1.581883154252462509e+00,-2.679233598617735616e-04,8.785544812335739639e-06,5.616163495647573736e-04,6.710667827172084321e-06,-1.681157687626161135e+01,1.013879520949557289e+01
1.649551558494567871e+01,1.576099154955003634e+00,-7.855599478042213368e-01,-1.581877536738406365e+00,-2.676921922354217926e-04,8.783196672797026483e-06,5.620409151473433011e-04,6.710667827168696189e-06,-1.681157687626161135e+01,1.013879520949557289e+01
1.650547957420349121e+01,1.576096477867171775e+00,-7.855598598241884112e-01,-1.581871922405776676e+00,-2.676795314156948111e-04,8.813163256047012312e-06,5.611150219073045807e-04,9.850369167226785683e-06,-1.681171984127517760e+01,1.013865189725428984e+01
1.651531171798706055e+01,1.576093802475829531e+00,-7.855597714327060554e-01,-1.581866310773587303e+00,-2.673814522367310483e-04,8.863464589311913222e-06,5.613814799670449607e-04,9.850369167226785683e-06,-1.681171984127517760e+01,1.013865189725428984e+01
1.652490162849426270e+01,1.576091128443001255e+00,-7.855596827116316794e-01,-1.581860702930480311e+00,-2.673783473942281576e-04,8.882246695463089786e-06,5.604744424926642963e-04,9.579511197271156631e-06,-1.681186198142130195e+01,1.013851580744600511e+01
1.653491973876953125e+01,1.576088456010010352e+00,-7.855595936901772491e-01,-1.581855097606662097e+00,-2.670900241675918025e-04,8.921501037023344544e-06,5.607584155243137015e-04,9.579511197271156631e-06,-1.681186198142130195e+01,1.013851580744600511e+01
1.654612398147583008e+01,1.576085785251773563e+00,-7.855595041004052037e-01,-1.581849496833099833e+00,-2.670214389254967958e-04,8.992732869202157975e-06,5.596986307877492572e-04,1.259573224411677877e-05,-1.681200444329313370e+01,1.013837301744729835e+01
1.655575561523437500e+01,1.576083116747071244e+00,-7.855594136846065778e-01,-1.581843900114988655e+00,-2.666678352287154543e-04,9.084662550729472735e-06,5.598282277124969238e-04,1.259573224411330932e-05,-1.681200444329313370e+01,1.013837301744729835e+01
1.656521391868591309e+01,1.576080449343274070e+00,-7.855593232339631582e-01,-1.581838306662400884e+00,-2.667570003279496433e-04,9.015787121616821581e-06,5.591283717311630944e-04,5.928798031070494365e-06,-1.681214609786883685e+01,1.013825064937565301e+01
1.657533550262451172e+01,1.576077782614235367e+00,-7.855592333579088926e-01,-1.581832713673148039e+00,-2.665613855408569552e-04,8.967648244844871747e-06,5.596167077186820285e-04,5.928798031074045127e-06,-1.681214609786883685e+01,1.013825064937565301e+01
1.658547520637512207e+01,1.576075116830288003e+00,-7.855591436362209246e-01,-1.581827123608674501e+00,-2.665496193882475992e-04,8.978963281827765514e-06,5.586853109378628682e-04,1.055834943881886674e-05,-1.681228887670794592e+01,1.013810488840937118e+01
1.659501433372497559e+01,1.576072452728899620e+00,-7.855590536878257479e-01,-1.581821536327624234e+00,-2.662533461314853852e-04,9.010929642906326253e-06,5.589411814246167311e-04,1.055834943882241750e-05,-1.681228887670794592e+01,1.013810488840937296e+01
1.660515117645263672e+01,1.576069789811642030e+00,-7.855589637324517094e-01,-1.581815952526171909e+00,-2.662804750591624505e-04,8.986046286694419211e-06,5.580990851721354552e-04,8.969570270529747535e-06,-1.681243020763593066e+01,1.013797220006217081e+01
1.661533117294311523e+01,1.576067128186508182e+00,-7.855588739122582043e-01,-1.581810370622034778e+00,-2.660233688518337308e-04,8.981820260310982573e-06,5.584430302419589407e-04,8.969570270529747535e-06,-1.681243020763593066e+01,1.013797220006217259e+01
1.662524199485778809e+01,1.576064467782585687e+00,-7.855587840827554791e-01,-1.581804792285449457e+00,-2.660117109766930717e-04,8.986971640453315230e-06,5.575128811384157286e-04,1.076733417423514556e-05,-1.681257174433772050e+01,1.013783260765662497e+01
1.663543152809143066e+01,1.576061809057099916e+00,-7.855586940881725821e-01,-1.581799216733303703e+00,-2.657160999196486067e-04,9.012774099057940108e-06,5.577675460089329736e-04,1.076733417423522687e-05,-1.681257174433772050e+01,1.013783260765662497e+01
1.664494466781616211e+01,1.576059151664956470e+00,-7.855586040156904426e-01,-1.581793645003044091e+00,-2.657155586286546458e-04,9.005830401090635789e-06,5.568641918391300984e-04,1.036380666175054839e-05,-1.681271277596586700e+01,1.013769776163132796e+01
1.665501832962036133e+01,1.576056495838530136e+00,-7.855585138988870897e-01,-1.581788075796795479e+00,-2.654313477420022402e-04,9.019568873818144955e-06,5.571442925662050717e-04,1.036380666174724157e-05,-1.681271277596586700e+01,1.013769776163132796e+01
1.666527199745178223e+01,1.576053841482003337e+00,-7.855584236149874000e-01,-1.581782510718823920e+00,-2.653966506727283080e-04,9.038715615193679970e-06,5.561644115570645204e-04,1.194887543254718825e-05,-1.681285395143646966e+01,1.013755893906778383e+01
1.667536592483520508e+01,1.576051189031173694e+00,-7.855583330255713204e-01,-1.581776948938072413e+00,-2.650785701910220822e-04,9.078605674962044597e-06,5.563665171880280598e-04,1.194887543254718825e-05,-1.681285395143646966e+01,1.013755893906778383e+01
1.668510580062866211e+01,1.576048537910043512e+00,-7.855582424221597693e-01,-1.581771390953718548e+00,-2.650970765214729686e-04,9.048515380395694141e-06,5.555107996845071432e-04,9.742658578840851513e-06,-1.681299469885561493e+01,1.013742821151304518e+01
1.669495606422424316e+01,1.576045888160940489e+00,-7.855581520054530920e-01,-1.581765835032694634e+00,-2.648324996648768041e-04,9.039179913655336768e-06,5.558356997234907039e-04,9.742658578844320960e-06,-1.681299469885561493e+01,1.013742821151304518e+01
1.670515275001525879e+01,1.576043239590320999e+00,-7.855580617439719138e-01,-1.581760282545376262e+00,-2.648347257575459448e-04,9.018591412821453518e-06,5.549454718625738015e-04,1.058473598106865672e-05,-1.681313570979914473e+01,1.013729130066849393e+01
1.671611928939819336e+01,1.576040592552768516e+00,-7.855579715745886205e-01,-1.581754732472938185e+00,-2.645541894020448986e-04,9.018686027342966149e-06,5.552346782401701257e-04,1.058473598106526858e-05,-1.681313570979914473e+01,1.013729130066849393e+01
1.672598528861999512e+01,1.576037946705618475e+00,-7.855578815870548626e-01,-1.581749185841191840e+00,-2.645673067547614607e-04,8.985540735541395346e-06,5.543723830209264149e-04,1.019665548095821661e-05,-1.681327618250224276e+01,1.013715709057298042e+01
1.673499631881713867e+01,1.576035302280817119e+00,-7.855577918175971064e-01,-1.581743641351643692e+00,-2.642979910317546873e-04,8.972999939972289840e-06,5.546883225962004164e-04,1.019665548095821661e-05,-1.681327618250224276e+01,1.013715709057298042e+01
1.674497413635253906e+01,1.576032658407468645e+00,-7.855577028061163647e-01,-1.581738098814593485e+00,-2.644181032058944480e-04,8.845425175922627670e-06,5.540747794653435015e-04,5.600394600110969456e-06,-1.681341596198966215e+01,1.013703181319853819e+01
1.675542688369750977e+01,1.576030014884534092e+00,-7.855576149585229428e-01,-1.581732555936032236e+00,-2.642561479806015533e-04,8.738149222997995680e-06,5.546388570789510895e-04,5.600394600107581325e-06,-1.681341596198966215e+01,1.013703181319853819e+01
1.676536750793457031e+01,1.576027372068875998e+00,-7.855575277502693243e-01,-1.581727015338075359e+00,-2.642600883493689389e-04,8.709656458908473370e-06,5.537626332612706394e-04,1.063562853572544236e-05,-1.681355598312392985e+01,1.013688650602831309e+01
1.677494573593139648e+01,1.576024730763309734e+00,-7.855574407168741669e-01,-1.581721477028522171e+00,-2.639823277607560438e-04,8.701168200165448896e-06,5.540633815499615856e-04,1.063562853572883049e-05,-1.681355598312392985e+01,1.013688650602831309e+01
1.678502202033996582e+01,1.576022090517803953e+00,-7.855573540015960976e-01,-1.581715941783478740e+00,-2.640168731390042417e-04,8.650265100955314285e-06,5.532600509455616513e-04,9.131380237701464120e-06,-1.681369438252132298e+01,1.013675488034266792e+01
1.679595923423767090e+01,1.576019451474487187e+00,-7.855572676859802206e-01,-1.581710408103807586e+00,-2.637700545310605249e-04,8.619232072493675234e-06,5.536326426467783231e-04,9.131380237704933567e-06,-1.681369438252132298e+01,1.013675488034266792e+01
1.680613255500793457e+01,1.576016813707225017e+00,-7.855571814664804586e-01,-1.581704877967245348e+00,-2.637400104777413339e-04,8.627144428563059825e-06,5.526835009082623450e-04,1.179054792271880064e-05,-1.681383311248471912e+01,1.013661468470506932e+01
1.681593799591064453e+01,1.576014177786292603e+00,-7.855570950589030321e-01,-1.581699350860555020e+00,-2.634289179242238943e-04,8.654870049922165631e-06,5.529090733772145435e-04,1.179054792272565821e-05,-1.681383311248471912e+01,1.013661468470506932e+01
1.682504987716674805e+01,1.576011542677405730e+00,-7.855570091109095321e-01,-1.581693826220703203e+00,-2.635358272893111291e-04,8.548613034742476302e-06,5.522759331769439960e-04,5.686251450941285637e-06,-1.681397093540200771e+01,1.013649291844812339e+01
1.683545589447021484e+01,1.576008908043572188e+00,-7.855569241172997152e-01,-1.581688301455915102e+00,-2.633620092248791108e-04,8.461993551007931241e-06,5.528166606800196184e-04,5.686251450944673769e-06,-1.681397093540200771e+01,1.013649291844812339e+01
1.684573411941528320e+01,1.576006274245664640e+00,-7.855568395344771915e-01,-1.581682779199434785e+00,-2.633522609299737628e-04,8.458162202817399999e-06,5.519181336902480913e-04,1.065241265001134834e-05,-1.681410979215221957e+01,1.013634815994513083e+01
1.685566139221191406e+01,1.576003642087618006e+00,-7.855567548830509894e-01,-1.581677259475519959e+00,-2.630621018268167774e-04,8.473770055549435104e-06,5.521927292350416704e-04,1.065241265001473647e-05,-1.681410979215221957e+01,1.013634815994513083e+01
1.686542797088623047e+01,1.576001010960488946e+00,-7.855566704348582174e-01,-1.581671742698211425e+00,-2.631120864189678181e-04,8.424043857928071449e-06,5.514322361473693746e-04,7.843466719850700208e-06,-1.681424723902495444e+01,1.013621967645605437e+01
1.687504005432128906e+01,1.575998380874309213e+00,-7.855565863773759094e-01,-1.581666227078944775e+00,-2.628819489235611128e-04,8.393675822062577480e-06,5.518438519066764907e-04,7.843466719843842630e-06,-1.681424723902495444e+01,1.013621967645605437e+01
1.688506889343261719e+01,1.575995751831320124e+00,-7.855565024655248862e-01,-1.581660714433057224e+00,-2.628805926092988221e-04,8.392039903925944955e-06,5.509663863158473229e-04,9.919762457708675152e-06,-1.681438527677453365e+01,1.013608111699659275e+01
1.689534926414489746e+01,1.575993124341155127e+00,-7.855564184639798331e-01,-1.581655204120083535e+00,-2.625993901924073264e-04,8.409686769021880448e-06,5.512600566266844925e-04,9.919762457708675152e-06,-1.681438527677453365e+01,1.013608111699659275e+01
1.690523362159729004e+01,1.575990498403836204e+00,-7.855563341268158029e-01,-1.581649697953586564e+00,-2.625471468052707584e-04,8.456281196906039604e-06,5.502657641466774437e-04,1.196682100532142634e-05,-1.681452312819713057e+01,1.013594270671088005e+01
1.691525077819824219e+01,1.575987874526892929e+00,-7.855562492170349298e-01,-1.581644195296154409e+00,-2.622152941979283302e-04,8.522286369636727921e-06,5.504411370350554330e-04,1.196682100531795689e-05,-1.681452312819713057e+01,1.013594270671088005e+01
1.692525720596313477e+01,1.575985252378513835e+00,-7.855561637847133793e-01,-1.581638697202175647e+00,-2.621725414500718134e-04,8.563307376739572735e-06,5.494678040674108414e-04,1.146805131158396191e-05,-1.681466109495902117e+01,1.013580977017455531e+01
1.693549299240112305e+01,1.575982632194415256e+00,-7.855560778343013695e-01,-1.581633202416919071e+00,-2.618503954230675486e-04,8.623956944793075702e-06,5.496624606139987896e-04,1.146805131158751268e-05,-1.681466109495902117e+01,1.013580977017455531e+01
1.694567632675170898e+01,1.575980013741980823e+00,-7.855559913498751934e-01,-1.581627712220539550e+00,-2.617991372650551219e-04,8.671446096494405537e-06,5.486687274121469955e-04,1.187911266036642739e-05,-1.681479974921005649e+01,1.013567513745348059e+01
1.695608592033386230e+01,1.575977397337699815e+00,-7.855559042814765913e-01,-1.581622225546079452e+00,-2.614687006091747853e-04,8.738784207750708438e-06,5.488413051320988403e-04,1.187911266036650870e-05,-1.681479974921005649e+01,1.013567513745348059e+01
1.696529412269592285e+01,1.575974782258646067e+00,-7.855558170475602786e-01,-1.581616742545953525e+00,-2.614981252592420884e-04,8.713791034440677985e-06,5.480319429340167140e-04,8.496058759441954544e-06,-1.681493844192631215e+01,1.013554862739104578e+01
1.697503352165222168e+01,1.575972168419616404e+00,-7.855557299539253080e-01,-1.581611261231690824e+00,-2.612486118080670477e-04,8.708727394523153170e-06,5.483875584218298339e-04,8.496058759435096966e-06,-1.681493844192631215e+01,1.013554862739104578e+01
1.698508739471435547e+01,1.575969555780526221e+00,-7.855556428406086367e-01,-1.581605783316530012e+00,-2.612346078616898564e-04,8.716450283005952593e-06,5.474784931631332743e-04,1.055546808701596229e-05,-1.681507773655658156e+01,1.013541092385360010e+01
1.699491786956787109e+01,1.575966944814295001e+00,-7.855555555404809542e-01,-1.581600308090461704e+00,-2.609419292036401872e-04,8.744100644801720140e-06,5.477332467814092273e-04,1.055546808700910471e-05,-1.681507773655658156e+01,1.013541092385360010e+01
1.700500297546386719e+01,1.575964335294223861e+00,-7.855554680450361760e-01,-1.581594836837929785e+00,-2.609184748724203691e-04,8.756997171806887165e-06,5.468022427735947256e-04,1.107845641536847614e-05,-1.681521643877685435e+01,1.013527653944692730e+01
1.701621127128601074e+01,1.575961727540073021e+00,-7.855553803106265498e-01,-1.581589368501640669e+00,-2.606166084273584351e-04,8.789898751363628415e-06,5.470336388897312045e-04,1.107845641536855746e-05,-1.681521643877685435e+01,1.013527653944692908e+01
1.702537775039672852e+01,1.575959121345714253e+00,-7.855552923132402832e-01,-1.581583904410715169e+00,-2.605800114566343630e-04,8.810802663633196530e-06,5.460723139268618131e-04,1.177354092431878913e-05,-1.681535509064779532e+01,1.013514195646736127e+01
1.703545761108398438e+01,1.575956517047232719e+00,-7.855552039962483413e-01,-1.581578443547618118e+00,-2.602652699202180966e-04,8.851817223178709559e-06,5.462718563089266274e-04,1.177354092431201287e-05,-1.681535509064779887e+01,1.013514195646736127e+01
1.704590892791748047e+01,1.575953914066944961e+00,-7.855551156589948292e-01,-1.581572986385003210e+00,-2.602831355900158197e-04,8.821946384639494515e-06,5.454356778989961994e-04,9.550466207916552541e-06,-1.681549347920374160e+01,1.013501365131292964e+01
1.705563426017761230e+01,1.575951312436330465e+00,-7.855550275097133994e-01,-1.581567531206305777e+00,-2.600231465961035972e-04,8.812200996606046888e-06,5.457590327610966144e-04,9.550466207920021988e-06,-1.681549347920374160e+01,1.013501365131292964e+01
1.706565070152282715e+01,1.575948711469755459e+00,-7.855549399436012603e-01,-1.581562078229182156e+00,-2.601151553128792015e-04,8.714127456223037110e-06,5.450941290086781799e-04,6.479751583732956677e-06,-1.681563169244180500e+01,1.013488729668604016e+01
1.707526326179504395e+01,1.575946111109598036e+00,-7.855548532486712476e-01,-1.581556625527423821e+00,-2.599296451627640305e-04,8.635942678054866345e-06,5.455880501888412098e-04,6.479751583732875362e-06,-1.681563169244180500e+01,1.013488729668604016e+01
1.708512616157531738e+01,1.575943511222547277e+00,-7.855547673331867431e-01,-1.581551174579649555e+00,-2.599954333386856340e-04,8.558170894136171714e-06,5.448649896424879058e-04,7.680033340354356633e-06,-1.681576957944776751e+01,1.013475211993260316e+01
1.709551501274108887e+01,1.575940912202147048e+00,-7.855546820877575831e-01,-1.581545724491301819e+00,-2.597840606934825663e-04,8.499950440784154876e-06,5.453002822412905334e-04,7.680033340361214211e-06,-1.681576957944776751e+01,1.013475211993260316e+01
1.710598230361938477e+01,1.575938314081488878e+00,-7.855545972536001065e-01,-1.581540277122666982e+00,-2.597934374428179961e-04,8.472796103187098943e-06,5.444495738133265164e-04,1.003393043853134659e-05,-1.681590649713467656e+01,1.013461456708662567e+01
1.711513328552246094e+01,1.575935717389731483e+00,-7.855545125844459742e-01,-1.581534831894482851e+00,-2.595259896428728924e-04,8.465005024662578675e-06,5.447563513170431380e-04,1.003393043853126527e-05,-1.681590649713467656e+01,1.013461456708662567e+01
1.712563490867614746e+01,1.575933121382615765e+00,-7.855544284786346587e-01,-1.581529388883660570e+00,-2.596203548169783272e-04,8.368937905721320764e-06,5.441021393294100724e-04,6.169343209055320456e-06,-1.681604232572291835e+01,1.013449009042967219e+01
1.713578391075134277e+01,1.575930525952700112e+00,-7.855543452280907557e-01,-1.581523946052631580e+00,-2.594382277436804328e-04,8.292005611555079009e-06,5.446046925706980214e-04,6.169343209055239141e-06,-1.681604232572291835e+01,1.013449009042967219e+01
1.714620065689086914e+01,1.575927931072694577e+00,-7.855542626158066311e-01,-1.581518505118686857e+00,-2.594872815833539417e-04,8.238883333407109877e-06,5.438485473900737943e-04,7.968802067707947412e-06,-1.681617846526399518e+01,1.013435390015439808e+01
1.715514206886291504e+01,1.575925337221179001e+00,-7.855541804309693621e-01,-1.581513065386568995e+00,-2.592601719921946643e-04,8.204613455109997788e-06,5.442486436631102219e-04,7.968802067708028727e-06,-1.681617846526399518e+01,1.013435390015439808e+01
1.716682004928588867e+01,1.575922743924669467e+00,-7.855540988253936208e-01,-1.581507627550988726e+00,-2.593451015974461860e-04,8.127315308630034263e-06,5.435764235629061449e-04,6.144794889983290487e-06,-1.681631361306472527e+01,1.013422532446015722e+01
1.717596030235290527e+01,1.575920151296195559e+00,-7.855540178903240855e-01,-1.581502190081220061e+00,-2.591541759957147390e-04,8.068625470092783553e-06,5.440598833277297038e-04,6.144794889979821040e-06,-1.681631361306472527e+01,1.013422532446015722e+01
1.718589639663696289e+01,1.575917559062922635e+00,-7.855539376022722120e-01,-1.581496754131336058e+00,-2.592385548920139705e-04,7.998985379915630328e-06,5.433879522390660209e-04,5.885732677696903226e-06,-1.681644863847306937e+01,1.013409355629809738e+01
1.719571733474731445e+01,1.575914967501562902e+00,-7.855538579096934537e-01,-1.581491318546489167e+00,-2.590473730206893036e-04,7.947674563162608619e-06,5.438713163824797012e-04,5.885732677696903226e-06,-1.681644863847306937e+01,1.013409355629809916e+01
1.720643448829650879e+01,1.575912376729286191e+00,-7.855537784457058414e-01,-1.581485885377441170e+00,-2.590603435300314374e-04,7.948087047268074384e-06,5.430365440158531950e-04,8.658473278806699813e-06,-1.681658350668792323e+01,1.013395549376852856e+01
1.721543192863464355e+01,1.575909787341601254e+00,-7.855536988774182161e-01,-1.581480454205578257e+00,-2.587980039062578834e-04,7.966714125333829860e-06,5.433563358473757817e-04,8.658473278806699813e-06,-1.681658350668792323e+01,1.013395549376852500e+01
1.722587513923645020e+01,1.575907198854723079e+00,-7.855536193519934152e-01,-1.581475025706938542e+00,-2.588488780826457103e-04,7.943680722817796774e-06,5.426085791278790951e-04,6.672334140853108941e-06,-1.681671781955366995e+01,1.013382743368726757e+01
1.723687338829040527e+01,1.575904611372222153e+00,-7.855535399567825650e-01,-1.581469598340381255e+00,-2.586246557516858036e-04,7.938844513430843436e-06,5.430144952666329100e-04,6.672334140853108941e-06,-1.681671781955366995e+01,1.013382743368726757e+01
