t,q1,q2,q3,qd1,qd2,qd3,tau1,tau2,tau3
0.000000000000000000e+00,3.023365262574074251e-19,-1.570796326788621577e+00,2.767586968825675466e-11,5.835540511453359531e-19,4.085184360517672831e-12,1.762794085242547793e-11,-1.950501628288771512e-17,-1.478695981809252658e+00,-1.478695981570202100e+00
1.225757598876953125e-02,3.045917606955888559e-19,-1.570796326788581609e+00,2.785214909164097086e-11,1.039329263267650017e-18,4.085184691146217034e-12,1.762794129691286386e-11,-8.895650585271486473e-16,-1.478695981814147853e+00,-1.478695981573577845e+00
2.398133277893066406e-02,3.029757322911316885e-19,-1.570796326788541641e+00,2.802842852505408250e-11,-2.093502724490645235e-19,4.085185251259634482e-12,1.762794156243017291e-11,-7.361820493249335515e-16,-1.478695981819053262e+00,-1.478695981576958696e+00
3.504776954650878906e-02,3.093960326657669702e-19,-1.570796326788501673e+00,2.820470793336814651e-11,9.531026023531042099e-19,4.085184519242960619e-12,1.762793992887881838e-11,2.403480031821714273e-16,-1.478695981823961780e+00,-1.478695981580339991e+00
4.600191116333007812e-02,3.066340361518051701e-19,-1.570796326788461705e+00,2.838098734457470927e-11,2.402802280890025906e-20,4.085184249577035448e-12,1.762794093346604275e-11,-1.371199713238846659e-16,-1.478695981828861195e+00,-1.478695981583717511e+00
5.701541900634765625e-02,3.100883606059754736e-19,-1.570796326788421737e+00,2.855726676414477564e-11,1.750237740715418182e-18,4.085185276770478302e-12,1.762794050668288425e-11,-3.504640753848211754e-16,-1.478695981833762163e+00,-1.478695981587095476e+00
6.947731971740722656e-02,3.084036978890285035e-19,-1.570796326788381769e+00,2.873354619500686874e-11,-4.749138482824925864e-19,4.085184363485757619e-12,1.762794182362578961e-11,6.529828661827873637e-17,-1.478695981838668461e+00,-1.478695981590476327e+00
7.978248596191406250e-02,3.100202668636899990e-19,-1.570796326788341801e+00,2.890982561422164811e-11,7.611841366274550732e-20,4.085184069483176355e-12,1.762794283399738138e-11,-5.230539132038936584e-17,-1.478695981843571428e+00,-1.478695981593856068e+00
8.844661712646484375e-02,3.114415660144272506e-19,-1.570796326788301833e+00,2.908610502825480011e-11,-1.603428885898093990e-18,4.085182041872816124e-12,1.762794441453432009e-11,4.784884007018928392e-16,-1.478695981848477059e+00,-1.478695981597235587e+00
9.917044639587402344e-02,3.102141947397433219e-19,-1.570796326788261865e+00,2.926238445643812372e-11,9.747556991504852285e-19,4.085185416965864582e-12,1.762794394734068094e-11,-9.194438767765785574e-16,-1.478695981853366925e+00,-1.478695981600609111e+00
1.089165210723876953e-01,3.106194305803980953e-19,-1.570796326788221897e+00,2.943866387162774853e-11,7.135378709536757832e-19,4.085183991867443807e-12,1.762794188767533764e-11,-8.977771134751964514e-16,-1.478695981858271002e+00,-1.478695981603989074e+00
1.210341453552246094e-01,-1.123164590777924501e-04,-1.570981854706429370e+00,5.105675890562114344e-04,-2.046090644471605657e-02,-3.377189122960522205e-02,9.291748139820908692e-02,2.710505431213761085e-17,2.168404344971008868e-16,-6.557254739192330817e-16
1.310114860534667969e-01,-4.317181184111062672e-04,-1.571507566095014408e+00,1.955733850028639354e-03,-4.145155685576464716e-02,-6.807106877605625939e-02,1.869954085848958003e-01,0.000000000000000000e+00,-4.512983709966281940e-34,-6.505213034913026604e-16
1.409370899200439453e-01,5.056173760752115344e-04,-1.571412451209313499e+00,2.238385938489842984e-03,2.042917522726277746e-01,7.295108805463529356e-02,-1.015128840917085412e-01,1.741705434782172102e+00,-3.135871261329887361e+00,-4.078226359178066751e+00
1.545295715332031250e-01,3.903130855386475941e-03,-1.569904241797478006e+00,-3.693624639467288861e-04,4.508833287782124666e-01,2.148251709010213506e-01,-3.916653247993560627e-01,1.741705434782172102e+00,-3.135871261329884252e+00,-4.078226359178060534e+00
1.656429767608642578e-01,9.804836641785118906e-03,-1.566931766966683348e+00,-5.986097814938145731e-03,7.047833864812927951e-01,3.653159627789112074e-01,-7.020559513011352948e-01,1.739780724415509017e+00,-3.262322466437007407e+00,-4.259837639008923205e+00
1.776745319366455078e-01,1.813042347739440147e-02,-1.562517949990751998e+00,-1.458123080723777200e-02,9.380618257940129823e-01,5.045647225310226913e-01,-9.902833413221930892e-01,1.601599775353361510e+00,-3.316313113661069512e+00,-4.048101624180138636e+00
1.927835941314697266e-01,2.882736405012626887e-02,-1.556673078791765086e+00,-2.613781936412175669e-02,1.178607061853631954e+00,6.511220418017816813e-01,-1.293528263291439773e+00,1.601599775353361732e+00,-3.316313113661069067e+00,-4.048101624180127978e+00
2.044405937194824219e-01,4.170941437834080334e-02,-1.549509856003020047e+00,-4.042253815781959164e-02,1.379269844432895686e+00,7.711410581863074043e-01,-1.541935239597500562e+00,1.411901672439670463e+00,-3.482094957116657952e+00,-3.547462184799003548e+00
2.165901660919189453e-01,5.665048107837665492e-02,-1.541089821235184676e+00,-5.730897275004920993e-02,1.589543982770427188e+00,9.016543106639794969e-01,-1.812165095260375391e+00,1.411901672439670463e+00,-3.482094957116657064e+00,-3.547462184799003992e+00
2.297136783599853516e-01,7.359297921867834213e-02,-1.531423087173604314e+00,-7.677682605012331463e-02,1.781434235316129433e+00,1.021701857924640633e+00,-2.060774156311751870e+00,1.323400210351278083e+00,-3.639954100818256322e+00,-3.246127957933394370e+00
2.430047988891601562e-01,9.219367265940554834e-02,-1.520748767693686609e+00,-9.832865796311716922e-02,1.925976637351200393e+00,1.106795345934733943e+00,-2.236542681713343583e+00,1.188205736056883843e+00,-4.086341765745535426e+00,-2.619402910148656893e+00
2.535209655761718750e-01,1.122955158638764550e-01,-1.509151516539176674e+00,-1.217906889071394411e-01,2.080492039980110341e+00,1.205017649351474596e+00,-2.440154676567876990e+00,1.188205736056883621e+00,-4.086341765745537202e+00,-2.619402910148658226e+00
2.652390003204345703e-01,1.338368442771300793e-01,-1.496637370404926282e+00,-1.471538243083766462e-01,2.215712322943792500e+00,1.291413394423584604e+00,-2.619358277006954783e+00,1.148666791970389012e+00,-4.392313266309344932e+00,-2.297301948083552592e+00
2.745525836944580078e-01,1.564963241072158950e-01,-1.483452190630527356e+00,-1.739032123644826400e-01,2.308499126200925566e+00,1.342839657855609881e+00,-2.725024618128587317e+00,1.123428856733138748e+00,-5.078669377885178804e+00,-1.680692958322933084e+00
2.908279895782470703e-01,1.801330828506060577e-01,-1.469675133976834580e+00,-2.018765916934774085e-01,2.409965710054108978e+00,1.408290230363256290e+00,-2.860967510888088761e+00,1.123428856733139192e+00,-5.078669377885178804e+00,-1.680692958322930419e+00
3.058273792266845703e-01,2.045805096968023040e-01,-1.455426615395863932e+00,-2.308213454172322043e-01,2.474569227782619674e+00,1.440601952608514980e+00,-2.926655729543339746e+00,1.163513220581379182e+00,-5.874708633762432797e+00,-1.084313498802325526e+00
3.166701793670654297e-01,2.296140933906583304e-01,-1.440899383424979030e+00,-2.603293036655895398e-01,2.528261045232254922e+00,1.464844929759913095e+00,-2.975332639660374312e+00,1.209262178262054732e+00,-6.311008360165276443e+00,-7.998976135762090323e-01
3.294348716735839844e-01,2.552295381292949972e-01,-1.426050979069860336e+00,-2.904955009952459588e-01,2.589768592915428158e+00,1.503239243168030592e+00,-3.054867385207257424e+00,1.209262178262054732e+00,-6.311008360165276443e+00,-7.998976135762081441e-01
3.382055759429931641e-01,2.813038811189962352e-01,-1.410970615983969667e+00,-3.211319780450087591e-01,2.623213697096462127e+00,1.514176520798318659e+00,-3.075658454127488284e+00,1.282542297373483464e+00,-7.117990759854065708e+00,-2.441556280424754810e-01
3.498027324676513672e-01,3.077565360283259221e-01,-1.395702246532549262e+00,-3.521481834781012843e-01,2.664261903008148469e+00,1.539207886119934088e+00,-3.127285257871709856e+00,1.282542297373483464e+00,-7.117990759854064819e+00,-2.441556280424741487e-01
3.594007492065429688e-01,3.344892174707064791e-01,-1.380321682143189399e+00,-3.833836849383442935e-01,2.681964705953464811e+00,1.539315876496924584e+00,-3.125297721729655809e+00,1.374651984735115295e+00,-7.963095183065885152e+00,2.992258583800935234e-01
3.692240715026855469e-01,3.614349282033275101e-01,-1.364872870523576420e+00,-4.147443704560337951e-01,2.703471378317062079e+00,1.548184148877342237e+00,-3.141592653593952900e+00,1.374651984735115295e+00,-7.963095183065885152e+00,7.589465591536863620e-01
3.797149658203125000e-01,3.884904980311358891e-01,-1.349450165655526446e+00,-4.460229287873009874e-01,2.708601906688478334e+00,1.539587437834069483e+00,-3.121318120184652489e+00,1.451493082527740786e+00,-8.799355204865520363e+00,8.468220090207037032e-01
3.905704021453857422e-01,4.156416238001797714e-01,-1.334037556309285000e+00,-4.772646165367777082e-01,2.721407727597482396e+00,1.544543426591090673e+00,-3.130703450577248415e+00,1.451493082527740786e+00,-8.799355204865520363e+00,8.468220090207032591e-01
4.036896228790283203e-01,4.428149983228332753e-01,-1.318690039031129579e+00,-5.083542906713646170e-01,2.715359497745079231e+00,1.528828740088122418e+00,-3.095734173004013989e+00,1.490097356613292234e+00,-9.598965407478502243e+00,1.398017110956121467e+00
4.142942428588867188e-01,4.699727807341448904e-01,-1.303426328947610013e+00,-5.392543972452792378e-01,2.717115767123134074e+00,1.526202185009761569e+00,-3.089365406848400664e+00,1.490097356613292234e+00,-9.598965407478502243e+00,1.398017110956122133e+00
4.241521358489990234e-01,4.971210704792333734e-01,-1.288208080997850224e+00,-5.700509095059689280e-01,2.713968192707762572e+00,1.520052976608611939e+00,-3.075665894941094880e+00,1.509154112824151017e+00,-1.000213543813245209e+01,1.672295354497115749e+00
4.343712329864501953e-01,5.242708965420380673e-01,-1.272987821767967986e+00,-6.008497471965885683e-01,2.716516707554938570e+00,1.525232802432936019e+00,-3.086842348190122820e+00,1.509154112824151017e+00,-1.000213543813245209e+01,1.672295354497115749e+00
4.445183277130126953e-01,5.513510586151882942e-01,-1.257815927825848945e+00,-6.315464520402673809e-01,2.702122628173500907e+00,1.512358759474585090e+00,-3.059444939571811517e+00,1.488444632140347279e+00,-1.073521389048733710e+01,2.241166035574361448e+00
4.569756984710693359e-01,5.783223756979802843e-01,-1.242711406402730256e+00,-6.621034662475374644e-01,2.693820568044867692e+00,1.510429378140494716e+00,-3.056012382123897808e+00,1.488444632140347279e+00,-1.073521389048733710e+01,2.241166035574361892e+00
4.663517475128173828e-01,6.051314679882907610e-01,-1.227719464230424107e+00,-6.924265066198184160e-01,2.671437568606217283e+00,1.491678005232488502e+00,-3.016560825237785792e+00,1.470820213568293067e+00,-1.150132948944904321e+01,2.818812630035377964e+00
4.749205112457275391e-01,6.316421052797120961e-01,-1.213002657454170574e+00,-7.221680147064587496e-01,2.635773037511262906e+00,1.457103366312434867e+00,-2.943322162171546630e+00,1.405591559469051788e+00,-1.222975531618001455e+01,3.429985770150332680e+00
4.861204624176025391e-01,6.578427660202913474e-01,-1.198569117734691769e+00,-7.513128005419243971e-01,2.608301440647967429e+00,1.433667211451062240e+00,-2.894278526084276937e+00,1.405591559469052010e+00,-1.222975531618001455e+01,3.429985770150331348e+00
4.960424900054931641e-01,6.836872777754775532e-01,-1.184450040420866879e+00,-7.797978645494968442e-01,2.566282412788440936e+00,1.395749623727728261e+00,-2.814620457987520030e+00,1.242533471362266884e+00,-1.282161383639624752e+01,4.068443122532956480e+00
5.060334205627441406e-01,7.091574216414739951e-01,-1.170652477669265945e+00,-8.076113518202339137e-01,2.532332010175654347e+00,1.368115808380293785e+00,-2.757263104664814612e+00,1.242533471362266884e+00,-1.282161383639624752e+01,4.068443122532955591e+00
5.163316726684570312e-01,7.342157834290095053e-01,-1.157196783963204467e+00,-8.347135853372500414e-01,2.485433829482153190e+00,1.328613014114908175e+00,-2.674963867875394197e+00,1.037764475477641835e+00,-1.330092070809938676e+01,4.677687454501228359e+00
5.269651412963867188e-01,7.588488783606101018e-01,-1.144083799374907562e+00,-8.611061611110228942e-01,2.446252953399745245e+00,1.298446591484291313e+00,-2.612893820048126869e+00,1.037764475477642057e+00,-1.330092070809938676e+01,4.677687454501228359e+00
5.358107089996337891e-01,7.830257003072043087e-01,-1.131327155868166123e+00,-8.867635149273993544e-01,2.395496499557140169e+00,1.258360576918450269e+00,-2.530044520403254893e+00,8.049898422296164480e-01,-1.368977421776967063e+01,5.260026649098129781e+00
5.516617298126220703e-01,8.067359420768902556e-01,-1.118924404053292188e+00,-9.116941158886712193e-01,2.351991658401022534e+00,1.226661732815925498e+00,-2.465366085004318197e+00,8.049898422296164480e-01,-1.368977421776966885e+01,5.260026649098131557e+00
5.594406127929687500e-01,8.299547532462874244e-01,-1.106884153623578504e+00,-9.358825966251098638e-01,2.298341000933215028e+00,1.186692592006256319e+00,-2.383363135461225912e+00,5.591962127078577982e-01,-1.400410819506290672e+01,5.810870606264982641e+00
5.719652175903320312e-01,8.526749535271953562e-01,-1.095201752141144125e+00,-9.593417439655629320e-01,2.251408797230326275e+00,1.154200519801233504e+00,-2.317569432463606471e+00,5.591962127078575762e-01,-1.400410819506290494e+01,5.810870606264982641e+00
5.851678848266601562e-01,8.749183333594993117e-01,-1.083845316341795373e+00,-9.821420365017473619e-01,2.203080096538690746e+00,1.121461959818926601e+00,-2.251487609576733995e+00,4.426584474583399320e-01,-1.414798052546072071e+01,6.070171603923102843e+00
5.974507331848144531e-01,8.967093353106571074e-01,-1.072780896679375040e+00,-1.004358288103457841e+00,2.160238645980539385e+00,1.095052657201056157e+00,-2.199146353033368584e+00,4.426584474583401541e-01,-1.414798052546072071e+01,6.070171603923105508e+00
6.072554588317871094e-01,9.180255733203094293e-01,-1.062015902256091771e+00,-1.025976389227402308e+00,2.109038929656980699e+00,1.062218046792804405e+00,-2.133215589823538760e+00,1.987455351234048706e-01,-1.437081433107730177e+01,6.565835056144721626e+00
6.189925670623779297e-01,9.387947817664387129e-01,-1.051608858149913450e+00,-1.046872294249641788e+00,2.051509396032412003e+00,1.023986301862397807e+00,-2.055821340078663795e+00,-1.711051951100950319e-02,-1.459171003761500351e+01,7.029954869812820917e+00
6.323201656341552734e-01,9.590189376192803650e-01,-1.041552893979810213e+00,-1.067062267860856561e+00,1.999361954516141848e+00,9.913454872262229545e-01,-1.990601104332743176e+00,-1.711051951100950319e-02,-1.459171003761500174e+01,7.029954869812820917e+00
6.440105438232421875e-01,9.786897470367618146e-01,-1.031848012011320481e+00,-1.086546817212072025e+00,1.941445348090488077e+00,9.542004325343427240e-01,-1.915667661593710935e+00,-2.378450931659430445e-01,-1.474754773270811015e+01,7.467820046644378706e+00
6.575453281402587891e-01,9.978085435934409553e-01,-1.022487072873009328e+00,-1.105342065003938945e+00,1.888367174865699605e+00,9.219817646852771498e-01,-1.851486677134952519e+00,-2.378450931659430445e-01,-1.474754773270811015e+01,7.467820046644378706e+00
6.669862270355224609e-01,1.016396367528120237e+00,-1.013445760346281421e+00,-1.123501055998421094e+00,1.835218218271398971e+00,8.901865753060813624e-01,-1.788225520851860484e+00,-3.332036526261688003e-01,-1.481566307934565430e+01,7.663784857441664933e+00
6.793372631072998047e-01,1.034433048491648188e+00,-1.004737532027291103e+00,-1.140993560154111686e+00,1.778497336659300210e+00,8.556170001602968478e-01,-1.718757310234661162e+00,-5.096793231443235150e-01,-1.491539871154397190e+01,8.019709980043408848e+00
6.952638626098632812e-01,1.051925099689010379e+00,-9.963523990831657517e-01,-1.157840890762757979e+00,1.725806380043671151e+00,8.250987093414969831e-01,-1.658164720324245112e+00,-5.096793231443235150e-01,-1.491539871154397190e+01,8.019709980043410624e+00
7.057878971099853516e-01,1.068892577343110162e+00,-9.882687629220623382e-01,-1.174089769436209574e+00,1.673506469436579991e+00,7.952152612661311792e-01,-1.598855020377155878e+00,-5.856416984464252184e-01,-1.496285749659311826e+01,8.183221207110737083e+00
7.209541797637939453e-01,1.085326011072007546e+00,-9.804935282557279974e-01,-1.189722838588582299e+00,1.619189069687055671e+00,7.635700019067891420e-01,-1.535368526135781675e+00,-7.180291584356242041e-01,-1.503639340829907667e+01,8.475011866673892058e+00
7.308499813079833984e-01,1.101234751396717337e+00,-9.730162074558651453e-01,-1.204761793496997413e+00,1.568174632009182501e+00,7.352508400214210482e-01,-1.479193852170786139e+00,-7.180291584356244261e-01,-1.503639340829907667e+01,8.475011866673892058e+00
7.402567863464355469e-01,1.116637707508785216e+00,-9.658177471083436716e-01,-1.219247517358071242e+00,1.517922998557976522e+00,7.076899641092549986e-01,-1.424504266171654931e+00,-7.724593580787630920e-01,-1.507284050041989865e+01,8.607915562842936907e+00
7.550091743469238281e-01,1.131553594793673234e+00,-9.588789423353240027e-01,-1.233221467245983805e+00,1.470434949110453582e+00,6.829941147406481949e-01,-1.376122732766030365e+00,-7.724593580787628699e-01,-1.507284050041989687e+01,8.607915562842938684e+00
7.670996189117431641e-01,1.145989129750279334e+00,-9.521935768325694438e-01,-1.246695014284354919e+00,1.421941891538648139e+00,6.571034823173838024e-01,-1.324690111939018200e+00,-8.616498568562080962e-01,-1.513383678983423053e+01,8.841950231469212440e+00
7.773349285125732422e-01,1.159938921850592441e+00,-9.457715696972414099e-01,-1.259641885948363127e+00,1.373286416173287172e+00,6.303855626640798571e-01,-1.270973421982201979e+00,-9.233736007169741633e-01,-1.520034542518050813e+01,9.049569589928498914e+00
7.918255329132080078e-01,1.173415163582412379e+00,-9.396032664992970407e-01,-1.272081326894963560e+00,1.326959406038860978e+00,6.060883808481889456e-01,-1.222598845780501708e+00,-9.233736007169741633e-01,-1.520034542518051168e+01,9.049569589928500690e+00
8.029437065124511719e-01,1.186429526837034620e+00,-9.336808556839262252e-01,-1.284027954058375443e+00,1.280870658584518429e+00,5.812440046602440624e-01,-1.172540004733190866e+00,-9.664099695327268424e-01,-1.526071510502316286e+01,9.228087920599627125e+00
8.152179718017578125e-01,1.198994228565048337e+00,-9.279950223964290590e-01,-1.295500190475070701e+00,1.236793191435913375e+00,5.585322768854757980e-01,-1.127189591777662425e+00,-9.664099695327270645e-01,-1.526071510502316286e+01,9.228087920599627125e+00
8.270611763000488281e-01,1.211124917153502123e+00,-9.225317469295987172e-01,-1.306527684322524419e+00,1.193924928757749360e+00,5.366313540478534483e-01,-1.083392025490050425e+00,-9.786716625228550903e-01,-1.529065347480615422e+01,9.304667963354102511e+00
8.404340744018554688e-01,1.222831944454441766e+00,-9.172880349292934499e-01,-1.317113466430145596e+00,1.151954984717030728e+00,5.146155843547183251e-01,-1.038883795373753749e+00,-9.903657473383824517e-01,-1.534782559282848524e+01,9.435924409193923168e+00
8.556895256042480469e-01,1.234128226674787054e+00,-9.122546369794087839e-01,-1.327275888016227645e+00,1.111590704497658955e+00,4.943701349701448700e-01,-9.982820069789475337e-01,-9.903657473383824517e-01,-1.534782559282848524e+01,9.435924409193926721e+00
8.713293075561523438e-01,1.245027878534538779e+00,-9.074193304464931442e-01,-1.337040679498992413e+00,1.072485043149300932e+00,4.749032584036949056e-01,-9.591725323332949138e-01,-9.899169531430036528e-01,-1.537776372873407382e+01,9.494328142990466901e+00
8.855068683624267578e-01,1.255543369329888526e+00,-9.027782492607505649e-01,-1.346413070221793795e+00,1.034620270025012001e+00,4.555052891976582030e-01,-9.197991813859273114e-01,-9.797899934418312640e-01,-1.543664146532744041e+01,9.593838394733777974e+00
9.000203609466552734e-01,1.265687346916932521e+00,-8.983229313813998473e-01,-1.355409823600468799e+00,9.980358098525795585e-01,4.375858952067162022e-01,-8.836821021453686864e-01,-9.797899934418314860e-01,-1.543664146532744041e+01,9.593838394733777974e+00
9.103839397430419922e-01,1.275472398427482057e+00,-8.940427733905308427e-01,-1.364053190137431315e+00,9.626961780172660355e-01,4.203880591360353303e-01,-8.489536350410789023e-01,-9.701557718250304330e-01,-1.546731854640021808e+01,9.638049414345346122e+00
9.202911853790283203e-01,1.284910802922893724e+00,-8.899305866313764746e-01,-1.372357098449859425e+00,9.285715386558007767e-01,4.039076232342211914e-01,-8.156231336616263095e-01,-9.589528061267675874e-01,-1.549726500409622787e+01,9.677048411049238297e+00
9.310553073883056641e-01,1.294013608678423521e+00,-8.859763491017826897e-01,-1.380342761144307095e+00,8.954612204317813351e-01,3.886617811193772143e-01,-7.850045554850592078e-01,-9.589528061267675874e-01,-1.549726500409622787e+01,9.677048411049238297e+00
9.399385452270507812e-01,1.302792942799100073e+00,-8.821739543346713841e-01,-1.388021713079178321e+00,8.637295181387583121e-01,3.735198925750087828e-01,-7.542722737858879034e-01,-9.293210819822410595e-01,-1.555926481510955384e+01,9.746362707298949601e+00
9.493784904479980469e-01,1.311259847480584995e+00,-8.785168277221001576e-01,-1.395406819340831106e+00,8.328759895633937038e-01,3.594861061821353343e-01,-7.259677162679808449e-01,-9.293210819822412816e-01,-1.555926481510955384e+01,9.746362707298949601e+00
9.598503112792968750e-01,1.319426162741695219e+00,-8.749994237048188683e-01,-1.402508509314015939e+00,8.034593323439895851e-01,3.455571802315373642e-01,-6.975796461761363254e-01,-8.927196103833472396e-01,-1.562378115486429309e+01,9.806305719371660956e+00
9.697756767272949219e-01,1.327302549777459317e+00,-8.716157722547479558e-01,-1.409338412215745961e+00,7.748044886560093714e-01,3.326260320332043996e-01,-6.713706634753865421e-01,-8.927196103833470175e-01,-1.562378115486429309e+01,9.806305719371660956e+00
9.844050407409667969e-01,1.334902535146567981e+00,-8.683629404115679185e-01,-1.415900773020344561e+00,7.479881352889635737e-01,3.194153333102093262e-01,-6.441576853748217646e-01,-8.303636322641876344e-01,-1.572256472583540443e+01,9.880277120400030810e+00
9.959008693695068359e-01,1.342238055741753699e+00,-8.652371894616098791e-01,-1.422201933969009291e+00,7.218367622423081942e-01,3.071104514321322809e-01,-6.189141345611997025e-01,-8.303636322641876344e-01,-1.572256472583540443e+01,9.880277120400030810e+00
1.008624315261840820e+00,1.349317794041595686e+00,-8.622317481373658055e-01,-1.428255976159322760e+00,6.967210178351703753e-01,2.952970777596097274e-01,-5.946225017897394105e-01,-8.079821837067574508e-01,-1.575571696268053401e+01,9.901295448042144898e+00
1.029186487197875977e+00,1.356153914557129303e+00,-8.593433657180702401e-01,-1.434068493666369237e+00,6.729703803678730445e-01,2.836735337763073295e-01,-5.705710314362025803e-01,-7.659207084842251101e-01,-1.581765505851872788e+01,9.935005342608146606e+00
1.041722297668457031e+00,1.362757736457347324e+00,-8.565684644309236040e-01,-1.439646052067005355e+00,6.501609710085607396e-01,2.725447453015320542e-01,-5.475160684921503984e-01,-7.447259657569821334e-01,-1.584797307645651010e+01,9.949418146628779880e+00
1.050304174423217773e+00,1.369136262089851286e+00,-8.539007598618323369e-01,-1.445001879855140725e+00,6.278549125915793283e-01,2.621536580862638410e-01,-5.260508970039439181e-01,-7.447259657569822444e-01,-1.584797307645651188e+01,9.949418146628779880e+00
1.060614824295043945e+00,1.375296421824462767e+00,-8.513344973012796357e-01,-1.450148059388282507e+00,6.063977202844158532e-01,2.522062876610883242e-01,-5.054837914603517168e-01,-7.245984748282583432e-01,-1.587684990247503869e+01,9.961805707375191332e+00
1.070747852325439453e+00,1.381244450128835233e+00,-8.488640205727401300e-01,-1.455096484276805269e+00,5.853797840474941339e-01,2.429241776191015667e-01,-4.863443394798176445e-01,-7.245984748282582322e-01,-1.587684990247504047e+01,9.961805707375191332e+00
1.081370830535888672e+00,1.386988679439527417e+00,-8.464853813467029253e-01,-1.459855135568895790e+00,5.655180321145892863e-01,2.338168291879485772e-01,-4.674902537528540236e-01,-6.851647209704972985e-01,-1.593237801511153684e+01,9.982606323827710071e+00
1.091181278228759766e+00,1.392536434204337592e+00,-8.441944618669109390e-01,-1.464432409238468846e+00,5.460421097194276818e-01,2.253146155284695695e-01,-4.499282803535032405e-01,-6.851647209704972985e-01,-1.593237801511153862e+01,9.982606323827710071e+00
1.100459575653076172e+00,1.397895689140554065e+00,-8.419877623498045471e-01,-1.468835375728030357e+00,5.277009104790766347e-01,2.169546518943693825e-01,-4.325966883027261844e-01,-6.443536839226040591e-01,-1.598878473837561920e+01,1.000087318462019326e+01
1.112280845642089844e+00,1.403073420106318636e+00,-8.398616037870493267e-01,-1.473071524522973075e+00,5.096997394101809853e-01,2.091467050101913638e-01,-4.164374810057583920e-01,-6.443536839226040591e-01,-1.598878473837562098e+01,1.000087318462019503e+01
1.120308160781860352e+00,1.408077123395728325e+00,-8.378128701226041919e-01,-1.477147178992361809e+00,4.927836910180038443e-01,2.014545600822052474e-01,-4.004705020682258199e-01,-6.037481887207539755e-01,-1.604491496007099016e+01,1.001680630624299795e+01
1.133687257766723633e+00,1.412913335396065007e+00,-8.358382616676243160e-01,-1.481069071097279144e+00,4.761683440947807600e-01,1.942671654443414719e-01,-3.855694992609788874e-01,-6.037481887207539755e-01,-1.604491496007099371e+01,1.001680630624299795e+01
1.145729303359985352e+00,1.417588999133832628e+00,-8.339349643435139958e-01,-1.484842956728284147e+00,4.605696370997916511e-01,1.871792108243533759e-01,-3.708443543928483521e-01,-5.645881418602552992e-01,-1.609940326543948075e+01,1.003042430242054550e+01
1.157848834991455078e+00,1.422113958262779976e+00,-8.321019362103230232e-01,-1.488470789097875224e+00,4.459290256456329149e-01,1.801993731690081091e-01,-3.563305741082615774e-01,-5.274878595306383700e-01,-1.615161829720545583e+01,1.004196280930440111e+01
1.169352769851684570e+00,1.426493907583031850e+00,-8.303362486848028245e-01,-1.491958628371919726e+00,4.315400224524537087e-01,1.736632292045633685e-01,-3.427451969241713248e-01,-5.274878595306383700e-01,-1.615161829720545583e+01,1.004196280930440111e+01
1.179269313812255859e+00,1.430734636240383661e+00,-8.286353164278102978e-01,-1.495311900777311909e+00,4.179979680975955403e-01,1.672346978195821121e-01,-3.293879328796598949e-01,-4.943566099478374776e-01,-1.619936197984662130e+01,1.005122180558173284e+01
1.189674139022827148e+00,1.434841187226831627e+00,-8.269964190656815539e-01,-1.498536283245231804e+00,4.046799290430512230e-01,1.612124934542169818e-01,-3.168758216718763898e-01,-4.943566099478374776e-01,-1.619936197984662130e+01,1.005122180558173284e+01
1.200006723403930664e+00,1.438818699128567413e+00,-8.254171303527182424e-01,-1.501636909138869047e+00,3.921130970795452808e-01,1.552994504751980809e-01,-3.046065006499020233e-01,-4.647548579406821645e-01,-1.624269843500772481e+01,1.005853769450720492e+01
1.210704088211059570e+00,1.442671652591683840e+00,-8.238949086228111174e-01,-1.504619109555793033e+00,3.797463586740049690e-01,1.497590365033858728e-01,-2.931075518486315756e-01,-4.647548579406821645e-01,-1.624269843500772481e+01,1.005853769450720492e+01
1.219501733779907227e+00,1.446403393599209775e+00,-8.224268417051106006e-01,-1.507488959143101548e+00,3.678244248220681745e-01,1.444435315458194313e-01,-2.820833933318832587e-01,-4.506475664866710362e-01,-1.626349248173837836e+01,1.006172667719533287e+01
1.231291532516479492e+00,1.450016909164747680e+00,-8.210100377301384755e-01,-1.510252457218297595e+00,3.560817377698552444e-01,1.394698173175529243e-01,-2.717616318599330727e-01,-4.506475664866710362e-01,-1.626349248173837836e+01,1.006172667719533287e+01
1.239903688430786133e+00,1.453517819701467317e+00,-8.196431703687931947e-01,-1.512912573377295899e+00,3.452144589407455388e-01,1.344580488683679020e-01,-2.614059693106128845e-01,-4.113578698979967752e-01,-1.632227564881997495e+01,1.006976937947146311e+01
1.253661394119262695e+00,1.456910952568696738e+00,-8.183246735442137876e-01,-1.515472701373283826e+00,3.345086300053242145e-01,1.297618885987573967e-01,-2.516946382548694849e-01,-4.113578698979967196e-01,-1.632227564881997495e+01,1.006976937947146311e+01
1.266072511672973633e+00,1.460199177166736417e+00,-8.170521353416539956e-01,-1.517937850882375761e+00,3.241925343351024225e-01,1.252462676095755234e-01,-2.423674510911664470e-01,-3.981192858050394134e-01,-1.634215040574197175e+01,1.007226889657219182e+01
1.276598691940307617e+00,1.463387375915924604e+00,-8.158243750393349147e-01,-1.520310700074924970e+00,3.144453706235643131e-01,1.207977600212531283e-01,-2.332132223717309494e-01,-3.742254775984915072e-01,-1.637870224152273835e+01,1.007655806739886373e+01
1.286436319351196289e+00,1.466478870357596165e+00,-8.146395522686407098e-01,-1.522595137544334065e+00,3.048366498904499511e-01,1.166288568173268481e-01,-2.246243568362118470e-01,-3.742254775984915072e-01,-1.637870224152273835e+01,1.007655806739886373e+01
1.297242641448974609e+00,1.469477148321594262e+00,-8.134960821911053630e-01,-1.524794579618377721e+00,2.957489249534088760e-01,1.125195850143791421e-01,-2.161945614561238682e-01,-3.520687616047281088e-01,-1.641305385836068353e+01,1.008027495290991915e+01
1.310782909393310547e+00,1.472385243698413060e+00,-8.123922756980366255e-01,-1.526912596243065190e+00,2.867865563989562827e-01,1.086685544715931678e-01,-2.082835836585219536e-01,-3.520687616047281088e-01,-1.641305385836068353e+01,1.008027495290992093e+01
1.319932699203491211e+00,1.475206332677725829e+00,-8.113266719301588381e-01,-1.528952338841533365e+00,2.782992166199173556e-01,1.048720593277690238e-01,-2.005215287471205365e-01,-3.316695803589633229e-01,-1.644508359407728548e+01,1.008347889953903831e+01
1.329386234283447266e+00,1.477943178791607526e+00,-8.102977116625058596e-01,-1.530917099850137131e+00,2.699256818241407840e-01,1.013143751326512215e-01,-1.932361622337808726e-01,-3.316695803589632119e-01,-1.644508359407728548e+01,1.008347889953904009e+01
1.342107295989990234e+00,1.480597826538682771e+00,-8.093035717663094042e-01,-1.532810623004607020e+00,2.618308396084427780e-01,9.789292426809950709e-02,-1.862417527554367791e-01,-3.218547127571805833e-01,-1.646059217358488524e+01,1.008494974993502780e+01
1.349797964096069336e+00,1.483172099296239388e+00,-8.083424239607572837e-01,-1.534636627520720831e+00,2.538395291580879953e-01,9.469244413534301519e-02,-1.796855693445053581e-01,-3.218547127571805833e-01,-1.646059217358488524e+01,1.008494974993502780e+01
1.363214254379272461e+00,1.485668749534827748e+00,-8.074130750748860219e-01,-1.536397694386610002e+00,2.462640434822743196e-01,9.152827492058338010e-02,-1.732404357938007178e-01,-3.034568500461865548e-01,-1.648997449471490739e+01,1.008760471178089446e+01
1.374372720718383789e+00,1.488090169007957986e+00,-8.065142323056239126e-01,-1.538096547913140322e+00,2.387831982055439728e-01,8.856940168453945883e-02,-1.671997025284849003e-01,-3.034568500461865548e-01,-1.648997449471490739e+01,1.008760471178089446e+01
1.390980720520019531e+00,1.490439005917936433e+00,-8.056448524167071357e-01,-1.539735462052646886e+00,2.317064869497648394e-01,8.563238719938279231e-02,-1.612418375251641889e-01,-2.851626060236892024e-01,-1.651936464998679455e+01,1.009014010455904220e+01
1.403606414794921875e+00,1.492719215294870727e+00,-8.048047338252298788e-01,-1.541315235348505341e+00,2.250182352749620363e-01,8.271414902281247483e-02,-1.553614019714917305e-01,-2.674657354001261367e-01,-1.654810648184724187e+01,1.009254283747830705e+01
1.421318531036376953e+00,1.494933781308503518e+00,-8.039932318915601339e-01,-1.542837419090913542e+00,2.185547330020101986e-01,7.989773652225276579e-02,-1.496996535157839314e-01,-2.591090640569301273e-01,-1.656183295980888204e+01,1.009366635425724645e+01
1.432186603546142578e+00,1.497084152510973043e+00,-8.032089120441914254e-01,-1.544304895290954383e+00,2.121707342351473735e-01,7.725886066978356059e-02,-1.443830293303443868e-01,-2.591090640569301273e-01,-1.656183295980888204e+01,1.009366635425724645e+01
1.441900491714477539e+00,1.499171805485464803e+00,-8.024504514781023445e-01,-1.545720335118378141e+00,2.059902084504629527e-01,7.471532960856595851e-02,-1.392698828834115221e-01,-2.515427969548957865e-01,-1.657439977435885226e+01,1.009467210776869805e+01
1.454373359680175781e+00,1.501198056927824043e+00,-8.017165138722879281e-01,-1.547086406437833128e+00,1.998826178507450424e-01,7.233677489767302571e-02,-1.344753683305449088e-01,-2.515427969548957865e-01,-1.657439977435885226e+01,1.009467210776869805e+01
1.471201658248901367e+00,1.503164912396677932e+00,-8.010062575760006354e-01,-1.548404927772530248e+00,1.940800562873942758e-01,6.997636659803803394e-02,-1.297509942004039796e-01,-2.375132144302490866e-01,-1.659785398310499716e+01,1.009647753646585677e+01
1.484221458435058594e+00,1.505075389266863795e+00,-8.003195249973339420e-01,-1.549676556038694697e+00,1.885765498435020837e-01,6.762977236492544175e-02,-1.250887045395953634e-01,-2.236350966793817507e-01,-1.662117296120412036e+01,1.009821230503322198e+01
1.494061708450317383e+00,1.506931188414073253e+00,-7.996554369243433769e-01,-1.550903133121802169e+00,1.831376018293421060e-01,6.543170826255570449e-02,-1.207104753652847307e-01,-2.236350966793817230e-01,-1.662117296120412036e+01,1.009821230503322198e+01
1.506388664245605469e+00,1.508733552011276124e+00,-7.990129122689931807e-01,-1.552086819053999811e+00,1.778717229818838064e-01,6.330875171891531261e-02,-1.164927071498274291e-01,-2.169460929607102684e-01,-1.663250198681969039e+01,1.009904119524255961e+01
1.518689393997192383e+00,1.510484691461987605e+00,-7.983915389892558556e-01,-1.553228654344915416e+00,1.728663415321058938e-01,6.119930003329934060e-02,-1.123329234746953953e-01,-2.047974142987598334e-01,-1.665324608945742924e+01,1.010051628187248340e+01
1.529712200164794922e+00,1.512186093671505915e+00,-7.977905213358077452e-01,-1.554330292151323345e+00,1.679181628655037894e-01,5.922346432118322929e-02,-1.084262528378342194e-01,-2.047974142987597779e-01,-1.665324608945742924e+01,1.010051628187248340e+01
1.539417505264282227e+00,1.513839344688777677e+00,-7.972091942495952432e-01,-1.555393159524281366e+00,1.632115963160854777e-01,5.725929582175029453e-02,-1.045720920060924514e-01,-1.934607180330610299e-01,-1.667273881541417424e+01,1.010185652889586727e+01
1.551682949066162109e+00,1.515445822470297133e+00,-7.966468200435850022e-01,-1.556418782592971395e+00,1.585578756910378806e-01,5.541969318560947128e-02,-1.009524323726607581e-01,-1.934607180330610021e-01,-1.667273881541417424e+01,1.010185652889586727e+01
1.562131881713867188e+00,1.517006533553995951e+00,-7.961024859760718053e-01,-1.557408956998971972e+00,1.540439551241855054e-01,5.364418014514920480e-02,-9.746749510000625449e-02,-1.880393364719117055e-01,-1.668208668710381204e+01,1.010248091293438577e+01
1.573408365249633789e+00,1.518522375780603006e+00,-7.955752645752790508e-01,-1.558365484473637874e+00,1.495789032453745948e-01,5.198487747709270440e-02,-9.419995449405747789e-02,-1.880393364719116778e-01,-1.668208668710381204e+01,1.010248091293438577e+01
1.583055019378662109e+00,1.519994741409651740e+00,-7.950645964362055285e-01,-1.559289559603496578e+00,1.453270398262356822e-01,5.033225907116992831e-02,-9.097185127025898821e-02,-1.778844576070412742e-01,-1.669968281300748814e+01,1.010362392474197968e+01
1.593691587448120117e+00,1.521424839383484384e+00,-7.945698534732708040e-01,-1.560182471347753452e+00,1.411205489780938960e-01,4.878835965287487558e-02,-8.794582807516791723e-02,-1.778844576070413019e-01,-1.669968281300748814e+01,1.010362392474197968e+01
1.603982448577880859e+00,1.522814022916630039e+00,-7.940905475533540647e-01,-1.561045272308848819e+00,1.371230050684706103e-01,4.724431016645050385e-02,-8.494594842494043729e-02,-1.677637964362972411e-01,-1.671724760324759984e+01,1.010473398194593386e+01
1.614660024642944336e+00,1.524163464348485375e+00,-7.936261194639925298e-01,-1.561879114164756110e+00,1.331676484037231933e-01,4.580204831616398881e-02,-8.213406352825482204e-02,-1.677637964362972411e-01,-1.671724760324759984e+01,1.010473398194593386e+01
1.625277757644653320e+00,1.525474456940794976e+00,-7.931761356679699615e-01,-1.562684937628875836e+00,1.294129416776807207e-01,4.435537603317566552e-02,-7.933949319312516568e-02,-1.579302208544858810e-01,-1.673439936217667068e+01,1.010579940293083823e+01
1.639247417449951172e+00,1.526748952039699070e+00,-7.927406323486270168e-01,-1.563462925050025820e+00,1.258488580026580761e-01,4.290573175244996595e-02,-7.656391793344724528e-02,-1.485972581363772249e-01,-1.675077372586774160e+01,1.010679933906085104e+01
1.651348114013671875e+00,1.527988015866617255e+00,-7.923191157197549961e-01,-1.564214090003769320e+00,1.223226603472780255e-01,4.154829047948373905e-02,-7.395707963068876012e-02,-1.485972581363772249e-01,-1.675077372586774160e+01,1.010679933906085104e+01
1.664285421371459961e+00,1.529192760528654826e+00,-7.919111696395936262e-01,-1.564939315411276066e+00,1.189676904877082497e-01,4.019111061796687423e-02,-7.137278998747570435e-02,-1.402471490137079946e-01,-1.676554909149388806e+01,1.010768125649477334e+01
1.679799795150756836e+00,1.530364494318686486e+00,-7.915165463446317551e-01,-1.565639208143843053e+00,1.157104937710123765e-01,3.887876237801365237e-02,-6.888039446593800796e-02,-1.363641386985387505e-01,-1.677243535763480153e+01,1.010807951630089008e+01
1.692522287368774414e+00,1.531503843876803828e+00,-7.911345861486565045e-01,-1.566315012554287733e+00,1.124872398357209952e-01,3.764969027464474399e-02,-6.653908715509998517e-02,-1.363641386985387505e-01,-1.677243535763480153e+01,1.010807951630089008e+01
1.705778598785400391e+00,1.532611761252799853e+00,-7.907648833897078511e-01,-1.566967566678140189e+00,1.094093346812909512e-01,3.642627199356320011e-02,-6.422659509821267154e-02,-1.293529257847600977e-01,-1.678491696192132565e+01,1.010877522150136798e+01
1.717359066009521484e+00,1.533689377306031831e+00,-7.904071846103611909e-01,-1.567597461105223244e+00,1.064181172591856378e-01,3.524431168057677588e-02,-6.199791411013293174e-02,-1.259241813910886298e-01,-1.679100901353177377e+01,1.010910185640870651e+01
1.727171182632446289e+00,1.534737249653598479e+00,-7.900608893674824218e-01,-1.568205817523145695e+00,1.034573627052979422e-01,3.413761581697802305e-02,-5.990463038988972505e-02,-1.259241813910886298e-01,-1.679100901353177377e+01,1.010910185640870829e+01
1.739450931549072266e+00,1.535756238361658532e+00,-7.897256300074853019e-01,-1.568793388077702078e+00,1.006280768039415491e-01,3.303621359708903971e-02,-5.783737425298385998e-02,-1.195618886483571369e-01,-1.680232815414212766e+01,1.010968542782440061e+01
1.749892234802246094e+00,1.536747091183391367e+00,-7.894009953921484746e-01,-1.569360982710380714e+00,9.782717736748559878e-02,3.200523305138813779e-02,-5.589608986305569238e-02,-1.195618886483571508e-01,-1.680232815414212766e+01,1.010968542782440061e+01
1.761353254318237305e+00,1.537710630149612845e+00,-7.890866510795420119e-01,-1.569909285599459636e+00,9.515252829162981763e-02,3.097746736574887721e-02,-5.397618189198862687e-02,-1.134019887839138041e-01,-1.681326060238800579e+01,1.011022106419744482e+01
1.777427911758422852e+00,1.538647569031045270e+00,-7.887822200123562055e-01,-1.570439037901158352e+00,9.250435675166242266e-02,3.001562758758691621e-02,-5.217354438866136229e-02,-1.134019887839137902e-01,-1.681326060238800224e+01,1.011022106419744659e+01
1.788654565811157227e+00,1.539558434879537474e+00,-7.884872294828337846e-01,-1.570951120722446026e+00,8.993036151991504190e-02,2.908581774178401608e-02,-5.043520168668385456e-02,-1.103728985183296540e-01,-1.681862637588705667e+01,1.011047463660890067e+01
1.801425218582153320e+00,1.540444205951641887e+00,-7.882015274363681767e-01,-1.571445915421931794e+00,8.747354816811113432e-02,2.815745866057827937e-02,-4.871361556280621313e-02,-1.046084739750841597e-01,-1.682883879661508786e+01,1.011093989238522362e+01
1.812483549118041992e+00,1.541305541053635375e+00,-7.879247784667521293e-01,-1.571924077517827145e+00,8.504063892978608319e-02,2.728889616412839142e-02,-4.709750925272211675e-02,-1.046084739750841597e-01,-1.682883879661508786e+01,1.011093989238522362e+01
1.822444677352905273e+00,1.542142927239823269e+00,-7.876565594899984646e-01,-1.572386390250156474e+00,8.267673769473893319e-02,2.644835332061427208e-02,-4.553754531964504526e-02,-1.017453308914231386e-01,-1.683390559013963639e+01,1.011116372564432631e+01
1.836486101150512695e+00,1.542956797929046386e+00,-7.873964360917807825e-01,-1.572833647089906028e+00,8.033518164820085961e-02,2.566387938006177427e-02,-4.407593323060628870e-02,-1.017453308914231386e-01,-1.683390559013963639e+01,1.011116372564432631e+01
1.850759029388427734e+00,1.543747846786578171e+00,-7.871441655078282862e-01,-1.573266343304636550e+00,7.810147503390646451e-02,2.487768754808571819e-02,-4.262393376368824038e-02,-9.636277908263124470e-02,-1.684343595010772532e+01,1.011156894138778917e+01
1.863214492797851562e+00,1.544517148418900421e+00,-7.868997726969139128e-01,-1.573684560815855837e+00,7.597491083784471688e-02,2.408836262368788117e-02,-4.117896780959087039e-02,-9.098336472338483527e-02,-1.685294880930949191e+01,1.011195782968019508e+01
1.872200489044189453e+00,1.545265296489931828e+00,-7.866629912047766737e-01,-1.574088819310587306e+00,7.386862102182674417e-02,2.335004758150647022e-02,-3.982273902412984679e-02,-9.098336472338483527e-02,-1.685294880930949191e+01,1.011195782968019685e+01
1.881641387939453125e+00,1.545992719528226589e+00,-7.864334689649198351e-01,-1.574479763339066141e+00,7.182366584839268431e-02,2.263402534093181262e-02,-3.851112755320871411e-02,-8.837494532852317730e-02,-1.685757040702534937e+01,1.011214243019510306e+01
1.894175767898559570e+00,1.546699797925815023e+00,-7.862108424623537317e-01,-1.574858049049814746e+00,6.979769229656795915e-02,2.196586532050032875e-02,-3.728232656713856980e-02,-8.837494532852317730e-02,-1.685757040702534937e+01,1.011214243019510306e+01
1.904847621917724609e+00,1.547387136783938244e+00,-7.859949134132810933e-01,-1.575224078329682698e+00,6.786621525590000314e-02,2.129461082796817173e-02,-3.605886813763179571e-02,-8.361075165571790757e-02,-1.686602461482971904e+01,1.011246549985286514e+01
1.917972564697265625e+00,1.548055670458796884e+00,-7.857857147462345981e-01,-1.575577899935573400e+00,6.602730536380641002e-02,2.061990005348924432e-02,-3.483990541932115853e-02,-7.893209735664423465e-02,-1.687432091255455902e+01,1.011276750343565389e+01
1.936161279678344727e+00,1.548705910393107565e+00,-7.855830224009472396e-01,-1.575919945341714756e+00,6.420564648830577592e-02,1.998875619774358528e-02,-3.369571802066552435e-02,-7.893209735664423465e-02,-1.687432091255455902e+01,1.011276750343565389e+01
1.952808618545532227e+00,1.549338404953890302e+00,-7.853866547279305665e-01,-1.576250578975131988e+00,6.246958360334544519e-02,1.935500600477994479e-02,-3.255663302978503010e-02,-7.461150165394934974e-02,-1.688200277130528448e+01,1.011303374806713329e+01
1.961716651916503906e+00,1.549953806928134448e+00,-7.851965145324230066e-01,-1.576570034546841637e+00,6.078217523046712534e-02,1.874106024486751898e-02,-3.145586937975352465e-02,-7.257404372478529209e-02,-1.688562305646600592e+01,1.011315232155196142e+01
1.972091674804687500e+00,1.550552421240537271e+00,-7.850122952111947550e-01,-1.576878854948450481e+00,5.911040180614368644e-02,1.816666439816074646e-02,-3.042247352924422679e-02,-7.257404372478529209e-02,-1.688562305646600592e+01,1.011315232155196142e+01
1.984111070632934570e+00,1.551134568078696763e+00,-7.848337162042967607e-01,-1.577177540329605110e+00,5.748405801352980682e-02,1.761093218629212337e-02,-2.942491592314883456e-02,-7.067237877450405215e-02,-1.688900545821075738e+01,1.011325838875732153e+01
1.996757030487060547e+00,1.551700532495275731e+00,-7.846604893778834633e-01,-1.577466597904055634e+00,5.587237450847650638e-02,1.709232484165184099e-02,-2.849027005901936735e-02,-7.067237877450405215e-02,-1.688900545821075738e+01,1.011325838875732153e+01
2.008096694946289062e+00,1.552250776633685492e+00,-7.844924545384515113e-01,-1.577746341390758200e+00,5.433272799734276126e-02,1.657247842562198717e-02,-2.756120872537494437e-02,-6.704474487576814190e-02,-1.689544285484646480e+01,1.011344594264280339e+01
2.022840499877929688e+00,1.552786021905016911e+00,-7.843296307333774697e-01,-1.578016815428893382e+00,5.286530748645328764e-02,1.605018209289899370e-02,-2.663569631478024044e-02,-6.338197833056852248e-02,-1.690192487504707586e+01,1.011362178943029555e+01
2.036214828491210938e+00,1.553306666759664001e+00,-7.841718430131525697e-01,-1.578278348717784940e+00,5.141123768453742526e-02,1.556170079566394221e-02,-2.576704807359738586e-02,-6.338197833056852248e-02,-1.690192487504707231e+01,1.011362178943029555e+01
2.047327041625976562e+00,1.553812998896087372e+00,-7.840188590953438563e-01,-1.578531351662404880e+00,4.999855819323460043e-02,1.508779546523541203e-02,-2.492651075078696279e-02,-6.159714929811493933e-02,-1.690508496710145891e+01,1.011370362571071624e+01
2.061365842819213867e+00,1.554305560465439884e+00,-7.838706216962789686e-01,-1.578775973875640837e+00,4.865058886813666134e-02,1.461238309320999837e-02,-2.409018375982721616e-02,-5.832419609641893016e-02,-1.691087991926141854e+01,1.011384212293818941e+01
2.073226928710937500e+00,1.554784709449078983e+00,-7.837269684257792690e-01,-1.579012516676408850e+00,4.731476190066716964e-02,1.416773109033555786e-02,-2.330520177921178299e-02,-5.832419609641893016e-02,-1.691087991926141854e+01,1.011384212293818941e+01
2.082061052322387695e+00,1.555250705024080915e+00,-7.835876857603372159e-01,-1.579241353777942836e+00,4.601612761701850962e-02,1.373674261388735211e-02,-2.254617325781535855e-02,-5.672931091665420894e-02,-1.691370001003826928e+01,1.011390472245029493e+01
2.092541694641113281e+00,1.555703777269240806e+00,-7.834525533250122908e-01,-1.579462865869392552e+00,4.472889723363799447e-02,1.333464864295962927e-02,-2.183513641695570065e-02,-5.672931091665420894e-02,-1.691370001003826928e+01,1.011390472245029493e+01
2.102582216262817383e+00,1.556144298769732037e+00,-7.833214516819038131e-01,-1.579677283551001565e+00,4.350008301976319991e-02,1.293063652517519729e-02,-2.112677337658151397e-02,-5.375922468948682309e-02,-1.691894807584898786e+01,1.011401038774806693e+01
2.113896608352661133e+00,1.556572591442054287e+00,-7.831942399417116674e-01,-1.579884865935280214e+00,4.228200370370390621e-02,1.255381177712568651e-02,-2.046333819114769248e-02,-5.375922468948682309e-02,-1.691894807584898786e+01,1.011401038774806693e+01
2.122877120971679688e+00,1.556989020152840242e+00,-7.830708135782177282e-01,-1.580085817006565030e+00,4.112148419007480987e-02,1.217375375347647289e-02,-1.980024311566255454e-02,-5.080438798190674288e-02,-1.692415666734153135e+01,1.011410441215945610e+01
2.132251977920532227e+00,1.557393899524666336e+00,-7.829510464216244969e-01,-1.580280369664108342e+00,3.997107399456821530e-02,1.181928251069441597e-02,-1.917921861586313614e-02,-5.080438798190674288e-02,-1.692415666734153135e+01,1.011410441215945610e+01
2.143310308456420898e+00,1.557787581361092633e+00,-7.828348450149876792e-01,-1.580468707415627616e+00,3.887636001325249502e-02,1.146087439644647571e-02,-1.855714793100425933e-02,-4.792742867461755735e-02,-1.692922775951089420e+01,1.011418726660711975e+01
2.153839826583862305e+00,1.558170368668042816e+00,-7.827220946360398113e-01,-1.580651042224668013e+00,3.779116797553364049e-02,1.112654718263009559e-02,-1.797447518957683357e-02,-4.792742867461755735e-02,-1.692922775951089776e+01,1.011418726660711975e+01
2.163199186325073242e+00,1.558542595313916035e+00,-7.826127089225032307e-01,-1.580827543386416068e+00,3.675889150547107659e-02,1.078822476570781563e-02,-1.739035797950007345e-02,-4.518724608206529936e-02,-1.693406145174591160e+01,1.011425763294419511e+01
2.172926425933837891e+00,1.558904548749838526e+00,-7.825065812231432050e-01,-1.580998407297358188e+00,3.573558396953217808e-02,1.047256347874345184e-02,-1.684313405392239005e-02,-4.518724608206529936e-02,-1.693406145174591160e+01,1.011425763294419689e+01
2.184236049652099609e+00,1.559256543410502793e+00,-7.824036303513945967e-01,-1.581163792216199848e+00,3.476211080581624591e-02,1.015312716969472145e-02,-1.629450752103976316e-02,-4.260462147017150814e-02,-1.693862223392307698e+01,1.011431536918554563e+01
2.192961454391479492e+00,1.559598850014165761e+00,-7.823037560333919727e-01,-1.581323881808109233e+00,3.379708529785501597e-02,9.855012339238543306e-03,-1.578042517446381909e-02,-4.260462147017150814e-02,-1.693862223392307698e+01,1.011431536918554563e+01
2.204139471054077148e+00,1.559931763640687752e+00,-7.822068812807434490e-01,-1.581478825032096802e+00,3.287880137203029463e-02,9.553454898753872826e-03,-1.526517067177381691e-02,-4.018258737557683924e-02,-1.694290382639250225e+01,1.011436080756117839e+01
2.214640378952026367e+00,1.560255736721405384e+00,-7.821130352384143558e-01,-1.581628617463730180e+00,3.200453398640945579e-02,9.249414007467472026e-03,-1.475007055898740205e-02,-3.791548459697789697e-02,-1.694691429689618545e+01,1.011439454450744080e+01
2.224106073379516602e+00,1.560571009731390735e+00,-7.820221222772956171e-01,-1.581773431631352089e+00,3.113797576091316757e-02,8.964793573094567009e-03,-1.426621606636668815e-02,-3.791548459697789697e-02,-1.694691429689618545e+01,1.011439454450744080e+01
2.240621328353881836e+00,1.560877835338461805e+00,-7.819340619088331890e-01,-1.581913417505477648e+00,3.031105179526116106e-02,8.678921998643547228e-03,-1.378407149602460351e-02,-3.589210581245169673e-02,-1.695049679933242359e+01,1.011441494135551444e+01
2.252530813217163086e+00,1.561176431714193624e+00,-7.818487595755473363e-01,-1.582048743254180101e+00,2.949136747789882912e-02,8.411267990324638316e-03,-1.333110729436857815e-02,-3.589210581245169673e-02,-1.695049679933242359e+01,1.011441494135551444e+01
2.264895439147949219e+00,1.561466952478983927e+00,-7.817660873057804549e-01,-1.582179623090868903e+00,2.869369297648668646e-02,8.151981032489439075e-03,-1.289322410488638951e-02,-3.494963123003862193e-02,-1.695216163346660920e+01,1.011442003468608242e+01
2.278529405593872070e+00,1.561749687479203175e+00,-7.816860075328593283e-01,-1.582306142270653915e+00,2.793071061576873904e-02,7.892680355733296127e-03,-1.245850646900098675e-02,-3.319847811981763153e-02,-1.695524657415788639e+01,1.011442112443961250e+01
2.289011478424072266e+00,1.562024829092718781e+00,-7.816084292445445447e-01,-1.582428459943043819e+00,2.717432186373266306e-02,7.649940375003043413e-03,-1.205013861998022011e-02,-3.319847811981763153e-02,-1.695524657415788639e+01,1.011442112443961250e+01
2.298974275588989258e+00,1.562292588727806297e+00,-7.815332785316044806e-01,-1.582546710152773040e+00,2.645097794676237041e-02,7.407092204153822856e-03,-1.164458957971801698e-02,-3.152789280073061556e-02,-1.695817618013576578e+01,1.011441306207900048e+01
2.310644626617431641e+00,1.562553149156711729e+00,-7.814604704303793614e-01,-1.582661040944575603e+00,2.573382896099140477e-02,7.179782186651804260e-03,-1.126365477411948868e-02,-3.152789280073061556e-02,-1.695817618013576578e+01,1.011441306207899871e+01
2.322749376296997070e+00,1.562806642452570616e+00,-7.813898948894604235e-01,-1.582771634289802831e+00,2.503562649860552325e-02,6.959772495941027315e-03,-1.089567337800701786e-02,-3.071817298385431244e-02,-1.695959010398653177e+01,1.011440578256253175e+01
2.333559036254882812e+00,1.563053185915971977e+00,-7.813214388043026037e-01,-1.582878675035123361e+00,2.434325083248601446e-02,6.754357418203304347e-03,-1.055070751910409770e-02,-3.071817298385430897e-02,-1.695959010398653177e+01,1.011440578256252998e+01
2.344164609909057617e+00,1.563292971996240732e+00,-7.812550388618419994e-01,-1.582982277460152076e+00,2.368110002124047472e-02,6.548515666480526562e-03,-1.020769388567169776e-02,-2.918285849805929075e-02,-1.696226186499185218e+01,1.011438560468067571e+01
2.353627681732177734e+00,1.563526166905614412e+00,-7.811906214757153855e-01,-1.583082568867628215e+00,2.302444047188494450e-02,6.356403840750484910e-03,-9.886231811868990971e-03,-2.918285849805929075e-02,-1.696226186499185218e+01,1.011438560468067394e+01
2.363931655883789062e+00,1.563752961189718738e+00,-7.811281316835401167e-01,-1.583179649685729773e+00,2.239793403162109592e-02,6.163054203085955446e-03,-9.565400806457513561e-03,-2.763465807074543326e-02,-1.696494333257979292e+01,1.011435901609775989e+01
2.374428749084472656e+00,1.563973519010233737e+00,-7.810675040020644833e-01,-1.583273633765443167e+00,2.177660465025244366e-02,5.982624627863477977e-03,-9.264756149795973228e-03,-2.763465807074543326e-02,-1.696494333257979292e+01,1.011435901609775811e+01
2.383427381515502930e+00,1.564188025480081734e+00,-7.810086895433228094e-01,-1.583364611100792629e+00,2.118469756501255991e-02,5.800515169245517785e-03,-8.963962007896588563e-03,-2.611414927043907361e-02,-1.696757134612588303e+01,1.011432775805965889e+01
2.394316673278808594e+00,1.564396639847323689e+00,-7.809516289997809890e-01,-1.583452685007477934e+00,2.059767205114310801e-02,5.630564461385999080e-03,-8.682077077132945714e-03,-2.611414927043907014e-02,-1.696757134612588303e+01,1.011432775805965889e+01
2.403479099273681641e+00,1.564599538805127033e+00,-7.808962774246873684e-01,-1.583537938237095322e+00,2.003877962938788518e-02,5.458839984503404200e-03,-8.399770447066533946e-03,-2.465647173603784797e-02,-1.697008834644147157e+01,1.011429275381988724e+01
2.413561582565307617e+00,1.564796874267706750e+00,-7.808425798774765170e-01,-1.583620466297375406e+00,1.948449014842202134e-02,5.298557002390067057e-03,-8.135175958353967063e-03,-2.465647173603784104e-02,-1.697008834644147157e+01,1.011429275381988724e+01
2.422783613204956055e+00,1.564988813417332203e+00,-7.807904942970919082e-01,-1.583700346343465792e+00,1.895683238816079849e-02,5.136562264965482613e-03,-7.870121367728187198e-03,-2.327546891164807008e-02,-1.697247211265314704e+01,1.011425462013479404e+01
2.432805061340332031e+00,1.565175614761991074e+00,-7.807400353343864063e-01,-1.583777577042683626e+00,1.845438617536469816e-02,4.973303756863320380e-03,-7.605200857385304575e-03,-2.197478615503099461e-02,-1.697471684789224255e+01,1.011421378927359882e+01
2.443215131759643555e+00,1.565357414889543497e+00,-7.806911513514275258e-01,-1.583852247150898451e+00,1.795614669589680815e-02,4.820469004474504937e-03,-7.356310101304320420e-03,-2.197478615503099461e-02,-1.697471684789224611e+01,1.011421378927359882e+01
2.454162597656250000e+00,1.565534255164889421e+00,-7.806437398997330135e-01,-1.583924514027870156e+00,1.746198758895362024e-02,4.677735983125529476e-03,-7.122920006699085330e-03,-2.197478615503099461e-02,-1.697471684789224255e+01,1.011421378927359882e+01
2.463815927505493164e+00,1.565706278577385424e+00,-7.805977607097798199e-01,-1.583994449583256747e+00,1.699048891992421470e-02,4.534061436875179082e-03,-6.889925078276273353e-03,-2.080918758831175677e-02,-1.697672902465962252e+01,1.011417178513913662e+01
2.474348783493041992e+00,1.565873705553722628e+00,-7.805532210820227412e-01,-1.584062060545771811e+00,1.654052726832995479e-02,4.389829610788959814e-03,-6.657830435652820240e-03,-1.970784554728789717e-02,-1.697862397753791086e+01,1.011412655417842288e+01
2.483581304550170898e+00,1.566036653512965504e+00,-7.805100729349303545e-01,-1.584127428083121680e+00,1.609429360454860819e-02,4.254796900557030782e-03,-6.439758929357912096e-03,-1.970784554728789370e-02,-1.697862397753791086e+01,1.011412655417842288e+01
2.494395256042480469e+00,1.566195159113826563e+00,-7.804682258566264519e-01,-1.584190689856866285e+00,1.565167618414642012e-02,4.128679038274912436e-03,-6.235247730211537255e-03,-1.970784554728789370e-02,-1.697862397753791086e+01,1.011412655417842288e+01
2.504455327987670898e+00,1.566349348162475508e+00,-7.804276431042089790e-01,-1.584251910483695847e+00,1.522897460819070542e-02,4.001949319276177849e-03,-6.031392873617907185e-03,-1.868721745683438185e-02,-1.698037700925619120e+01,1.011407997130900860e+01
2.515611648559570312e+00,1.566499415841556386e+00,-7.803883297155760346e-01,-1.584311097854369077e+00,1.482546584488910087e-02,3.874804049735006833e-03,-5.828435941799927841e-03,-1.770696023818068079e-02,-1.698205321477036023e+01,1.011403055898438730e+01
2.524498224258422852e+00,1.566645466692413891e+00,-7.803502429137131324e-01,-1.584368323476328388e+00,1.442526164978404600e-02,3.755777391531590643e-03,-5.637747475548657988e-03,-1.770696023818068773e-02,-1.698205321477036023e+01,1.011403055898438730e+01
2.534171104431152344e+00,1.566787614335110934e+00,-7.803133477701790222e-01,-1.584423647920053302e+00,1.404301257933159540e-02,3.636460317136881205e-03,-5.448036407223214202e-03,-1.679172529807820141e-02,-1.698361475453669556e+01,1.011398047671304568e+01
2.546288967132568359e+00,1.566925956659370511e+00,-7.802776036942642435e-01,-1.584477138628666015e+00,1.366387134692546856e-02,3.524761930171614599e-03,-5.269789737627892344e-03,-1.679172529807820141e-02,-1.698361475453669556e+01,1.011398047671304923e+01
2.557253837585449219e+00,1.567060599039114877e+00,-7.802429766683385282e-01,-1.584528853902984924e+00,1.330134686170169646e-02,3.413016483439925731e-03,-5.092765538576457703e-03,-1.594910505720677565e-02,-1.698504643037122719e+01,1.011393000796964792e+01
2.569099426269531250e+00,1.567191632325656725e+00,-7.802094275839029924e-01,-1.584578858160811565e+00,1.294174555254816103e-02,3.308421113507279288e-03,-4.926455123747899671e-03,-1.594910505720677565e-02,-1.698504643037122719e+01,1.011393000796964614e+01
2.583120346069335938e+00,1.567319155928486474e+00,-7.801769242459931641e-01,-1.584627206261942867e+00,1.259782759085715728e-02,3.203830610962696626e-03,-4.761355523229584760e-03,-1.515475165357745360e-02,-1.698638966881164691e+01,1.011387860964696017e+01
2.595557689666748047e+00,1.567443255546796310e+00,-7.801454297246565028e-01,-1.584673958722913722e+00,1.225665974166959341e-02,3.105951558803849138e-03,-4.606269837063878790e-03,-1.515475165357745360e-02,-1.698638966881164691e+01,1.011387860964695840e+01
2.608371257781982422e+00,1.567563992806735529e+00,-7.801148964887851811e-01,-1.584719189566146991e+00,1.192444725713597518e-02,3.011224977471599167e-03,-4.456452106541775038e-03,-1.476665561907518874e-02,-1.698704331592893624e+01,1.011385223539745404e+01
2.625150203704833984e+00,1.567681488149523128e+00,-7.800853104989561304e-01,-1.584762928287973827e+00,1.160680627687008838e-02,2.916472284175788618e-03,-4.307688301072396669e-03,-1.402794457312208851e-02,-1.698828361865712466e+01,1.011379956793902757e+01
2.639685869216918945e+00,1.567795820962761155e+00,-7.800566382772723406e-01,-1.584805229433408291e+00,1.129167752006457644e-02,2.827828665144450481e-03,-4.167980898528034044e-03,-1.402794457312209198e-02,-1.698828361865712466e+01,1.011379956793902757e+01
2.652170896530151367e+00,1.567907048804950021e+00,-7.800288369803350941e-01,-1.584846159380240094e+00,1.098495912078024418e-02,2.741977895930379841e-03,-4.032934669849700185e-03,-1.366019948875287805e-02,-1.698889906888395629e+01,1.011377241024180407e+01
2.665447950363159180e+00,1.568015253514364771e+00,-7.800018786234840240e-01,-1.584885764601704494e+00,1.068623954417391789e-02,2.658931066728869187e-03,-3.902525908592033212e-03,-1.331356487720966944e-02,-1.698947854395725443e+01,1.011374600471456198e+01
2.677379846572875977e+00,1.568120545596764170e+00,-7.799757519790553317e-01,-1.584924069344775255e+00,1.040106760835828731e-02,2.575631958640083215e-03,-3.772732312634938332e-03,-1.262203249446054894e-02,-1.699063088633758056e+01,1.011369163427246320e+01
2.686686277389526367e+00,1.568222998277763125e+00,-7.799504285146112714e-01,-1.584961119975988320e+00,1.011812520258042851e-02,2.497727670092927260e-03,-3.650866890254255738e-03,-1.262203249446054373e-02,-1.699063088633758056e+01,1.011369163427246320e+01
2.697941780090332031e+00,1.568322692169580534e+00,-7.799258853302205585e-01,-1.584996955237757410e+00,9.848015806975196629e-03,2.419573981163704052e-03,-3.529560341830488557e-03,-1.196671174615161239e-02,-1.699172057405892033e+01,1.011363781953532026e+01
2.706891775131225586e+00,1.568419696567581623e+00,-7.799020956786608672e-01,-1.585031618424738831e+00,9.580006039030752873e-03,2.346488132993837603e-03,-3.415669425467710192e-03,-1.196671174615161586e-02,-1.699172057405892389e+01,1.011363781953531849e+01
2.722457885742187500e+00,1.568514087238004340e+00,-7.798790377968014553e-01,-1.585065146111388268e+00,9.324054451521996897e-03,2.273213667024554137e-03,-3.302362465632984519e-03,-1.135186107826047577e-02,-1.699274029878461434e+01,1.011358496478684721e+01
2.736290931701660156e+00,1.568605929318250602e+00,-7.798566863502491842e-01,-1.585097579072612062e+00,9.070080445535083982e-03,2.204700405503575572e-03,-3.195992422583325901e-03,-1.135186107826047577e-02,-1.699274029878461434e+01,1.011358496478684721e+01
2.748847961425781250e+00,1.568695269113458135e+00,-7.798350080992023647e-01,-1.585128967953403301e+00,8.822908018211688200e-03,2.138336347523344099e-03,-3.093156615892550185e-03,-1.105259734586401185e-02,-1.699323541871257959e+01,1.011355844248801183e+01
2.759083509445190430e+00,1.568782198431222019e+00,-7.798139943492164994e-01,-1.585159331528409821e+00,8.586863079690853010e-03,2.071795005390371282e-03,-2.990843427283948214e-03,-1.048509561352858194e-02,-1.699417276395746157e+01,1.011350652570379083e+01
2.769621133804321289e+00,1.568866777295828685e+00,-7.797936220352283954e-01,-1.585188706688348548e+00,8.352627527840961533e-03,2.009592938644017696e-03,-2.894811029222385534e-03,-1.048509561352858194e-02,-1.699417276395746157e+01,1.011350652570379083e+01
2.781318426132202148e+00,1.568949072601761641e+00,-7.797738729823271431e-01,-1.585217123817924900e+00,8.129074513114320152e-03,1.947145803165338009e-03,-2.799165442152492730e-03,-9.938703356364705227e-03,-1.699507328074698620e+01,1.011345481282261183e+01
2.791021585464477539e+00,1.569029141796808746e+00,-7.797547258662309577e-01,-1.585244616977618426e+00,7.907226467465732628e-03,1.888776852386523774e-03,-2.709397095251510346e-03,-9.938703356364701758e-03,-1.699507328074698620e+01,1.011345481282261183e+01
2.801792144775390625e+00,1.569107025486943696e+00,-7.797361524004693401e-01,-1.585271228838040614e+00,7.691366761502733095e-03,1.832215161234354746e-03,-2.622579829288240391e-03,-9.673677589243527553e-03,-1.699550920959265454e+01,1.011342906938384800e+01
2.812214851379394531e+00,1.569182759464925692e+00,-7.797181233520743548e-01,-1.585297002951095324e+00,7.477115618735781684e-03,1.779490745010676306e-03,-2.541267870052391943e-03,-9.673677589243524083e-03,-1.699550920959265454e+01,1.011342906938384800e+01
2.821435689926147461e+00,1.569256404672154881e+00,-7.797006232134348069e-01,-1.585321965179927961e+00,7.272628897782912848e-03,1.726446919570859967e-03,-2.460154935335358631e-03,-9.172282027692910816e-03,-1.699633291148869318e+01,1.011337900021317893e+01
2.832397937774658203e+00,1.569328013408069822e+00,-7.796836335374925930e-01,-1.585346144815239278e+00,7.069662245400151583e-03,1.677018899366442602e-03,-2.384205524352849687e-03,-9.172282027692914286e-03,-1.699633291148869318e+01,1.011337900021317893e+01
2.845069885253906250e+00,1.569397645961683629e+00,-7.796671409527508034e-01,-1.585369564500397344e+00,6.876413772834303988e-03,1.627064217149021535e-03,-2.308149257347141652e-03,-8.668883960443612285e-03,-1.699715809605889660e+01,1.011332752436469917e+01
2.858315229415893555e+00,1.569465398258022448e+00,-7.796511507511986183e-01,-1.585392223078354812e+00,6.692654864009712004e-03,1.576578089825226604e-03,-2.231970011724965404e-03,-8.176872506889736741e-03,-1.699796465461104233e+01,1.011327610544201683e+01
2.867347478866577148e+00,1.569531320667065355e+00,-7.796356471644392272e-01,-1.585414145752836124e+00,6.510290068134108772e-03,1.529394145401152816e-03,-2.160474540836722530e-03,-8.176872506889729803e-03,-1.699796465461104233e+01,1.011327610544201683e+01
2.877438545227050781e+00,1.569595467213483309e+00,-7.796206174428823577e-01,-1.585435353797775893e+00,6.336607518324258691e-03,1.481827028031738186e-03,-2.089015681507938246e-03,-7.728803684094519982e-03,-1.699870046059018946e+01,1.011322785317354089e+01
2.888465404510498047e+00,1.569657884192994679e+00,-7.796060462422483850e-01,-1.585455871481780576e+00,6.164238843463659863e-03,1.437363667270507607e-03,-2.021939987777061909e-03,-7.728803684094523452e-03,-1.699870046059018946e+01,1.011322785317354089e+01
2.899339914321899414e+00,1.569718621047715423e+00,-7.795919208319673777e-01,-1.585475719688394403e+00,5.999784865903674477e-03,1.392676011231071872e-03,-1.955075849595221127e-03,-7.322919675386417582e-03,-1.699936681464927091e+01,1.011318252267525963e+01
2.909919023513793945e+00,1.569777720203032745e+00,-7.795782261797138402e-01,-1.585494921924697875e+00,5.836569066409771564e-03,1.350905404188207110e-03,-1.892313272723134075e-03,-7.322919675386421051e-03,-1.699936681464927091e+01,1.011318252267525963e+01
2.922471761703491211e+00,1.569835211390593788e+00,-7.795649421016674907e-01,-1.585513507923189680e+00,5.677746256797800047e-03,1.310418585731332620e-03,-1.831601774974549570e-03,-7.127975389300583026e-03,-1.699968635980573595e+01,1.011316022443965146e+01
2.934324502944946289e+00,1.569891120802837214e+00,-7.795520477284341165e-01,-1.585531508039032866e+00,5.520091693933904670e-03,1.272676446757368442e-03,-1.774732152767823350e-03,-7.127975389300586495e-03,-1.699968635980573595e+01,1.011316022443965146e+01
2.945649862289428711e+00,1.569945493012520288e+00,-7.795395319834628189e-01,-1.585548940337423884e+00,5.369585612153667670e-03,1.234703006626920990e-03,-1.718004425864355037e-03,-6.760787950697382670e-03,-1.700028741760794304e+01,1.011311718212388655e+01
2.958297252655029297e+00,1.569998366259108380e+00,-7.795273816856913562e-01,-1.585565825271031626e+00,5.220183521603844953e-03,1.199315708374052401e-03,-1.664879826223501042e-03,-6.760787950697382670e-03,-1.700028741760794304e+01,1.011311718212388833e+01
2.973448753356933594e+00,1.570049784589604425e+00,-7.795155872437201650e-01,-1.585582178713442980e+00,5.077886872005958965e-03,1.163556745230732645e-03,-1.611693914924259381e-03,-6.392804186104918129e-03,-1.700088816737623887e+01,1.011307315419862185e+01
2.986225366592407227e+00,1.570099801849881960e+00,-7.795041446212807035e-01,-1.585598009523618179e+00,4.939566849322818073e-03,1.128835827061610078e-03,-1.560169124529055826e-03,-6.213865252955301510e-03,-1.700118022556559438e+01,1.011305141593789436e+01
2.995086669921875000e+00,1.570148473262226618e+00,-7.794930512566320413e-01,-1.585613324653515566e+00,4.808033672425309629e-03,1.093731486041256851e-03,-1.508549491809356782e-03,-5.861706656288368650e-03,-1.700175485846542500e+01,1.011300805477043241e+01
3.007317304611206055e+00,1.570195834776913379e+00,-7.794822962758476415e-01,-1.585628141071338426e+00,4.677484128951902957e-03,1.060918205106405488e-03,-1.460093040108919856e-03,-5.861706656288372119e-03,-1.700175485846542500e+01,1.011300805477043063e+01
3.019771337509155273e+00,1.570241924447794979e+00,-7.794718706323043866e-01,-1.585642473433462207e+00,4.553048823729855671e-03,1.027875608347745152e-03,-1.411713864977008409e-03,-5.546884602202963033e-03,-1.700226906408110139e+01,1.011296814553081269e+01
3.029077529907226562e+00,1.570286774886633152e+00,-7.794617635171680048e-01,-1.585656338363956364e+00,4.429540470662982586e-03,9.969861559095010740e-04,-1.366294476106771514e-03,-5.546884602202959563e-03,-1.700226906408110139e+01,1.011296814553081092e+01
3.041349887847900391e+00,1.570330408608420214e+00,-7.794519600898368594e-01,-1.585669757258900248e+00,4.309367550742620491e-03,9.670338277358962731e-04,-1.322344350360485019e-03,-5.398344142565337372e-03,-1.700251139489882490e+01,1.011294889802834085e+01
3.054827213287353516e+00,1.570372845431422304e+00,-7.794424449945849265e-01,-1.585682751972487869e+00,4.190069149434570879e-03,9.391071678413417424e-04,-1.281166247781529701e-03,-5.398344142565337372e-03,-1.700251139489882490e+01,1.011294889802834085e+01
3.067348480224609375e+00,1.570414118987622176e+00,-7.794332100601776281e-01,-1.585695335560301400e+00,4.076170269605932685e-03,9.110091316354728720e-04,-1.240094343188403222e-03,-5.120998508260473508e-03,-1.700296324900662981e+01,1.011291214970014884e+01
3.078330755233764648e+00,1.570454283111412108e+00,-7.794242572087800580e-01,-1.585707508795897835e+00,3.967641621834671478e-03,8.827017669395470847e-04,-1.199076222960138074e-03,-4.844292075073346887e-03,-1.700341270009285566e+01,1.011287481188669091e+01
3.089274883270263672e+00,1.570493366377915256e+00,-7.794155772134839788e-01,-1.585719285742111184e+00,3.859914711900060049e-03,8.562435309202639372e-04,-1.160571362482855145e-03,-4.844292075073343418e-03,-1.700341270009285566e+01,1.011287481188669091e+01
3.100259780883789062e+00,1.570531400003243094e+00,-7.794071627157231896e-01,-1.585730678135885974e+00,3.757207608526835080e-03,8.296105714236732924e-04,-1.122144614734990825e-03,-4.586083591890381672e-03,-1.700383186266828517e+01,1.011283921826187182e+01
3.111994504928588867e+00,1.570568410731885578e+00,-7.793990049443374479e-01,-1.585741699261394855e+00,3.655256109843642385e-03,8.047155542433518521e-04,-1.086069627581630814e-03,-4.586083591890385142e-03,-1.700383186266828517e+01,1.011283921826187182e+01
3.122214078903198242e+00,1.570604417069200176e+00,-7.793910919148646643e-01,-1.585752366134563163e+00,3.556051172246468134e-03,7.805779768900026651e-04,-1.051164840014287777e-03,-4.463631299815130210e-03,-1.700403029349372375e+01,1.011282202733996094e+01
3.131605625152587891e+00,1.570639435295080100e+00,-7.793834112271772474e-01,-1.585762696133384386e+00,3.457559183257778983e-03,7.580756141293146580e-04,-1.018462775614979721e-03,-4.463631299815130210e-03,-1.700403029349372375e+01,1.011282202733995916e+01
3.141166448593139648e+00,1.570673493166472756e+00,-7.793759562959108322e-01,-1.585772699632464144e+00,3.363530694721362027e-03,7.354329348611618467e-04,-9.858451492670294598e-04,-4.234392627479176274e-03,-1.700440116742668195e+01,1.011278922563495719e+01
3.152294397354125977e+00,1.570706614474122409e+00,-7.793687192799032548e-01,-1.585782388370939211e+00,3.270175918586435380e-03,7.143309337035871030e-04,-9.552931519473447514e-04,-4.234392627479176274e-03,-1.700440116742668195e+01,1.011278922563495541e+01
3.161893606185913086e+00,1.570738826596761895e+00,-7.793616944434332838e-01,-1.585791771507786718e+00,3.181247966865212787e-03,6.930114556889660493e-04,-9.247166974566392236e-04,-4.005346993255623489e-03,-1.700477057149872451e+01,1.011275594536798295e+01
3.173707485198974609e+00,1.570770152956828314e+00,-7.793548747809891930e-01,-1.585800859586794287e+00,3.092956759942509966e-03,6.731438251177863409e-04,-8.960775952816595839e-04,-4.005346993255623489e-03,-1.700477057149872451e+01,1.011275594536798295e+01
3.185098171234130859e+00,1.570800620097481115e+00,-7.793482551756262255e-01,-1.585809660847625757e+00,3.008970692150131181e-03,6.530188713815142550e-04,-8.673518107832674934e-04,-3.781599750530315052e-03,-1.700513103617799970e+01,1.011272296176762708e+01
3.196709156036376953e+00,1.570830270062991696e+00,-7.793418379966956522e-01,-1.585818174650321266e+00,2.929106599940133060e-03,6.326735872529444527e-04,-8.385805716120285549e-04,-3.567906289873828962e-03,-1.700547527590310182e+01,1.011269095103834736e+01
3.209470748901367188e+00,1.570859124613037228e+00,-7.793356169462015703e-01,-1.585826410450601243e+00,2.849826347896731570e-03,6.136538274623469340e-04,-8.115660042566626240e-04,-3.567906289873825493e-03,-1.700547527590310182e+01,1.011269095103834736e+01
3.223836183547973633e+00,1.570887206938845537e+00,-7.793295868521806780e-01,-1.585834376342385887e+00,2.774285076863431017e-03,5.944900989140891948e-04,-7.845860732209612894e-04,-3.375269030455364111e-03,-1.700578593348437906e+01,1.011266145892512824e+01
3.237030982971191406e+00,1.570914536891115487e+00,-7.793237415128669854e-01,-1.585842081518877178e+00,2.699293919981362536e-03,5.765719214451503309e-04,-7.592495503828593315e-04,-3.375269030455360642e-03,-1.700578593348437906e+01,1.011266145892512824e+01
3.249929666519165039e+00,1.570941128039672119e+00,-7.793180723379117270e-01,-1.585849537881010241e+00,2.626320034907659359e-03,5.591968233636984871e-04,-7.347326187571222387e-04,-3.285241064833362146e-03,-1.700593095459078441e+01,1.011264742641235337e+01
3.267311334609985352e+00,1.570967007489505685e+00,-7.793125772009033003e-01,-1.585856749783583597e+00,2.556623861151945381e-03,5.417640870553751958e-04,-7.103370461882213376e-04,-3.117864110476480100e-03,-1.700620015427787735e+01,1.011262086547873196e+01
3.281151056289672852e+00,1.570992200227980584e+00,-7.793072534213053570e-01,-1.585863722157559330e+00,2.488789101137700143e-03,5.248659508386341842e-04,-6.867388600516075112e-04,-3.035558499871828658e-03,-1.700633218145342695e+01,1.011260764707946436e+01
3.295400381088256836e+00,1.571016717316844113e+00,-7.793020925463545190e-01,-1.585870466499288423e+00,2.421442701816645809e-03,5.090675344237090456e-04,-6.645788610726891497e-04,-3.035558499871828658e-03,-1.700633218145342695e+01,1.011260764707946436e+01
3.306445837020874023e+00,1.571040570568440708e+00,-7.792970868483319880e-01,-1.585876993398612322e+00,2.355844545501883849e-03,4.937746422725131611e-04,-6.431679363022252491e-04,-2.958375091714701005e-03,-1.700645587714452844e+01,1.011259510196491895e+01
3.318890810012817383e+00,1.571063783834570682e+00,-7.792922342297653460e-01,-1.585883306938557613e+00,2.293152726039861602e-03,4.784495748329240308e-04,-6.218866425645888738e-04,-2.810398949958391873e-03,-1.700669221531497044e+01,1.011257071516229544e+01
3.329379320144653320e+00,1.571086372652119811e+00,-7.792875293225235422e-01,-1.585889414863308255e+00,2.230907940792921287e-03,4.641270035073076679e-04,-6.019075405668222571e-04,-2.810398949958388404e-03,-1.700669221531497044e+01,1.011257071516229544e+01
3.344232082366943359e+00,1.571108348149708123e+00,-7.792829651788316658e-01,-1.585895326648869341e+00,2.170320886883260296e-03,4.502476697691871338e-04,-5.825862299434192947e-04,-2.736460631367235857e-03,-1.700680992959639681e+01,1.011255842189258836e+01
3.357685327529907227e+00,1.571129720106919203e+00,-7.792785346165493898e-01,-1.585901051962439468e+00,2.110155706379005045e-03,4.373117463232173256e-04,-5.644846917295036175e-04,-2.736460631367235857e-03,-1.700680992959639681e+01,1.011255842189258836e+01
3.372754812240600586e+00,1.571150505412892695e+00,-7.792742338212524933e-01,-1.585906596589170769e+00,2.052716168899653814e-03,4.242976138182268445e-04,-5.464372087379384870e-04,-2.596659030591738637e-03,-1.700703200843211604e+01,1.011253488050885530e+01
3.387380599975585938e+00,1.571170731340335580e+00,-7.792700637099988503e-01,-1.585911960894803130e+00,1.998005210212729348e-03,4.111807039881582720e-04,-5.284120097842652172e-04,-2.456158583086572034e-03,-1.700725444899693528e+01,1.011251099164761413e+01
3.401626348495483398e+00,1.571190418536946076e+00,-7.792660226561102244e-01,-1.585917148075724814e+00,1.944815914848922874e-03,3.984436854220394994e-04,-5.109498302086621421e-04,-2.387743893306069204e-03,-1.700736270090612479e+01,1.011249926068939686e+01
3.411826610565185547e+00,1.571209575914730650e+00,-7.792621043590677310e-01,-1.585922166546986256e+00,1.892002068873884727e-03,3.865415845747642576e-04,-4.945572622081482756e-04,-2.387743893306065734e-03,-1.700736270090612479e+01,1.011249926068939686e+01
3.427574396133422852e+00,1.571228212921547573e+00,-7.792583030465751737e-01,-1.585927024075880265e+00,1.840598913956603905e-03,3.750060683678727719e-04,-4.787020471118700812e-04,-2.324672911993404256e-03,-1.700746253101991101e+01,1.011248832291643041e+01
3.445086240768432617e+00,1.571246348723223107e+00,-7.792546173235904705e-01,-1.585931723475247912e+00,1.791526269973642716e-03,3.634243149862647140e-04,-4.629187029202893461e-04,-2.205600279660338559e-03,-1.700765062862105736e+01,1.011246740172077097e+01
3.456461906433105469e+00,1.571263995698175986e+00,-7.792510432101916740e-01,-1.585936270396782533e+00,1.742797509735225956e-03,3.526041232237227437e-04,-4.481042965616699198e-04,-2.205600279660345497e-03,-1.700765062862105736e+01,1.011246740172077097e+01
3.464206933975219727e+00,1.571281162619729388e+00,-7.792475754709199398e-01,-1.585940671844395355e+00,1.695382616437072446e-03,3.421129102816403145e-04,-4.337707906781616048e-04,-2.146614253318170074e-03,-1.700774360305688759e+01,1.011245695185224136e+01
3.474463462829589844e+00,1.571297867325450071e+00,-7.792442129020151764e-01,-1.585944930291282251e+00,1.650135949739756948e-03,3.315714433208922715e-04,-4.194935788690602740e-04,-2.035679701476004327e-03,-1.700791821384506264e+01,1.011243706439103285e+01
3.484037876129150391e+00,1.571314121304955069e+00,-7.792409519085579106e-01,-1.585949050818595385e+00,1.605204340384613773e-03,3.217248133207703358e-04,-4.060942985160880068e-04,-2.035679701476007797e-03,-1.700791821384506264e+01,1.011243706439103285e+01
3.497018814086914062e+00,1.571329937380030906e+00,-7.792377896726269126e-01,-1.585953037612066518e+00,1.562346234475743556e-03,3.118221327646319811e-04,-3.927379000598944445e-04,-1.929416742345268360e-03,-1.700808511435506887e+01,1.011241778140519720e+01
3.507109880447387695e+00,1.571345326515339869e+00,-7.792347228528927472e-01,-1.585956895384196041e+00,1.519785237634666344e-03,3.025729173568043190e-04,-3.802033683638951240e-04,-1.929416742345268360e-03,-1.700808511435506887e+01,1.011241778140519720e+01
3.522747516632080078e+00,1.571360300790511921e+00,-7.792317487764924833e-01,-1.585960628080573809e+00,1.479177489422587883e-03,2.932751211339773741e-04,-3.677139186820113041e-04,-1.829416713411292439e-03,-1.700824184049143994e+01,1.011239938943736405e+01
3.535060644149780273e+00,1.571374870536114798e+00,-7.792288642821550981e-01,-1.585964240135269154e+00,1.438849948891238011e-03,2.845919359817927763e-04,-3.559939043154480235e-04,-1.829416713411295692e-03,-1.700824184049143994e+01,1.011239938943736405e+01
3.547024011611938477e+00,1.571389042971565120e+00,-7.792260651426814455e-01,-1.585967737114278853e+00,1.399605831180294893e-03,2.761746083769726218e-04,-3.446565332538217841e-04,-1.780724869656111903e-03,-1.700831799431365710e+01,1.011239035678676679e+01
3.556696653366088867e+00,1.571402832887824896e+00,-7.792233504091723439e-01,-1.585971120961521486e+00,1.362164553855959919e-03,2.677123236356905404e-04,-3.333595978569664931e-04,-1.688430522104770320e-03,-1.700846215510251369e+01,1.011237306077702947e+01
3.567788839340209961e+00,1.571416249810192678e+00,-7.792207171985457981e-01,-1.585974395694365935e+00,1.324980130265878504e-03,2.598110977887566758e-04,-3.227601237099321160e-04,-1.688430522104770320e-03,-1.700846215510251369e+01,1.011237306077702947e+01
3.581302642822265625e+00,1.571429304409838412e+00,-7.792181632729217045e-01,-1.585977564599308387e+00,1.289525801189163323e-03,2.518577928561642650e-04,-3.121876597901296607e-04,-1.599661275165968621e-03,-1.700860055836039209e+01,1.011235624936045951e+01
3.595170497894287109e+00,1.571442005804716935e+00,-7.792156859639167710e-01,-1.585980631389423356e+00,1.254313780010468064e-03,2.444323316296965164e-04,-3.022683064372985642e-04,-1.599661275165972091e-03,-1.700860055836039209e+01,1.011235624936045951e+01
3.608973503112792969e+00,1.571454360328331967e+00,-7.792132816617519664e-01,-1.585983600767056467e+00,1.220055106720071203e-03,2.372314408316338573e-04,-2.926697155752105897e-04,-1.556644880244560658e-03,-1.700866751641624575e+01,1.011234803591124276e+01
3.620340347290039062e+00,1.571466380994210210e+00,-7.792109496007934011e-01,-1.585986474330079776e+00,1.187382526385685538e-03,2.299860456577477140e-04,-2.830992605512947131e-04,-1.475343047922673262e-03,-1.700879395428178498e+01,1.011233235980142808e+01
3.638353586196899414e+00,1.571478076161654691e+00,-7.792086873305618111e-01,-1.585989255461576874e+00,1.154932134725779585e-03,2.232226720508935849e-04,-2.741209875154681456e-04,-1.475343047922676731e-03,-1.700879395428178498e+01,1.011233235980142808e+01
3.650997638702392578e+00,1.571489451714499053e+00,-7.792064915777889844e-01,-1.585991948400075735e+00,1.123369789049195920e-03,2.166601649281679406e-04,-2.654289820298463918e-04,-1.435105074798617708e-03,-1.700885643603627528e+01,1.011232455309014711e+01
3.662399291992187500e+00,1.571500519744547075e+00,-7.792043616889073876e-01,-1.585994554545528068e+00,1.093279377668042625e-03,2.100521678629952739e-04,-2.567573433292912478e-04,-1.359562796956571840e-03,-1.700897367340585120e+01,1.011230975175682545e+01
3.675952196121215820e+00,1.571511287996128825e+00,-7.792022954475369412e-01,-1.585997076942681439e+00,1.063392741625939289e-03,2.038844287693343700e-04,-2.486227178466555911e-04,-1.359562796956575309e-03,-1.700897367340585120e+01,1.011230975175682545e+01
3.686253309249877930e+00,1.571521761899864034e+00,-7.792002898725733928e-01,-1.585999519426357640e+00,1.034326810254559536e-03,1.978985959581458509e-04,-2.407460836148973566e-04,-1.322310767132160031e-03,-1.700903141224375048e+01,1.011230240710509243e+01
3.697223186492919922e+00,1.571531952624205530e+00,-7.791983443854461067e-01,-1.586001883247766031e+00,1.006620027851411886e-03,1.918691475745457932e-04,-2.328859020164378377e-04,-1.252521998468352632e-03,-1.700913953980603921e+01,1.011228851201731160e+01
3.713709115982055664e+00,1.571541867313190233e+00,-7.791964569708423882e-01,-1.586004171159149490e+00,9.791001532044394783e-04,1.862418604056947924e-04,-2.255127451124628105e-04,-1.252521998468345693e-03,-1.700913953980603921e+01,1.011228851201731160e+01
3.727818250656127930e+00,1.571551513930719679e+00,-7.791946260674984526e-01,-1.586006385412962461e+00,9.528753607373042318e-04,1.805694553863200144e-04,-2.181507298961648470e-04,-1.185941600180692723e-03,-1.700924259231558011e+01,1.011227512294988884e+01
3.741091251373291016e+00,1.571560902232868928e+00,-7.791928509486945043e-01,-1.586008527354762832e+00,9.273647926645588483e-04,1.750661148203365956e-04,-2.110242841507304831e-04,-1.153793368433585903e-03,-1.700929229098535345e+01,1.011226860890152857e+01
3.753482818603515625e+00,1.571570036375195656e+00,-7.791911288358549514e-01,-1.586010600470918464e+00,9.020254530671283945e-04,1.699297281154521326e-04,-2.043390905269351198e-04,-1.153793368433585903e-03,-1.700929229098535345e+01,1.011226860890152857e+01
3.763562440872192383e+00,1.571578920830530413e+00,-7.791894572028275068e-01,-1.586012607959165210e+00,8.773592974408815767e-04,1.649524899397835156e-04,-1.978743832522420181e-04,-1.123501586573122379e-03,-1.700933912828085681e+01,1.011226242538811881e+01
3.775826215744018555e+00,1.571587559517828581e+00,-7.791878334321975519e-01,-1.586014553086595669e+00,8.528549281156944366e-04,1.603210118735686959e-04,-1.918233940351227098e-04,-1.123501586573118910e-03,-1.700933912828085681e+01,1.011226242538811881e+01
3.784967184066772461e+00,1.571595959387090069e+00,-7.791862561904598916e-01,-1.586016437756335495e+00,8.294818455899849365e-04,1.556491433982740494e-04,-1.857799980301312603e-04,-1.065327692091874723e-03,-1.700942892028949771e+01,1.011225045566154179e+01
3.796062707901000977e+00,1.571604131798347348e+00,-7.791847259495361389e-01,-1.586018261965280951e+00,8.072486143812521381e-04,1.509245029231195794e-04,-1.797298254163531058e-04,-1.006430052030111988e-03,-1.700951962416465690e+01,1.011223827514669971e+01
3.806061744689941406e+00,1.571612082698418567e+00,-7.791832412070927028e-01,-1.586020027749165395e+00,7.851640342180811472e-04,1.465162317316193175e-04,-1.740553880478464596e-04,-1.006430052030111988e-03,-1.700951962416465690e+01,1.011223827514669971e+01
3.816147089004516602e+00,1.571619818632912668e+00,-7.791818008017241670e-01,-1.586021736776131119e+00,7.641479597439830313e-04,1.420603205476945671e-04,-1.683768885009646714e-04,-9.512599326735247636e-04,-1.700960466155643402e+01,1.011222675481386091e+01
3.825426101684570312e+00,1.571627345181649149e+00,-7.791804033101519256e-01,-1.586023390963447133e+00,7.432721821514712149e-04,1.379022040622719311e-04,-1.630503610446894583e-04,-9.512599326735281247e-04,-1.700960466155643402e+01,1.011222675481386091e+01
3.835896492004394531e+00,1.571634668389014111e+00,-7.791790475873701105e-01,-1.586024991930549355e+00,7.233806136786862396e-04,1.337086620028372745e-04,-1.577303560196874951e-04,-9.006379775996081749e-04,-1.700968268569525677e+01,1.011221605611462770e+01
3.852950334548950195e+00,1.571641793412072996e+00,-7.791777322513883108e-01,-1.586026541519790722e+00,7.036214476322446166e-04,1.297954134526881423e-04,-1.527400402619276398e-04,-9.006379775996047055e-04,-1.700968268569525677e+01,1.011221605611462770e+01
3.863436222076416016e+00,1.571648725919712053e+00,-7.791764562072137634e-01,-1.586028041267767641e+00,6.847846762014392656e-04,1.258519632054422299e-04,-1.477594136189989884e-04,-8.532651739488923692e-04,-1.700975563204850971e+01,1.011220593645043309e+01
3.874550580978393555e+00,1.571655470749873995e+00,-7.791752181398930999e-01,-1.586029492916329886e+00,6.660728598206296005e-04,1.221723420535168400e-04,-1.430876090280743581e-04,-8.532651739488922608e-04,-1.700975563204850971e+01,1.011220593645043309e+01
3.885976076126098633e+00,1.571662031253419078e+00,-7.791740162575196971e-01,-1.586030898679569257e+00,6.478680820984085952e-04,1.186027209884505697e-04,-1.385657662116290822e-04,-8.302641488272879955e-04,-1.700979099751461376e+01,1.011220099128130911e+01
3.892836809158325195e+00,1.571668410361317880e+00,-7.791728486979024870e-01,-1.586032260824630447e+00,6.297813842092392323e-04,1.152817361469295025e-04,-1.343335041704999885e-04,-8.302641488272913565e-04,-1.700979099751461376e+01,1.011220099128131089e+01
3.904631614685058594e+00,1.571674613249169905e+00,-7.791717145276695344e-01,-1.586033580660105358e+00,6.125391085179352499e-04,1.119270597979686067e-04,-1.301022842754644918e-04,-7.867602349946427320e-04,-1.700985783291115894e+01,1.011219156476435543e+01
3.914627790451049805e+00,1.571680648358873000e+00,-7.791706141189960189e-01,-1.586034858155515925e+00,5.961408240835189753e-04,1.085322694016534889e-04,-1.258646696560329365e-04,-7.431245765207767110e-04,-1.700992473332564003e+01,1.011218206286754828e+01
3.927715301513671875e+00,1.571686520085063155e+00,-7.791695464011196837e-01,-1.586036094728390244e+00,5.798510384965012768e-04,1.053650126480584412e-04,-1.218900594256850083e-04,-7.431245765207768195e-04,-1.700992473332564003e+01,1.011218206286754651e+01
3.940024614334106445e+00,1.571692233251714477e+00,-7.791685105439942749e-01,-1.586037291544242889e+00,5.643495807394020023e-04,1.021625401100350813e-04,-1.179122166318324460e-04,-7.024186581256821075e-04,-1.700998719764166012e+01,1.011217311677210517e+01
3.951444149017333984e+00,1.571697791969434821e+00,-7.791675055282299978e-01,-1.586038449943333539e+00,5.489505225795810427e-04,9.917425181190037478e-05,-1.141807401326033929e-04,-7.024186581256822159e-04,-1.700998719764166012e+01,1.011217311677210517e+01
3.964495182037353516e+00,1.571703199024344855e+00,-7.791665299115434484e-01,-1.586039571679703331e+00,5.339742724773582699e-04,9.627300272329166256e-05,-1.105666649967253137e-04,-6.831507787962744216e-04,-1.701001675294155646e+01,1.011216884940775707e+01
3.978375673294067383e+00,1.571708460170917476e+00,-7.791655834299360261e-01,-1.586040657318158020e+00,5.196983594904256787e-04,9.334854962755835192e-05,-1.069592457488756799e-04,-6.471785628715462368e-04,-1.701007191845355493e+01,1.011216081366118935e+01
3.990400314331054688e+00,1.571713579077253842e+00,-7.791646651115587963e-01,-1.586041708117439386e+00,5.055163824649822274e-04,9.061980825941654341e-05,-1.035752788395081884e-04,-6.471785628715463453e-04,-1.701007191845355493e+01,1.011216081366118935e+01
3.999648571014404297e+00,1.571718559831120965e+00,-7.791637742042298864e-01,-1.586042725109369389e+00,4.920007913517028411e-04,8.786772678469985040e-05,-1.001961273612134683e-04,-6.129205334181182492e-04,-1.701012439112371410e+01,1.011215309824667230e+01
4.010844707489013672e+00,1.571723405918773686e+00,-7.791629097998824527e-01,-1.586043709466613105e+00,4.785738506963290676e-04,8.529986981609810615e-05,-9.702628125158089221e-05,-6.129205334181215018e-04,-1.701012439112371410e+01,1.011215309824667052e+01
4.021571159362792969e+00,1.571728119740518181e+00,-7.791620706499006177e-01,-1.586044662688530948e+00,4.655108165797107846e-04,8.280834592697822183e-05,-9.395784512981203429e-05,-5.963845238498091672e-04,-1.701014968167674368e+01,1.011214935209664212e+01
4.034633398056030273e+00,1.571732703394561170e+00,-7.791612554560917170e-01,-1.586045586310619759e+00,4.525315512169330950e-04,8.049044185157346043e-05,-9.108566489651834935e-05,-5.963845238498125282e-04,-1.701014968167674368e+01,1.011214935209664212e+01
4.044159173965454102e+00,1.571737160588451587e+00,-7.791604635685644986e-01,-1.586046481220590332e+00,4.401578580908669649e-04,7.814867097108652363e-05,-8.821434487398102306e-05,-5.651939946879138170e-04,-1.701019734269038963e+01,1.011214223548283364e+01
4.056905269622802734e+00,1.571741494483211321e+00,-7.791596941936442811e-01,-1.586047348435487336e+00,4.278634375693623148e-04,7.597075376319928353e-05,-8.552726703546140695e-05,-5.651939946879138170e-04,-1.701019734269038963e+01,1.011214223548283009e+01
4.065104007720947266e+00,1.571745708749533454e+00,-7.791589467733731622e-01,-1.586048188732050779e+00,4.161715656786022779e-04,7.376024215264512934e-05,-8.283069877928865565e-05,-5.339493012744002095e-04,-1.701024497828702309e+01,1.011213507660279554e+01
4.077564954757690430e+00,1.571749809331772330e+00,-7.791582216318008181e-01,-1.586049002014970677e+00,4.050674841749431969e-04,7.151747034970243680e-05,-8.012456339179805168e-05,-5.034561717321729690e-04,-1.701029146169990725e+01,1.011212805116497293e+01
4.085639476776123047e+00,1.571753799275532160e+00,-7.791575180894438901e-01,-1.586049789161342982e+00,3.940362374952681413e-04,6.942465398480750227e-05,-7.758575221117423176e-05,-5.034561717321696080e-04,-1.701029146169990725e+01,1.011212805116497471e+01
4.095696449279785156e+00,1.571757681861191802e+00,-7.791568356066069789e-01,-1.586050550907782908e+00,3.835418398621265063e-04,6.730729307778465439e-05,-7.504399546674409005e-05,-4.757217669994032476e-04,-1.701033381935935296e+01,1.011212159488869844e+01
4.106636762619018555e+00,1.571761459882490275e+00,-7.791561735176234516e-01,-1.586051288102757972e+00,3.731161628093940014e-04,6.533106259188226766e-05,-7.265893956881789781e-05,-4.757217669993997781e-04,-1.701033381935935296e+01,1.011212159488869844e+01
4.116416215896606445e+00,1.571765136335165680e+00,-7.791555312780364950e-01,-1.586052001473896578e+00,3.631789482760065173e-04,6.333837357113585378e-05,-7.027799532680913640e-05,-4.506270201233771337e-04,-1.701037215106596179e+01,1.011211568635937574e+01
4.126400947570800781e+00,1.571768713773825210e+00,-7.791549082315496477e-01,-1.586052691846620233e+00,3.533065647162091875e-04,6.147849542285140773e-05,-6.804378712940836391e-05,-4.506270201233704116e-04,-1.701037215106596179e+01,1.011211568635937574e+01
4.135674953460693359e+00,1.571772194998230177e+00,-7.791543038533329524e-01,-1.586053359915519101e+00,3.438901936305660241e-04,5.960539634829783301e-05,-6.581583548334406751e-05,-4.272510841944431037e-04,-1.701040780428945354e+01,1.011211013263573477e+01
4.145753622055053711e+00,1.571775582396789606e+00,-7.791537175155551775e-01,-1.586054006464364230e+00,3.345349854200804882e-04,5.785728299890395901e-05,-6.372529108292809656e-05,-4.272510841944432121e-04,-1.701040780428945354e+01,1.011211013263573477e+01
4.156269788742065430e+00,1.571778878613310448e+00,-7.791531487213452234e-01,-1.586054632146934651e+00,3.256104351330639610e-04,5.609726669339671137e-05,-6.164121412329686724e-05,-4.051899371489835503e-04,-1.701044137408440449e+01,1.011210485233813117e+01
4.166173696517944336e+00,1.571782085903100201e+00,-7.791525968773824751e-01,-1.586055237699959264e+00,3.167435916710093597e-04,5.445488214857923184e-05,-5.968581743043244701e-05,-4.051899371489871282e-04,-1.701044137408440449e+01,1.011210485233813294e+01
4.175262451171875000e+00,1.571785206773434140e+00,-7.791520615166975805e-01,-1.586055823735205372e+00,3.082854094831975604e-04,5.280117372229468573e-05,-5.773638865640379030e-05,-3.842563317439094987e-04,-1.701047314529063215e+01,1.011209980931182351e+01
4.185678958892822266e+00,1.571788243362732596e+00,-7.791515420813616144e-01,-1.586056390942269578e+00,2.998816786767459844e-04,5.125818744425823803e-05,-5.590747780937215146e-05,-3.842563317439094987e-04,-1.701047314529063215e+01,1.011209980931182351e+01
4.196533918380737305e+00,1.571791198052480576e+00,-7.791510381337646285e-01,-1.586056939892280804e+00,2.918664012356869827e-04,4.970419155077288043e-05,-5.408382294051728920e-05,-3.643534085544520825e-04,-1.701050327426982278e+01,1.011209498560637599e+01
4.205776929855346680e+00,1.571794072873299308e+00,-7.791505491502658254e-01,-1.586057471229648907e+00,2.839025086201504388e-04,4.825442546666945318e-05,-5.237305155899457665e-05,-3.643534085544589129e-04,-1.701050327426982278e+01,1.011209498560637599e+01
4.216296672821044922e+00,1.571796870087996734e+00,-7.791500747211664857e-01,-1.586057985487151267e+00,2.763080004092989626e-04,4.679388590079743351e-05,-5.066680812288847785e-05,-3.454214927210708108e-04,-1.701053186390391048e+01,1.011209037047605008e+01
4.226186275482177734e+00,1.571799591625496761e+00,-7.791496143553144904e-01,-1.586058483266649777e+00,2.687619880072769142e-04,4.543147502801591145e-05,-4.906630663299867655e-05,-3.454214927210674498e-04,-1.701053186390391048e+01,1.011209037047605008e+01
4.239326477050781250e+00,1.571802239635542664e+00,-7.791491676692050561e-01,-1.586058965065094695e+00,2.615671661136010490e-04,4.405851904452050272e-05,-4.746966078481560693e-05,-3.274158976282123823e-04,-1.701055899441390196e+01,1.011208595593984150e+01
4.251218557357788086e+00,1.571804815950214929e+00,-7.791487342021934381e-01,-1.586059431444579948e+00,2.544181177965152882e-04,4.277795726778969507e-05,-4.597207539056773033e-05,-3.274158976282158517e-04,-1.701055899441390196e+01,1.011208595593984150e+01
4.260707378387451172e+00,1.571807321837500382e+00,-7.791483133280315831e-01,-1.586059883115819025e+00,2.474621714283103458e-04,4.153568405880275413e-05,-4.452268429126380808e-05,-3.186218453110171989e-04,-1.701057221919604956e+01,1.011208379239709565e+01
4.272153377532958984e+00,1.571809758404245638e+00,-7.791479043954514516e-01,-1.586060320806524926e+00,2.405494869801029208e-04,4.038051591043244695e-05,-4.316619489404911400e-05,-3.186218453110137294e-04,-1.701057221919604601e+01,1.011208379239709565e+01
4.283494472503662109e+00,1.571812127627673306e+00,-7.791475070813075332e-01,-1.586060744936020450e+00,2.339609067732140136e-04,3.921284544864929791e-05,-4.180995024853661514e-05,-3.019400113176868043e-04,-1.701059728135818006e+01,1.011207966706956718e+01
4.293945074081420898e+00,1.571814432750917367e+00,-7.791471215237697479e-01,-1.586061155492665353e+00,2.276968080110949866e-04,3.803027805189367061e-05,-4.045138866455924576e-05,-2.851798450352812124e-04,-1.701062240664941072e+01,1.011207551180055297e+01
4.304358005523681641e+00,1.571816675452806678e+00,-7.791467473512705411e-01,-1.586061552930132290e+00,2.214724705357209110e-04,3.692746694242826644e-05,-3.917722161532878437e-05,-2.851798450352813208e-04,-1.701062240664941072e+01,1.011207551180055297e+01
4.315647125244140625e+00,1.571818856124810315e+00,-7.791463837791001712e-01,-1.586061938077581113e+00,2.152867896685057680e-04,3.590209987846919304e-05,-3.798478672218936862e-05,-2.851798450352813208e-04,-1.701062240664941072e+01,1.011207551180055120e+01
4.324799299240112305e+00,1.571820976602926745e+00,-7.791460305431875399e-01,-1.586062311281665638e+00,2.094033031715388860e-04,3.486139225568731306e-05,-3.678852042964713201e-05,-2.695355532931141248e-04,-1.701064588234798691e+01,1.011207160585719933e+01
4.343344926834106445e+00,1.571823039844476799e+00,-7.791456877869619158e-01,-1.586062672512687843e+00,2.038102581619982505e-04,3.380715346075566924e-05,-3.558998827303387104e-05,-2.545284315178288070e-04,-1.701066838510347168e+01,1.011206783739955384e+01
4.353327989578247070e+00,1.571825047351800952e+00,-7.791453551813998235e-01,-1.586063022168697545e+00,1.982527361398074214e-04,3.282381695676132166e-05,-3.446569389690089247e-05,-2.545284315178288070e-04,-1.701066838510347168e+01,1.011206783739955561e+01
4.364590167999267578e+00,1.571827000149999876e+00,-7.791450322594289934e-01,-1.586063360769664365e+00,1.928525393723496567e-04,3.186740711627784883e-05,-3.337521650417958619e-05,-2.472675077724097474e-04,-1.701067927995372386e+01,1.011206600582451109e+01
4.379294872283935547e+00,1.571828900362123527e+00,-7.791447189520916972e-01,-1.586063688471975208e+00,1.877096318265495094e-04,3.090150695608329459e-05,-3.228551014206482855e-05,-2.340340480386193225e-04,-1.701069915525636134e+01,1.011206264041321568e+01
4.391812086105346680e+00,1.571830749325183518e+00,-7.791444149456859813e-01,-1.586064005649385988e+00,1.825993118915692978e-04,3.000041693020094602e-05,-3.126313907123815655e-05,-2.340340480386260988e-04,-1.701069915525636134e+01,1.011206264041321568e+01
4.405295610427856445e+00,1.571832548514252803e+00,-7.791441199949232788e-01,-1.586064312611862537e+00,1.777305284966490800e-04,2.909090727798956111e-05,-3.024204370594900208e-05,-2.216226161806493511e-04,-1.701071778701773241e+01,1.011205946167568825e+01
4.416554450988769531e+00,1.571834299739652385e+00,-7.791438339896754606e-01,-1.586064609544699078e+00,1.729932746761179800e-04,2.820831256074339891e-05,-2.925359990124014667e-05,-2.156651610826300933e-04,-1.701072671873328446e+01,1.011205792889861499e+01
4.425525903701782227e+00,1.571836003757415723e+00,-7.791435564835023087e-01,-1.586064896930265533e+00,1.682858728983043710e-04,2.738488101934220473e-05,-2.832615936524730295e-05,-2.156651610826267051e-04,-1.701072671873328446e+01,1.011205792889861499e+01
4.437219619750976562e+00,1.571837661880673087e+00,-7.791432872379561170e-01,-1.586065175063340327e+00,1.637928017215797014e-04,2.655640586198991168e-05,-2.740241336961213303e-05,-2.047123025036671226e-04,-1.701074313179760367e+01,1.011205509180405926e+01
4.446052551269531250e+00,1.571839275228827493e+00,-7.791430259694301919e-01,-1.586065444274752823e+00,1.593279006448694623e-04,2.578363017364734833e-05,-2.653580482528936947e-05,-2.047123025036603464e-04,-1.701074313179760367e+01,1.011205509180405748e+01
4.456696510314941406e+00,1.571840845060987535e+00,-7.791427724579790270e-01,-1.586065704836492118e+00,1.550688839230697350e-04,2.500528013062251059e-05,-2.567190939059570999e-05,-1.941735634888448173e-04,-1.701075887630688399e+01,1.011205235059115637e+01
4.469305753707885742e+00,1.571842372449843150e+00,-7.791425264402688233e-01,-1.586065957055100117e+00,1.508364542746354093e-04,2.427937711377281538e-05,-2.486153790105848430e-05,-1.941735634888482054e-04,-1.701075887630688399e+01,1.011205235059115637e+01
4.480938911437988281e+00,1.571843858596689181e+00,-7.791422877118198143e-01,-1.586066201182944946e+00,1.468006922292388727e-04,2.354774842516175332e-05,-2.405326787052958562e-05,-1.840973272984949025e-04,-1.701077389149284613e+01,1.011204971882075121e+01
4.494491100311279297e+00,1.571845304524539966e+00,-7.791420560267858786e-01,-1.586066437505231574e+00,1.427900261917912827e-04,2.286551051830076203e-05,-2.329514214063845186e-05,-1.840973272984915957e-04,-1.701077389149284613e+01,1.011204971882075121e+01
4.506065607070922852e+00,1.571846710940627556e+00,-7.791418310508642087e-01,-1.586066666381876322e+00,1.388874202415925829e-04,2.220365527550761942e-05,-2.256144025239263662e-05,-1.791660852224485900e-04,-1.701078122410136473e+01,1.011204842779557467e+01
4.516348838806152344e+00,1.571848079335835591e+00,-7.791416127231547417e-01,-1.586066887931377289e+00,1.351674719120482321e-04,2.153619837660675912e-05,-2.182930442322763079e-05,-1.698014963427696422e-04,-1.701079513388989994e+01,1.011204596600612682e+01
4.525707006454467773e+00,1.571849410658791024e+00,-7.791414008204489150e-01,-1.586067102410998020e+00,1.314705570186801092e-04,2.091391424549182004e-05,-2.114266974372579211e-05,-1.698014963427696422e-04,-1.701079513388989994e+01,1.011204596600612682e+01
4.535847663879394531e+00,1.571850705977809515e+00,-7.791411951730363716e-01,-1.586067310029423805e+00,1.279490387270711149e-04,2.028553310347725597e-05,-2.045675694733388277e-05,-1.607914895106129247e-04,-1.701080849634576708e+01,1.011204358818928206e+01
4.546386480331420898e+00,1.571851966201765372e+00,-7.791409955743594518e-01,-1.586067511024363386e+00,1.244492666062142652e-04,1.969970214042758919e-05,-1.981348010197145175e-05,-1.607914895106095365e-04,-1.701080849634576708e+01,1.011204358818928206e+01
4.556559324264526367e+00,1.571853192337189231e+00,-7.791408018632045573e-01,-1.586067705592636878e+00,1.211147106787064553e-04,1.910837478120465394e-05,-1.917111168139623741e-05,-1.523109494111704598e-04,-1.701082105812056966e+01,1.011204133857799015e+01
4.568349599838256836e+00,1.571854385240464724e+00,-7.791406138438858875e-01,-1.586067893958035713e+00,1.178006863305919722e-04,1.855712910743241920e-05,-1.856869565624555581e-05,-1.523109494111703785e-04,-1.701082105812056966e+01,1.011204133857799015e+01
4.578593492507934570e+00,1.571855545863638293e+00,-7.791404313644281210e-01,-1.586068076305160002e+00,1.146429654751928264e-04,1.800072673908319557e-05,-1.796716133910074287e-05,-1.442892246817824298e-04,-1.701083292474740460e+01,1.011203920025024772e+01
4.587544202804565430e+00,1.571856675016685134e+00,-7.791402542403901288e-01,-1.586068252843862103e+00,1.115046305610086625e-04,1.748208328390329913e-05,-1.740306660425339907e-05,-1.442892246817858992e-04,-1.701083292474740460e+01,1.011203920025024772e+01
4.598660469055175781e+00,1.571857773601550656e+00,-7.791400823289404975e-01,-1.586068423746888056e+00,1.085144270513039856e-04,1.695852078727059023e-05,-1.683975389663939018e-05,-1.366863161998028986e-04,-1.701084415697167529e+01,1.011203716401856134e+01
4.608434200286865234e+00,1.571858842385493560e+00,-7.791399154565876728e-01,-1.586068589210702706e+00,1.055425289392238416e-04,1.647053162721727471e-05,-1.631152791960036909e-05,-1.366863161998028986e-04,-1.701084415697167529e+01,1.011203716401856312e+01
4.622046232223510742e+00,1.571859882223472393e+00,-7.791397534892430254e-01,-1.586068749396824629e+00,1.027111028704879794e-04,1.597782165917247671e-05,-1.578396709603423036e-05,-1.294753088004509112e-04,-1.701085479659626643e+01,1.011203522387306108e+01
4.632568359375000000e+00,1.571860893842672802e+00,-7.791395962638328898e-01,-1.586068904489077447e+00,9.989696298822935366e-05,1.551862839914127171e-05,-1.528928981470775023e-05,-1.294753088004509112e-04,-1.701085479659626643e+01,1.011203522387306108e+01
4.645316123962402344e+00,1.571861877742433800e+00,-7.791394435554266362e-01,-1.586069054721875871e+00,9.715947251666342014e-05,1.507291629652181969e-05,-1.481033621287273019e-05,-1.259594165426043688e-04,-1.701085997707725994e+01,1.011203427545322597e+01
4.656716585159301758e+00,1.571862834981043511e+00,-7.791392953276482514e-01,-1.586069200168878535e+00,9.455168529197501860e-05,1.462278935065010679e-05,-1.433191289914865878e-05,-1.193000836186495475e-04,-1.701086978520256565e+01,1.011203247148561246e+01
4.666913270950317383e+00,1.571863766229466108e+00,-7.791391514316747813e-01,-1.586069340996640653e+00,9.195977278937705109e-05,1.420333742162879082e-05,-1.388334327822541431e-05,-1.193000836186528543e-04,-1.701086978520256565e+01,1.011203247148561069e+01
4.678561210632324219e+00,1.571864672242602401e+00,-7.791390117551892924e-01,-1.586069477339772549e+00,8.949212843433246756e-05,1.377921307438301213e-05,-1.343482716241093354e-05,-1.129086019760716078e-04,-1.701087919073057009e+01,1.011203073322205803e+01
4.690752029418945312e+00,1.571865553662108894e+00,-7.791388761602566770e-01,-1.586069609352392717e+00,8.703947678637576600e-05,1.338399459923245854e-05,-1.301429314899140398e-05,-1.129086019760681384e-04,-1.701087919073057009e+01,1.011203073322205803e+01
4.704658508300781250e+00,1.571866410925198965e+00,-7.791387444538063756e-01,-1.586069737233219090e+00,8.465405500912242631e-05,1.300023586790679392e-05,-1.260700175213921512e-05,-1.098174992486232460e-04,-1.701088373537326248e+01,1.011202988998774899e+01
4.720262289047241211e+00,1.571867244958552901e+00,-7.791386166063070107e-01,-1.586069861043483353e+00,8.238211470609395966e-05,1.261247153505661370e-05,-1.220001062877734341e-05,-1.039875953605072512e-04,-1.701089230578650913e+01,1.011202829246404988e+01
4.740702390670776367e+00,1.571868056348563192e+00,-7.791384924902791109e-01,-1.586069980924248224e+00,8.012394436081798433e-05,1.225116614664853790e-05,-1.181842563948917735e-05,-1.039875953605038630e-04,-1.701089230578650913e+01,1.011202829246404988e+01
4.754581689834594727e+00,1.571868845500725698e+00,-7.791383719300575272e-01,-1.586070097055052530e+00,7.792823710001440282e-05,1.190015739015518048e-05,-1.144870301435924054e-05,-1.011076983788682917e-04,-1.701089653509386679e+01,1.011202750175504406e+01
4.767102241516113281e+00,1.571869613020732581e+00,-7.791382548214496051e-01,-1.586070209554957922e+00,7.579155115036339196e-05,1.155967152244264870e-05,-1.109092611225009732e-05,-9.840743413316865862e-05,-1.701090050363820083e+01,1.011202675710638133e+01
4.781385660171508789e+00,1.571870359745545231e+00,-7.791381411406081980e-01,-1.586070318475861329e+00,7.375875022206344889e-05,1.121491286905319448e-05,-1.073281309160148585e-05,-9.305506676282951362e-05,-1.701090835921563382e+01,1.011202527865792966e+01
4.798032283782958984e+00,1.571871086210286483e+00,-7.791380307773740910e-01,-1.586070423939133445e+00,7.173824889490475068e-05,1.089368207323740054e-05,-1.039704592675837029e-05,-9.305506676282959493e-05,-1.701090835921563382e+01,1.011202527865792966e+01
4.808483123779296875e+00,1.571871792780185073e+00,-7.791379235763994382e-01,-1.586070526101989842e+00,6.977409212050012487e-05,1.058145141070651607e-05,-1.007158554646760129e-05,-9.045107853190162222e-05,-1.701091218013856832e+01,1.011202455731418937e+01
4.818417549133300781e+00,1.571872480226762736e+00,-7.791378195166790421e-01,-1.586070625010952417e+00,6.790411217500338210e-05,1.026567694471661532e-05,-9.746152523247651051e-06,-8.560730201383551230e-05,-1.701091929110444667e+01,1.011202320846655667e+01
4.828003406524658203e+00,1.571873149035936112e+00,-7.791377184957225532e-01,-1.586070720777712495e+00,6.604542840767789892e-05,9.971439444082363240e-06,-9.441007766562139678e-06,-8.560730201383551230e-05,-1.701091929110444667e+01,1.011202320846655667e+01
4.837084293365478516e+00,1.571873799749849976e+00,-7.791376204355892066e-01,-1.586070813493256182e+00,6.427607533182901046e-05,9.673754633592566987e-06,-9.135809622436326383e-06,-8.101050059421480154e-05,-1.701092603720011098e+01,1.011202192256319599e+01
4.849436283111572266e+00,1.571874432829159840e+00,-7.791375252401817608e-01,-1.586070903261912690e+00,6.251739035960401404e-05,9.396365278537942983e-06,-8.849627124951154125e-06,-8.101050059421480154e-05,-1.701092603720011098e+01,1.011202192256319599e+01
4.859685420989990234e+00,1.571875048781834039e+00,-7.791374328346415412e-01,-1.586070990170224571e+00,6.084233629564601874e-05,9.115983890451394289e-06,-8.563624358963245128e-06,-7.671308267473775171e-05,-1.701093234051054992e+01,1.011202071428255067e+01
4.870762109756469727e+00,1.571875648039617657e+00,-7.791373431272563543e-01,-1.586071074317010554e+00,5.917735708428116330e-05,8.854728057603334507e-06,-8.295444298731663446e-06,-7.671308267474105853e-05,-1.701093234051054992e+01,1.011202071428255067e+01
4.889301061630249023e+00,1.571876231081772435e+00,-7.791372560470828379e-01,-1.586071155783770337e+00,5.759127467924119652e-05,8.590725368081732205e-06,-8.027503158937118743e-06,-7.266093848115606768e-05,-1.701093827813386383e+01,1.011201956996452367e+01
4.900311708450317383e+00,1.571876798500686956e+00,-7.791371715642050333e-01,-1.586071234618226411e+00,5.604834769539523737e-05,8.334410176929780284e-06,-7.768044653353508439e-06,-7.068911822480017566e-05,-1.701094116351650598e+01,1.011201901189589591e+01
4.912452697753906250e+00,1.571877350541373231e+00,-7.791370895478766379e-01,-1.586071310947433366e+00,5.451466129797240961e-05,8.095581181831457140e-06,-7.524750408218058503e-06,-7.068911822480017566e-05,-1.701094116351650598e+01,1.011201901189589591e+01
4.921971321105957031e+00,1.571877887469629753e+00,-7.791370098796832622e-01,-1.586071384887721925e+00,5.302174339749206246e-05,7.863979134746252458e-06,-7.289385779302116550e-06,-6.882599688981180797e-05,-1.701094389066181023e+01,1.011201848270431647e+01
4.932879686355590820e+00,1.571878409516964226e+00,-7.791369324363769389e-01,-1.586071456558171500e+00,5.153756383506150345e-05,7.648876537891171473e-06,-7.069187612624826950e-06,-6.882599688980833852e-05,-1.701094389066181023e+01,1.011201848270431647e+01
4.942739725112915039e+00,1.571878917106024565e+00,-7.791368571582569791e-01,-1.586071526026847867e+00,5.012308079195841766e-05,7.431131285618244875e-06,-6.848958462503211553e-06,-6.524113300732103937e-05,-1.701094912968348893e+01,1.011201746191173356e+01
4.953223466873168945e+00,1.571879410595958593e+00,-7.791367839714726795e-01,-1.586071593371964905e+00,4.871687397774606256e-05,7.228977579785099417e-06,-6.642977679861394175e-06,-6.524113300732442750e-05,-1.701094912968348893e+01,1.011201746191173356e+01
4.963788032531738281e+00,1.571879890409528358e+00,-7.791367128260474617e-01,-1.586071658652081329e+00,4.738076240771516359e-05,7.023155713736708300e-06,-6.435988227406971851e-06,-6.160952707495725988e-05,-1.701095442463894614e+01,1.011201642755054309e+01
4.972922563552856445e+00,1.571880356905275722e+00,-7.791366436574506116e-01,-1.586071721936279211e+00,4.605249047892192118e-05,6.832069646878560776e-06,-6.242386370660128400e-06,-6.160952707495725988e-05,-1.701095442463894614e+01,1.011201642755054309e+01
4.983884096145629883e+00,1.571880810494702629e+00,-7.791365764219470025e-01,-1.586071783276647107e+00,4.479262358719198899e-05,6.636880586657813857e-06,-6.047303613043687395e-06,-5.805179383700995177e-05,-1.701095961263477818e+01,1.011201541160508732e+01
4.992673158645629883e+00,1.571881251526465739e+00,-7.791365110614180134e-01,-1.586071842735688797e+00,4.354018185635996077e-05,6.455617080658102025e-06,-5.864798392943943936e-06,-5.805179383701342122e-05,-1.701095961263477818e+01,1.011201541160508732e+01
5.004255533218383789e+00,1.571881680392287040e+00,-7.791364475355504471e-01,-1.586071900361511355e+00,4.235288789804967063e-05,6.270291088599031643e-06,-5.680750988829377790e-06,-5.465924543055994205e-05,-1.701096456752207331e+01,1.011201443833910929e+01
5.013783454895019531e+00,1.571882097423995983e+00,-7.791363857902723344e-01,-1.586071956212141254e+00,4.117262462599179020e-05,6.098121682497365664e-06,-5.508517284077540238e-06,-5.465924543056671831e-05,-1.701096456752207331e+01,1.011201443833910929e+01
5.023623466491699219e+00,1.571882502990468167e+00,-7.791363257873954451e-01,-1.586072010332905791e+00,4.005367782573089142e-05,5.922132588854177315e-06,-5.334860729317532010e-06,-5.146603045992625969e-05,-1.701096924199713811e+01,1.011201351684966632e+01
5.038768291473388672e+00,1.571882897684244718e+00,-7.791362675614654787e-01,-1.586072062712488684e+00,3.899229711917036757e-05,5.742986568040790024e-06,-5.160310517017411072e-06,-4.847896291957851100e-05,-1.701097362549255720e+01,1.011201264921469267e+01
5.053967952728271484e+00,1.571883281799898890e+00,-7.791362110604185265e-01,-1.586072113405872175e+00,3.793737641073225417e-05,5.575891004370395893e-06,-4.996489769565131897e-06,-4.847896291957842969e-05,-1.701097362549255720e+01,1.011201264921469267e+01
5.066565752029418945e+00,1.571883655531820301e+00,-7.791361562058565227e-01,-1.586072162487780712e+00,3.691251499452874018e-05,5.413192822068327303e-06,-4.837479094842297642e-06,-4.708259449041221427e-05,-1.701097567933576826e+01,1.011201224119797004e+01
5.077769756317138672e+00,1.571884019282475231e+00,-7.791361029873495880e-01,-1.586072209980859737e+00,3.593623544039580638e-05,5.248793466550941839e-06,-4.678651045337579861e-06,-4.458665605127859282e-05,-1.701097935712072839e+01,1.011201150608294874e+01
5.090652704238891602e+00,1.571884373303049198e+00,-7.791360513519860476e-01,-1.586072255939416920e+00,3.496587809097669508e-05,5.095407849191584820e-06,-4.529549266392863399e-06,-4.458665605128198095e-05,-1.701097935712072839e+01,1.011201150608294697e+01
5.104777336120605469e+00,1.571884717868681003e+00,-7.791360012577766003e-01,-1.586072300409240521e+00,3.404070119109235096e-05,4.940646843175529324e-06,-4.380816220956283702e-06,-4.227084471927758575e-05,-1.701098276675537591e+01,1.011201082035043797e+01
5.118584394454956055e+00,1.571885053213399663e+00,-7.791359526538981228e-01,-1.586072343442064492e+00,3.312110996165818400e-05,4.796253128122249243e-06,-4.241189224134288629e-06,-4.227084471928105520e-05,-1.701098276675537591e+01,1.011201082035043797e+01
5.129218816757202148e+00,1.571885379496089863e+00,-7.791359054699545927e-01,-1.586072385103771243e+00,3.222583795996896165e-05,4.656178765851098217e-06,-4.106092603078882394e-06,-4.116199844095280724e-05,-1.701098439591742917e+01,1.011201049121453543e+01
5.140824317932128906e+00,1.571885697050967590e+00,-7.791358596919345514e-01,-1.586072425417804466e+00,3.137143501059286353e-05,4.515118379571411017e-06,-3.971552476731863776e-06,-3.907417644461938511e-05,-1.701098745738250173e+01,1.011200986978804295e+01
5.153149366378784180e+00,1.571886006090098320e+00,-7.791358152721723496e-01,-1.586072464432056295e+00,3.052215202832625149e-05,4.383532573551830042e-06,-3.845266219407129579e-06,-3.907417644461930379e-05,-1.701098745738250173e+01,1.011200986978804295e+01
5.163299083709716797e+00,1.571886306760877039e+00,-7.791357721465345110e-01,-1.586072502206089974e+00,2.969547999929622996e-05,4.255857565401820891e-06,-3.723058278293830264e-06,-3.804084969246876446e-05,-1.701098896799205562e+01,1.011200956223022018e+01
5.175355672836303711e+00,1.571886599191643086e+00,-7.791357302483150615e-01,-1.586072538800797904e+00,2.887364378535517775e-05,4.137113229087541894e-06,-3.608586819876758930e-06,-3.804084969246868315e-05,-1.701098896799205562e+01,1.011200956223022018e+01
5.184618234634399414e+00,1.571886883612636288e+00,-7.791356895439957020e-01,-1.586072574252171519e+00,2.808971321245942287e-05,4.017157367867257856e-06,-3.494330582618290770e-06,-3.609685624254141607e-05,-1.701099180423017998e+01,1.011200898229699696e+01
5.194012403488159180e+00,1.571887160402879680e+00,-7.791356500467545576e-01,-1.586072608561356123e+00,2.734368192122699085e-05,3.895796328694679095e-06,-3.380106568382900550e-06,-3.414810432425868987e-05,-1.701099463641054399e+01,1.011200840145073343e+01
5.205307722091674805e+00,1.571887429757337529e+00,-7.791356117179570884e-01,-1.586072641767114044e+00,2.660209078294207728e-05,3.782610575097343497e-06,-3.272905078789819719e-06,-3.414810432425538305e-05,-1.701099463641054399e+01,1.011200840145073521e+01
5.215642929077148438e+00,1.571887691891153072e+00,-7.791355745275881928e-01,-1.586072673901593566e+00,2.589598432326262331e-05,3.668194240125793870e-06,-3.165804029201793254e-06,-3.232585256034495313e-05,-1.701099728291933388e+01,1.011200785651599432e+01
5.225150346755981445e+00,1.571887946987043705e+00,-7.791355384388539695e-01,-1.586072705001411620e+00,2.519406671315280026e-05,3.561475677583709337e-06,-3.065279474110749539e-06,-3.232585256034842258e-05,-1.701099728291933388e+01,1.011200785651599432e+01
5.235105991363525391e+00,1.571888195243905662e+00,-7.791355034221219000e-01,-1.586072735097740605e+00,2.452488544214606061e-05,3.453847601070109824e-06,-2.965042988896035570e-06,-3.065085558906144509e-05,-1.701099971186637916e+01,1.011200735367016712e+01
5.245373010635375977e+00,1.571888436830784164e+00,-7.791354694416263715e-01,-1.586072764225744613e+00,2.385965584279942390e-05,3.353467587066064765e-06,-2.870965198058499784e-06,-3.065085558906152641e-05,-1.701099971186637916e+01,1.011200735367016712e+01
5.255364656448364258e+00,1.571888671934754678e+00,-7.791354364690646905e-01,-1.586072792414932708e+00,2.322520730801527268e-05,3.252304358950398183e-06,-2.777214864060385813e-06,-2.907791736983183855e-05,-1.701100198740683922e+01,1.011200688023693139e+01
5.266307592391967773e+00,1.571888900714834447e+00,-7.791354044704271731e-01,-1.586072819698496783e+00,2.259448698126907901e-05,3.157966339368926956e-06,-2.689232379976752921e-06,-2.907791736983522668e-05,-1.701100198740683922e+01,1.011200688023693139e+01
5.276277780532836914e+00,1.571889123348287010e+00,-7.791353734190340496e-01,-1.586072846104094713e+00,2.199294653077502580e-05,3.062895936312409056e-06,-2.601560440292343540e-06,-2.758717099665678103e-05,-1.701100413818326018e+01,1.011200643071174454e+01
5.285651922225952148e+00,1.571889339985767187e+00,-7.791353432828332926e-01,-1.586072871662831840e+00,2.139492386334309216e-05,2.974253342180772919e-06,-2.519290875921094755e-06,-2.758717099665686234e-05,-1.701100413818326018e+01,1.011200643071174454e+01
5.296318531036376953e+00,1.571889550795720458e+00,-7.791353140368062480e-01,-1.586072896400526178e+00,2.082464994768147917e-05,2.884901327499054396e-06,-2.437296247758411263e-06,-2.616928950453797724e-05,-1.701100617827770378e+01,1.011200600249404324e+01
5.308166027069091797e+00,1.571889755921272336e+00,-7.791352856508511060e-01,-1.586072920346244475e+00,2.025769568290638903e-05,2.801603664361312224e-06,-2.360362254853146796e-06,-2.616928950454128406e-05,-1.701100617827770378e+01,1.011200600249404324e+01
5.318726778030395508e+00,1.571889955522622007e+00,-7.791352581015527079e-01,-1.586072943524050816e+00,1.971715303111227873e-05,2.717610529965729799e-06,-2.283663993619261534e-06,-2.481927794566185508e-05,-1.701100811578590566e+01,1.011200559415422617e+01
5.333730459213256836e+00,1.571890149735851727e+00,-7.791352313606770830e-01,-1.586072965961077719e+00,1.917974345010517629e-05,2.639320743023747251e-06,-2.211706780117514773e-06,-2.481927794566540584e-05,-1.701100811578590566e+01,1.011200559415422617e+01
5.346069335937500000e+00,1.571890338713316737e+00,-7.791352054063211963e-01,-1.586072987679748358e+00,1.866747175337031171e-05,2.560347664986618865e-06,-2.139948230408866489e-06,-2.353387390320254928e-05,-1.701100995634027413e+01,1.011200520472905140e+01
5.357506513595581055e+00,1.571890522643837551e+00,-7.791351802286535788e-01,-1.586073008693669184e+00,1.816896384367396066e-05,2.483721477914910269e-06,-2.070501392549507422e-06,-2.290554102910005913e-05,-1.701101085420989278e+01,1.011200501426870169e+01
5.367825031280517578e+00,1.571890701605139995e+00,-7.791351557884504953e-01,-1.586073029036874305e+00,1.767332736254286743e-05,2.412307889404323447e-06,-2.005352251839044586e-06,-2.290554102908981342e-05,-1.701101085420989278e+01,1.011200501426870169e+01
5.379929542541503906e+00,1.571890875735772353e+00,-7.791351320652130097e-01,-1.586073048730049839e+00,1.720053235312101543e-05,2.340357250388107324e-06,-1.940448598886307732e-06,-2.173991883580591949e-05,-1.701101251914959178e+01,1.011200465976921414e+01
5.392721414566040039e+00,1.571891045153427813e+00,-7.791351090343469066e-01,-1.586073067796446745e+00,1.673044810441731191e-05,2.273318397422261633e-06,-1.879572177529301516e-06,-2.173991883580583817e-05,-1.701101251914959178e+01,1.011200465976921414e+01
5.404822587966918945e+00,1.571891209939467959e+00,-7.791350866626808314e-01,-1.586073086265049836e+00,1.627293948255351607e-05,2.208293035901170986e-06,-1.820671706287630212e-06,-2.116253920258345995e-05,-1.701101334175937296e+01,1.011200448420782472e+01
5.417591094970703125e+00,1.571891370164574919e+00,-7.791350649156693065e-01,-1.586073104165525383e+00,1.581799360495551594e-05,2.147902356979154714e-06,-1.765549371941527862e-06,-2.116253920258007182e-05,-1.701101334175937296e+01,1.011200448420782649e+01
5.431368827819824219e+00,1.571891525958494018e+00,-7.791350437765489634e-01,-1.586073121514949502e+00,1.538454132626889911e-05,2.086768089003959714e-06,-1.710441132570612519e-06,-2.005936268737601447e-05,-1.701101491187766257e+01,1.011200414816196336e+01
5.443022012710571289e+00,1.571891677536801923e+00,-7.791350232535723119e-01,-1.586073138312780628e+00,1.497269897665463737e-05,2.024741542533750605e-06,-1.655222810498712879e-06,-1.894628326334210828e-05,-1.701101649248901637e+01,1.011200380928988096e+01
5.455130577087402344e+00,1.571891825009703147e+00,-7.791350033273846121e-01,-1.586073154577407829e+00,1.456321315673139054e-05,1.966964537949891095e-06,-1.603438596375125064e-06,-1.894628326334210828e-05,-1.701101649248901637e+01,1.011200380928988096e+01
5.465909242630004883e+00,1.571891968451757826e+00,-7.791349839702793600e-01,-1.586073170332809479e+00,1.416535616373103290e-05,1.910749232194881159e-06,-1.553205100897261243e-06,-1.840442296001395888e-05,-1.701101726228504774e+01,1.011200364400422735e+01
5.478262424468994141e+00,1.571892108021524903e+00,-7.791349651790351327e-01,-1.586073185585930911e+00,1.378681361884325765e-05,1.853841997817400056e-06,-1.502965882797368397e-06,-1.741242542149107342e-05,-1.701101867350997665e+01,1.011200333991168421e+01
5.490555763244628906e+00,1.571892243817817558e+00,-7.791349469353676671e-01,-1.586073200353889989e+00,1.341043474162611669e-05,1.800825699414376063e-06,-1.455844255294179435e-06,-1.741242542148768529e-05,-1.701101867350997665e+01,1.011200333991168421e+01
5.500127553939819336e+00,1.571892375950251886e+00,-7.791349292252555125e-01,-1.586073214650776775e+00,1.305221598960316584e-05,1.747175833676471723e-06,-1.408734105120060254e-06,-1.648015121524437827e-05,-1.701102000009932880e+01,1.011200305303653124e+01
5.513844251632690430e+00,1.571892504511783306e+00,-7.791349120313832977e-01,-1.586073228492709708e+00,1.269604014680329621e-05,1.697193076639035014e-06,-1.364545689668591327e-06,-1.648015121524099014e-05,-1.701102000009932880e+01,1.011200305303653302e+01
5.525011539459228516e+00,1.571892629564928701e+00,-7.791348953292840385e-01,-1.586073241900514352e+00,1.234955993695334387e-05,1.648659275111426931e-06,-1.321753832114443486e-06,-1.603261555426288760e-05,-1.701102063655349994e+01,1.011200291501537940e+01
5.538829565048217773e+00,1.571892751243680442e+00,-7.791348791152254982e-01,-1.586073254880842720e+00,1.201950938320732118e-05,1.599618718471553652e-06,-1.279029000098410099e-06,-1.519098771072743825e-05,-1.701102183337479801e+01,1.011200265463423342e+01
5.552803993225097656e+00,1.571892869632286249e+00,-7.791348633730246220e-01,-1.586073267448580015e+00,1.169133437359075323e-05,1.553935633802697169e-06,-1.238956347651655118e-06,-1.519098771072735694e-05,-1.701102183337479801e+01,1.011200265463423520e+01
5.562839508056640625e+00,1.571892984788595404e+00,-7.791348480803722554e-01,-1.586073279622571830e+00,1.137214313570959615e-05,1.509562427363161236e-06,-1.200140645262175870e-06,-1.477552274409960065e-05,-1.701102242341355009e+01,1.011200252601769556e+01
5.575267314910888672e+00,1.571893096762784436e+00,-7.791348332139511612e-01,-1.586073291422156695e+00,1.105472516504582949e-05,1.468357714845720807e-06,-1.163813187874448291e-06,-1.477552274410307009e-05,-1.701102242341355009e+01,1.011200252601769556e+01
5.586482286453247070e+00,1.571893205646152980e+00,-7.791348187626415678e-01,-1.586073302858379996e+00,1.075245636089139974e-05,1.426582798877851915e-06,-1.127458593145084717e-06,-1.399669701561767426e-05,-1.701102352940032247e+01,1.011200228417820313e+01
5.598222970962524414e+00,1.571893311589823039e+00,-7.791348047324940795e-01,-1.586073313930674189e+00,1.046526929531280386e-05,1.384174088575693823e-06,-1.091023057573151100e-06,-1.321950802924895529e-05,-1.701102463098708029e+01,1.011200204282918058e+01
5.608472347259521484e+00,1.571893414670629374e+00,-7.791347911103834178e-01,-1.586073324651112282e+00,1.017971274700689389e-05,1.344670748345665884e-06,-1.056849048754844242e-06,-1.321950802925242474e-05,-1.701102463098708029e+01,1.011200204282918058e+01
5.618089914321899414e+00,1.571893514973210060e+00,-7.791347778863020324e-01,-1.586073335029615450e+00,9.908211255517366156e-06,1.304610196140292694e-06,-1.022628987246230331e-06,-1.249612713447389805e-05,-1.701102565759545016e+01,1.011200181724109370e+01
5.628550052642822266e+00,1.571893612569279952e+00,-7.791347650476979636e-01,-1.586073345077631425e+00,9.638249293374305852e-06,1.267288045713257927e-06,-9.905283867152163413e-07,-1.249612713447728618e-05,-1.701102565759545016e+01,1.011200181724109370e+01
5.642195463180541992e+00,1.571893707536739404e+00,-7.791347525846026301e-01,-1.586073354804849567e+00,9.381191682020283227e-06,1.229538201910282402e-06,-9.584555823868249474e-07,-1.183427299414333196e-05,-1.701102659726554123e+01,1.011200160988605390e+01
5.656276702880859375e+00,1.571893799941651571e+00,-7.791347404847480673e-01,-1.586073364222316817e+00,9.125587575929932759e-06,1.194369215849668681e-06,-9.283689575102435643e-07,-1.183427299413994382e-05,-1.701102659726554123e+01,1.011200160988605212e+01
5.671144008636474609e+00,1.571893889828559931e+00,-7.791347287308887370e-01,-1.586073373344226489e+00,8.876893343755511644e-06,1.160224724150796249e-06,-8.992383806324596995e-07,-1.151546441435788242e-05,-1.701102704945219557e+01,1.011200150983550650e+01
5.683431148529052734e+00,1.571893977293098432e+00,-7.791347173203496679e-01,-1.586073382175183344e+00,8.639933614683619357e-06,1.125728435616771272e-06,-8.701628897126063855e-07,-1.091464312733339548e-05,-1.701102790125465702e+01,1.011200132079014047e+01
5.692975759506225586e+00,1.571894062423593530e+00,-7.791347062492658404e-01,-1.586073390720465381e+00,8.409432382987927826e-06,1.092222824478333160e-06,-8.420021365977865824e-07,-1.061764197465842052e-05,-1.701102832164157874e+01,1.011200122732418016e+01
5.703400850296020508e+00,1.571894145256233610e+00,-7.791346955005722386e-01,-1.586073398993780526e+00,8.180226862074298634e-06,1.061009898814524455e-06,-8.155857453560119014e-07,-1.061764197465833921e-05,-1.701102832164157519e+01,1.011200122732417839e+01
5.714774608612060547e+00,1.571894225803775358e+00,-7.791346850517065770e-01,-1.586073407012268177e+00,7.952281157560023685e-06,1.032024154069572514e-06,-7.908588643913607580e-07,-1.061764197465842052e-05,-1.701102832164157874e+01,1.011200122732417839e+01
5.726310968399047852e+00,1.571894304130294406e+00,-7.791346748945477962e-01,-1.586073414783668367e+00,7.734954881898355281e-06,1.002692948117670652e-06,-7.661573082993339279e-07,-1.007319146581822644e-05,-1.701102909241622996e+01,1.011200105534849314e+01
5.735691785812377930e+00,1.571894380342022890e+00,-7.791346650328329071e-01,-1.586073422308003744e+00,7.528254769343208563e-06,9.729648285695946530e-07,-7.414390470826103668e-07,-9.526981121138559374e-06,-1.701102986315251187e+01,1.011200088302162037e+01
5.748931407928466797e+00,1.571894454493149018e+00,-7.791346554571164651e-01,-1.586073429593643169e+00,7.322713045997662502e-06,9.452791140526425884e-07,-7.182563547393321091e-07,-9.526981121141947506e-06,-1.701102986315251187e+01,1.011200088302162037e+01
5.759079694747924805e+00,1.571894526644184831e+00,-7.791346461603072537e-01,-1.586073436647381429e+00,7.127225935361444927e-06,9.172118722112002076e-07,-6.950530282454157188e-07,-9.009984433049842692e-06,-1.701103059283018126e+01,1.011200071947962087e+01
5.768583059310913086e+00,1.571894596846391767e+00,-7.791346371335337029e-01,-1.586073443477041378e+00,6.932832714302806457e-06,8.910700257428426363e-07,-6.732889925823316163e-07,-9.009984433053149508e-06,-1.701103059283017771e+01,1.011200071947962087e+01
5.779894590377807617e+00,1.571894665133925173e+00,-7.791346283640272485e-01,-1.586073450092845727e+00,6.743754701063578742e-06,8.656749078440884038e-07,-6.522064177486366909e-07,-8.763834490648630959e-06,-1.701103094006351668e+01,1.011200064145849531e+01
5.789684295654296875e+00,1.571894731536390033e+00,-7.791346198384347943e-01,-1.586073456505285861e+00,6.555710939746967601e-06,8.420970233329744259e-07,-6.324742034544746788e-07,-8.763834490648712275e-06,-1.701103094006351668e+01,1.011200064145849531e+01
5.800013780593872070e+00,1.571894796107766501e+00,-7.791346115504135250e-01,-1.586073462720359872e+00,6.376635726415541940e-06,8.181857611600125424e-07,-6.127277940636086800e-07,-8.302890181215161203e-06,-1.701103159030140688e+01,1.011200049492475550e+01
5.808768033981323242e+00,1.571894858893799540e+00,-7.791346034920184627e-01,-1.586073468744978676e+00,6.198539810290513053e-06,7.959920659003985599e-07,-5.942498057128191985e-07,-8.302890181218549335e-06,-1.701103159030140688e+01,1.011200049492475550e+01
5.819177150726318359e+00,1.571894919947847136e+00,-7.791345956578045184e-01,-1.586073474584403620e+00,6.029344315586709175e-06,7.733832877803402395e-07,-5.756908041686971400e-07,-7.843096662230655000e-06,-1.701103223763321992e+01,1.011200034878714682e+01
5.829537868499755859e+00,1.571894979315060725e+00,-7.791345880407113400e-01,-1.586073480244823308e+00,5.861076172168619750e-06,7.523980473456495788e-07,-5.583233620523077312e-07,-7.843096662227266869e-06,-1.701103223763321992e+01,1.011200034878714860e+01
5.840486049652099609e+00,1.571895037067398748e+00,-7.791345806412323105e-01,-1.586073485727649279e+00,5.705132520753743316e-06,7.299947278999706357e-07,-5.402378825578816463e-07,-7.182163669471665910e-06,-1.701103316856883652e+01,1.011200013815685850e+01
5.851591110229492188e+00,1.571895093265143872e+00,-7.791345734573204007e-01,-1.586073491035799421e+00,5.550065714105610983e-06,7.091238818455330994e-07,-5.232704088102470980e-07,-7.182163669468277778e-06,-1.701103316856883652e+01,1.011200013815685672e+01
5.860998868942260742e+00,1.571895147937213189e+00,-7.791345664792196368e-01,-1.586073496176945374e+00,5.399539495721866408e-06,6.887733222582168024e-07,-5.067832891197075751e-07,-6.968698480234932499e-06,-1.701103346943084205e+01,1.011200006996532252e+01
5.871955871582031250e+00,1.571895201108597595e+00,-7.791345596966376963e-01,-1.586073501159014798e+00,5.249842028543031660e-06,6.698687186100851787e-07,-4.913447787366267278e-07,-6.968698480235013815e-06,-1.701103346943084205e+01,1.011200006996532252e+01
5.884804248809814453e+00,1.571895252823367395e+00,-7.791345531048073925e-01,-1.586073505986492105e+00,5.107479408805531366e-06,6.506480025080321750e-07,-4.758637248967242245e-07,-6.590465959358746953e-06,-1.701103400418522327e+01,1.011199994830261062e+01
5.895205974578857422e+00,1.571895303153457935e+00,-7.791345467067469777e-01,-1.586073510659032459e+00,4.972194654260313445e-06,6.311370729203576169e-07,-4.603549618839748725e-07,-6.225881142990334367e-06,-1.701103451938242728e+01,1.011199983076738462e+01
5.903706073760986328e+00,1.571895352134906609e+00,-7.791345404964760135e-01,-1.586073515181749105e+00,4.837671238313610909e-06,6.129511274976032209e-07,-4.457985174370279746e-07,-6.225881142987027550e-06,-1.701103451938242728e+01,1.011199983076738462e+01
5.916577339172363281e+00,1.571895399775208313e+00,-7.791345344609565959e-01,-1.586073519563996781e+00,4.703887845369325669e-06,5.960519953683574013e-07,-4.321642066665732501e-07,-6.225881142983558103e-06,-1.701103451938242728e+01,1.011199983076738640e+01
5.925398588180541992e+00,1.571895446113398487e+00,-7.791345285958779510e-01,-1.586073523809778285e+00,4.576596464432713799e-06,5.788839785090919843e-07,-4.185033166213131262e-07,-5.891387813438536680e-06,-1.701103499265754593e+01,1.011199972242780376e+01
5.934500217437744141e+00,1.571895491212829121e+00,-7.791345229037013320e-01,-1.586073527918960835e+00,4.455511899815529269e-06,5.614883262093812999e-07,-4.048399738756838090e-07,-5.572415082987641766e-06,-1.701103544328161021e+01,1.011199961894392096e+01
5.947409629821777344e+00,1.571895535105168440e+00,-7.791345173789689937e-01,-1.586073531896137423e+00,4.335106926935247337e-06,5.452714696985161424e-07,-3.920138433744640993e-07,-5.572415082984172319e-06,-1.701103544328161021e+01,1.011199961894392274e+01
5.956627845764160156e+00,1.571895577825216161e+00,-7.791345120174351102e-01,-1.586073535745144092e+00,4.220473356407060308e-06,5.288621873055648903e-07,-3.792003569159582699e-07,-5.276359537252639509e-06,-1.701103586157422143e+01,1.011199952258154511e+01
5.965795516967773438e+00,1.571895619402470023e+00,-7.791345068138600949e-01,-1.586073539470349791e+00,4.106480908048712204e-06,5.135632181315838429e-07,-3.671709396003974835e-07,-5.276359537252558194e-06,-1.701103586157422143e+01,1.011199952258154511e+01
5.977281570434570312e+00,1.571895659868988160e+00,-7.791345017640195492e-01,-1.586073543075494863e+00,3.997792757273410332e-06,4.981239656665428783e-07,-3.551802347438563767e-07,-5.005307511088489527e-06,-1.701103624405159565e+01,1.011199943410777813e+01
5.986205577850341797e+00,1.571895699251965706e+00,-7.791344968627940126e-01,-1.586073546564791270e+00,3.889709419748548186e-06,4.837305058189370066e-07,-3.439238197783592299e-07,-5.005307511088408212e-06,-1.701103624405159565e+01,1.011199943410777813e+01
5.996944427490234375e+00,1.571895737581540331e+00,-7.791344921061380546e-01,-1.586073549941785066e+00,3.786610860585361911e-06,4.692170170240463067e-07,-3.327115503889456483e-07,-4.750930561032209185e-06,-1.701103660206842960e+01,1.011199935099663705e+01
6.008747577667236328e+00,1.571895774883280694e+00,-7.791344874891745764e-01,-1.586073553210457510e+00,3.684082910909041754e-06,4.556886433527453095e-07,-3.221870129765849050e-07,-4.750930561025270291e-06,-1.701103660206842960e+01,1.011199935099663705e+01
6.018885374069213867e+00,1.571895811185767267e+00,-7.791344830080877415e-01,-1.586073556374132387e+00,3.586284383792572614e-06,4.420481707883422429e-07,-3.117042070733145459e-07,-4.509651923442157531e-06,-1.701103694058991067e+01,1.011199927216358319e+01
6.030535936355590820e+00,1.571895846513242434e+00,-7.791344786582783399e-01,-1.586073559436539382e+00,3.489024265872223076e-06,4.293357836440865605e-07,-3.018656093414437414e-07,-4.509651923438688084e-06,-1.701103694058991067e+01,1.011199927216358141e+01
6.042450428009033203e+00,1.571895880892898001e+00,-7.791344744361685670e-01,-1.586073562400779124e+00,3.396267534621266650e-06,4.165146837778466171e-07,-2.920637309138194443e-07,-4.279866139867555264e-06,-1.701103726197015220e+01,1.011199919710730200e+01
6.053064107894897461e+00,1.571895914347792633e+00,-7.791344703374388780e-01,-1.586073565270335495e+00,3.304018901133432993e-06,4.045680716564109547e-07,-2.828653740962697866e-07,-4.279866139871024711e-06,-1.701103726197015220e+01,1.011199919710730200e+01
6.062525510787963867e+00,1.571895946893652418e+00,-7.791344663561854400e-01,-1.586073568049571447e+00,3.214213883917860291e-06,3.929795863574434001e-07,-2.739665921789799508e-07,-4.167401182857052031e-06,-1.701103741883391507e+01,1.011199916040725988e+01
6.075198888778686523e+00,1.571895978544114225e+00,-7.791344624862593937e-01,-1.586073570742947636e+00,3.124889022341738537e-06,3.822161858575701121e-07,-2.656338427666285473e-07,-4.167401182846806320e-06,-1.701103741883391507e+01,1.011199916040725988e+01
6.084793806076049805e+00,1.571896009324310617e+00,-7.791344587246512576e-01,-1.586073573353075084e+00,3.039741025482887494e-06,3.713250527853477478e-07,-2.573129121202950842e-07,-3.953535236841861653e-06,-1.701103771666336328e+01,1.011199909057137880e+01
6.096018552780151367e+00,1.571896039255536559e+00,-7.791344550676482239e-01,-1.586073575882930742e+00,2.955047476183616769e-06,3.612135492264169356e-07,-2.495235149411589165e-07,-3.953535236845331100e-06,-1.701103771666336328e+01,1.011199909057137880e+01
6.111227273941040039e+00,1.571896068362854004e+00,-7.791344515126923387e-01,-1.586073578334785239e+00,2.874538883508372957e-06,3.509293613219305330e-07,-2.417121790039208906e-07,-3.737988003800566663e-06,-1.701103801586708641e+01,1.011199902033128595e+01
6.121124982833862305e+00,1.571896096687630973e+00,-7.791344480615135515e-01,-1.586073580708403874e+00,2.798127572604467285e-06,3.404718490135696940e-07,-2.338761517092172865e-07,-3.526835757210270697e-06,-1.701103830874835410e+01,1.011199895149425743e+01
6.131797313690185547e+00,1.571896124250602211e+00,-7.791344447109606053e-01,-1.586073583006331500e+00,2.722133940277345304e-06,3.307292000503773977e-07,-2.265231227927856639e-07,-3.526835757210189382e-06,-1.701103830874835410e+01,1.011199895149425743e+01
6.143332719802856445e+00,1.571896151065494740e+00,-7.791344414563879939e-01,-1.586073585231945415e+00,2.648294548010580963e-06,3.212464963738351220e-07,-2.193889931908273722e-07,-3.426142764818146391e-06,-1.701103844855116165e+01,1.011199891858846023e+01
6.154894351959228516e+00,1.571896177144173512e+00,-7.791344382929167312e-01,-1.586073587388721284e+00,2.574849866375156552e-06,3.124382979388835857e-07,-2.127078669424478652e-07,-3.426142764821534523e-06,-1.701103844855116165e+01,1.011199891858846023e+01
6.166691303253173828e+00,1.571896202507922613e+00,-7.791344352182348887e-01,-1.586073589478657064e+00,2.504952170612458691e-06,3.034986902792843888e-07,-2.060194079010584101e-07,-3.243878468506348469e-06,-1.701103870201392354e+01,1.011199885874537685e+01
6.178889989852905273e+00,1.571896227191777129e+00,-7.791344322336487549e-01,-1.586073591501675928e+00,2.438522439511051619e-06,2.944290254909900928e-07,-1.993230287426327879e-07,-3.065625135790286124e-06,-1.701103894957964613e+01,1.011199880018201291e+01
6.187434196472167969e+00,1.571896251213337425e+00,-7.791344293363440254e-01,-1.586073593460005204e+00,2.372455312621302311e-06,2.859775696190461347e-07,-1.930381149125963425e-07,-3.065625135790367439e-06,-1.701103894957964613e+01,1.011199880018201291e+01
6.196681022644042969e+00,1.571896274584373865e+00,-7.791344265222700516e-01,-1.586073595356544574e+00,2.308231658381041632e-06,2.777569006380022076e-07,-1.869438721170766510e-07,-2.979727528971271022e-06,-1.701103906891966133e+01,1.011199877190971641e+01
6.212634325027465820e+00,1.571896297315066082e+00,-7.791344237871813405e-01,-1.586073597194273432e+00,2.244350602051067844e-06,2.701194410808550883e-07,-1.812354739954766258e-07,-2.979727528967720260e-06,-1.701103906891966133e+01,1.011199877190971641e+01
6.226606607437133789e+00,1.571896319430990729e+00,-7.791344211308333101e-01,-1.586073598973928522e+00,2.184839607121151148e-06,2.620493506351288804e-07,-1.753452858114894208e-07,-2.747138678278136228e-06,-1.701103939222480221e+01,1.011199869503848348e+01
6.237161159515380859e+00,1.571896340961018934e+00,-7.791344185539736955e-01,-1.586073600695667718e+00,2.127002408161305117e-06,2.541971690166698605e-07,-1.696325171653308150e-07,-2.669407010841978733e-06,-1.701103950001651199e+01,1.011199866937432823e+01
6.248264074325561523e+00,1.571896361914411289e+00,-7.791344160526870732e-01,-1.586073602362213508e+00,2.069479448174572044e-06,2.468787372793095070e-07,-1.642697748274572767e-07,-2.669407010845448180e-06,-1.701103950001651199e+01,1.011199866937432823e+01
6.257958650588989258e+00,1.571896382307384821e+00,-7.791344136249578334e-01,-1.586073603975230117e+00,2.014648069762958933e-06,2.394901687510428423e-07,-1.589232050090705339e-07,-2.531943513725624364e-06,-1.701103969097991353e+01,1.011199862375216263e+01
6.270053863525390625e+00,1.571896402153682759e+00,-7.791344112683363798e-01,-1.586073605536593156e+00,1.960113180633405350e-06,2.326044746463022672e-07,-1.539045085142271008e-07,-2.531943513728931181e-06,-1.701103969097991353e+01,1.011199862375216263e+01
6.278776407241821289e+00,1.571896421468563343e+00,-7.791344089808963647e-01,-1.586073607047877809e+00,1.908110101518067903e-06,2.256575698080312553e-07,-1.489040464585159040e-07,-2.402781274349260207e-06,-1.701103987002121443e+01,1.011199858084678738e+01
6.291666746139526367e+00,1.571896440264958450e+00,-7.791344067603078738e-01,-1.586073608510855770e+00,1.856386791536466380e-06,2.191844993165194266e-07,-1.442107354556604326e-07,-2.402781274345790761e-06,-1.701103987002121443e+01,1.011199858084678738e+01
6.303122758865356445e+00,1.571896458557339393e+00,-7.791344046047560257e-01,-1.586073609927002082e+00,1.807065659059316947e-06,2.126537011542736777e-07,-1.395344436617637629e-07,-2.280248354753685322e-06,-1.701104003943578391e+01,1.011199854014080834e+01
6.314214468002319336e+00,1.571896476357967254e+00,-7.791344025120454653e-01,-1.586073611297975861e+00,1.758008553608931082e-06,2.065694368375177448e-07,-1.351459268123661461e-07,-2.280248354750297191e-06,-1.701104003943578391e+01,1.011199854014080834e+01
6.323603868484497070e+00,1.571896493675172923e+00,-7.791344004791658229e-01,-1.586073612625857221e+00,1.710250199418077502e-06,2.006672366995990164e-07,-1.309001910834457078e-07,-2.220354555985878118e-06,-1.701104012203713012e+01,1.011199852026213186e+01
6.334161996841430664e+00,1.571896510516173073e+00,-7.791343985029806074e-01,-1.586073613912772906e+00,1.662741360605973599e-06,1.951864057785426820e-07,-1.269243750960311057e-07,-2.220354555982408671e-06,-1.701104012203713012e+01,1.011199852026213186e+01
6.346291065216064453e+00,1.571896526894324353e+00,-7.791343965819604866e-01,-1.586073615159968586e+00,1.617456863108130620e-06,1.896389857222388620e-07,-1.229542172063047972e-07,-2.106522612836669861e-06,-1.701104027880344560e+01,1.011199848245988164e+01
6.355285406112670898e+00,1.571896542831927812e+00,-7.791343947168373196e-01,-1.586073616367454253e+00,1.574407196711105302e-06,1.840129504114378090e-07,-1.189812900296086107e-07,-1.991817467270838018e-06,-1.701104043626976647e+01,1.011199844445261142e+01
6.365717172622680664e+00,1.571896558340301508e+00,-7.791343929058398565e-01,-1.586073617536565505e+00,1.531586845503855334e-06,1.787733195559443322e-07,-1.152536392799025089e-07,-1.991817467277695597e-06,-1.701104043626976647e+01,1.011199844445261142e+01
6.374451160430908203e+00,1.571896573431994071e+00,-7.791343911476195094e-01,-1.586073618668402796e+00,1.490860521984521464e-06,1.734628163529636224e-07,-1.115252534593380584e-07,-1.884421065460802633e-06,-1.701104058376189343e+01,1.011199840878529876e+01
6.386032342910766602e+00,1.571896588117619231e+00,-7.791343894404919590e-01,-1.586073619764226450e+00,1.450350671772606716e-06,1.685165675184042977e-07,-1.080267333969289062e-07,-1.884421065460883948e-06,-1.701104058376189343e+01,1.011199840878529876e+01
6.394927501678466797e+00,1.571896602408764165e+00,-7.791343877831226061e-01,-1.586073620825104946e+00,1.411770510759949217e-06,1.635149638962510310e-07,-1.045342825788022484e-07,-1.785743960567437449e-06,-1.701104071926311434e+01,1.011199837592484663e+01
6.405496835708618164e+00,1.571896616315236139e+00,-7.791343861738724286e-01,-1.586073621852249538e+00,1.373394695334482487e-06,1.588567289244509351e-07,-1.012572506823086749e-07,-1.785743960567437449e-06,-1.701104071926311434e+01,1.011199837592484663e+01
6.416586160659790039e+00,1.571896629847918891e+00,-7.791343846114648919e-01,-1.586073622846672082e+00,1.336830592024373866e-06,1.541496910668731235e-07,-9.798797424658521604e-08,-1.693193314791704160e-06,-1.701104084621499624e+01,1.011199834505882755e+01
6.427751541137695312e+00,1.571896643016025941e+00,-7.791343830943394666e-01,-1.586073623809517441e+00,1.300459399811097869e-06,1.497663589715772514e-07,-9.492059057768925667e-08,-1.693193314784846581e-06,-1.701104084621499624e+01,1.011199834505882578e+01
6.439217329025268555e+00,1.571896655829857270e+00,-7.791343816212912277e-01,-1.586073624741735300e+00,1.265803043445931446e-06,1.453372949376460777e-07,-9.186067541073865417e-08,-1.605607113704723152e-06,-1.701104096616920103e+01,1.011199831582623432e+01
6.449283838272094727e+00,1.571896668298131683e+00,-7.791343801908474642e-01,-1.586073625644399909e+00,1.231328823076151247e-06,1.412134343981366613e-07,-8.898999454064020209e-08,-1.605607113701335020e-06,-1.701104096616920103e+01,1.011199831582623432e+01
6.463735818862915039e+00,1.571896680430624249e+00,-7.791343788018771921e-01,-1.586073626518398116e+00,1.198483004185893464e-06,1.370456060665464770e-07,-8.612581955513148868e-08,-1.522422258461164635e-06,-1.701104107990154191e+01,1.011199828804977585e+01
6.476544380187988281e+00,1.571896692235608128e+00,-7.791343774529951860e-01,-1.586073627364735117e+00,1.165809168220444700e-06,1.331655720281273159e-07,-8.343903297827227894e-08,-1.522422258457776503e-06,-1.701104107990154191e+01,1.011199828804977408e+01
6.489008665084838867e+00,1.571896703718678401e+00,-7.791343761422796499e-01,-1.586073628184682116e+00,1.134011822319320800e-06,1.293995944228430728e-07,-8.083834417940867489e-08,-1.481792335587123199e-06,-1.701104113535314610e+01,1.011199827448900557e+01
6.503273725509643555e+00,1.571896714892078384e+00,-7.791343748694471438e-01,-1.586073628978654115e+00,1.103723407645275639e-06,1.255918489133193983e-07,-7.824266068118951312e-08,-1.404684181877807747e-06,-1.701104124052247712e+01,1.011199824872442399e+01
6.514264345169067383e+00,1.571896725763466618e+00,-7.791343736332352332e-01,-1.586073629747559499e+00,1.073592932240288386e-06,1.220478491746786187e-07,-7.580808438997256593e-08,-1.404684181881195879e-06,-1.701104124052247712e+01,1.011199824872442399e+01
6.525264978408813477e+00,1.571896736338073142e+00,-7.791343724318995356e-01,-1.586073630492543796e+00,1.044284242226285395e-06,1.186052204938531363e-07,-7.344989973634592773e-08,-1.366433759621143995e-06,-1.701104129260835762e+01,1.011199823595345926e+01
6.538626670837402344e+00,1.571896746627326147e+00,-7.791343712652138986e-01,-1.586073631213964052e+00,1.016380907844252569e-06,1.151208049118314369e-07,-7.109426849224304013e-08,-1.294535832817994558e-06,-1.701104139050958963e+01,1.011199821190483483e+01
6.552376508712768555e+00,1.571896756638346826e+00,-7.791343701320372350e-01,-1.586073631912636728e+00,9.886226458543479574e-07,1.118781495358482647e-07,-6.888498431953729573e-08,-1.294535832824852137e-06,-1.701104139050958963e+01,1.011199821190483483e+01
6.563478231430053711e+00,1.571896766379170973e+00,-7.791343690315145620e-01,-1.586073632589224180e+00,9.622067103869075657e-07,1.085930431813687813e-07,-6.667643488722507783e-08,-1.225788135387345656e-06,-1.701104148405107352e+01,1.011199818888848156e+01
6.577820062637329102e+00,1.571896775859786821e+00,-7.791343679633186969e-01,-1.586073633244112768e+00,9.365085150852978319e-07,1.054022758608698374e-07,-6.453739627670755652e-08,-1.192562904352238154e-06,-1.701104152921980983e+01,1.011199817775906240e+01
6.587231874465942383e+00,1.571896785084155423e+00,-7.791343669258076199e-01,-1.586073633878344324e+00,9.109434125585533963e-07,1.024328627526743807e-07,-6.253117066550364922e-08,-1.192562904355626285e-06,-1.701104152921980983e+01,1.011199817775906240e+01
6.597225904464721680e+00,1.571896794059474356e+00,-7.791343659181579895e-01,-1.586073634492544571e+00,8.865779440944557624e-07,9.943212646952234723e-08,-6.052988947916060347e-08,-1.131318714663737124e-06,-1.701104161253440594e+01,1.011199815718444306e+01
6.609401941299438477e+00,1.571896802791833192e+00,-7.791343649393619453e-01,-1.586073635087420275e+00,8.623381993870944369e-07,9.664020871437764559e-08,-5.865315059572044631e-08,-1.131318714660267677e-06,-1.701104161253440594e+01,1.011199815718444306e+01
6.622974872589111328e+00,1.571896811288139295e+00,-7.791343639886627592e-01,-1.586073635663546089e+00,8.392516076251256216e-07,9.381512309320980125e-08,-5.677908590713022507e-08,-1.072358211340248288e-06,-1.701104169259808074e+01,1.011199813737715303e+01
6.636447191238403320e+00,1.571896819554235547e+00,-7.791343630651260677e-01,-1.586073636221577043e+00,8.162837970499610841e-07,9.118706174046989354e-08,-5.502182376143811837e-08,-1.072358211340329603e-06,-1.701104169259808074e+01,1.011199813737715303e+01
6.649193525314331055e+00,1.571896827594073898e+00,-7.791343621674465814e-01,-1.586073636762344474e+00,7.939372889715517502e-07,8.863514563495558662e-08,-5.332022878844037972e-08,-1.043444588705311205e-06,-1.701104173180112511e+01,1.011199812766808570e+01
6.660364866256713867e+00,1.571896835416352944e+00,-7.791343612954617637e-01,-1.586073637286105065e+00,7.726641508261713771e-07,8.605052630086124088e-08,-5.161978879454978686e-08,-9.885109598963806501e-07,-1.701104180626628448e+01,1.011199810919744735e+01
6.671093702316284180e+00,1.571896843026503676e+00,-7.791343604483249585e-01,-1.586073637793448121e+00,7.515001845832390993e-07,8.364662744181003418e-08,-5.002550688688704728e-08,-9.885109598996874667e-07,-1.701104180626628448e+01,1.011199810919744735e+01
6.683369159698486328e+00,1.571896850428224024e+00,-7.791343596248521131e-01,-1.586073638285121934e+00,7.309192314577993375e-07,8.131016740941729437e-08,-4.848050384146512792e-08,-9.612646141229105965e-07,-1.701104184315546419e+01,1.011199810004085009e+01
6.693558692932128906e+00,1.571896857624704991e+00,-7.791343588238006657e-01,-1.586073638761896776e+00,7.104415785743364679e-07,7.914447411848379854e-08,-4.703518260941105811e-08,-9.612646141229105965e-07,-1.701104184315546419e+01,1.011199810004084831e+01
6.704659461975097656e+00,1.571896864621889600e+00,-7.791343580446058459e-01,-1.586073639224202747e+00,6.909598946602937613e-07,7.694177510311067669e-08,-4.558661138268256530e-08,-9.100954957048121383e-07,-1.701104191246544062e+01,1.011199808280777646e+01
6.718315124511718750e+00,1.571896871424797837e+00,-7.791343572865456757e-01,-1.586073639672541002e+00,6.715761005648165742e-07,7.490067018434826140e-08,-4.423175191262465611e-08,-9.100954957014240065e-07,-1.701104191246544062e+01,1.011199808280777646e+01
6.729603528976440430e+00,1.571896878039312329e+00,-7.791343565491399836e-01,-1.586073640107286797e+00,6.531817044735384976e-07,7.281466156026580872e-08,-4.286848689417400993e-08,-8.590222513836509588e-07,-1.701104198155429614e+01,1.011199806561758763e+01
6.740770816802978516e+00,1.571896884475179945e+00,-7.791343558328330809e-01,-1.586073640528356643e+00,6.357500129103624796e-07,7.068454886943048576e-08,-4.149691042870662372e-08,-8.093132594366725385e-07,-1.701104204885238502e+01,1.011199804885997544e+01
6.750562191009521484e+00,1.571896890737228381e+00,-7.791343551370076836e-01,-1.586073640936181972e+00,6.184084345380621954e-07,6.870289111097008239e-08,-4.021061215768451103e-08,-8.093132594298149598e-07,-1.701104204885238502e+01,1.011199804885997544e+01
6.760282754898071289e+00,1.571896896828615997e+00,-7.791343544607181038e-01,-1.586073641331349648e+00,6.015674050040476688e-07,6.677161896572608724e-08,-3.896127153150616418e-08,-7.857041334492201237e-07,-1.701104208088252534e+01,1.011199804087562981e+01
6.768546342849731445e+00,1.571896902752063951e+00,-7.791343538029666949e-01,-1.586073641714466520e+00,5.848116151116992826e-07,6.498058512539178766e-08,-3.779198159384496158e-08,-7.857041334526895706e-07,-1.701104208088252534e+01,1.011199804087562981e+01
6.779892921447753906e+00,1.571896908512503632e+00,-7.791343531633070363e-01,-1.586073642085870095e+00,5.688827578464880847e-07,6.315599887117204214e-08,-3.661866081281633933e-08,-7.431302981205625737e-07,-1.701104213880594429e+01,1.011199802640072143e+01
6.790413856506347656e+00,1.571896914114101262e+00,-7.791343525411607018e-01,-1.586073642445956056e+00,5.530346367585420439e-07,6.146405858668130273e-08,-3.552056119767235676e-08,-7.431302981204812586e-07,-1.701104213880594429e+01,1.011199802640072143e+01
6.801122426986694336e+00,1.571896919561638795e+00,-7.791343519361307868e-01,-1.586073642795028826e+00,5.379900571185892814e-07,5.973575103795578101e-08,-3.441635123006998864e-08,-7.016467490904862523e-07,-1.701104219523518424e+01,1.011199801227973616e+01
6.812535047531127930e+00,1.571896924859152112e+00,-7.791343513476910454e-01,-1.586073643133450339e+00,5.230219469745466627e-07,5.813290730781808802e-08,-3.338282293283666158e-08,-7.016467490837099887e-07,-1.701104219523518424e+01,1.011199801227973616e+01
6.821442842483520508e+00,1.571896930011239757e+00,-7.791343507754836528e-01,-1.586073643461498150e+00,5.088271903460483839e-07,5.649248088247793564e-08,-3.234195505462042486e-08,-6.616429818542010708e-07,-1.701104224969388667e+01,1.011199799863555526e+01
6.831837177276611328e+00,1.571896935021779962e+00,-7.791343502190249959e-01,-1.586073643779504216e+00,4.947048505471901862e-07,5.497070767416373238e-08,-3.136749403232982902e-08,-6.616429818474248072e-07,-1.701104224969388667e+01,1.011199799863555526e+01
6.841886997222900391e+00,1.571896939895127243e+00,-7.791343496779804534e-01,-1.586073644087728107e+00,4.813150693885453199e-07,5.341275957507565786e-08,-3.038588351029700152e-08,-6.237304844904664834e-07,-1.701104230138153284e+01,1.011199798566675234e+01
6.851206302642822266e+00,1.571896944634955329e+00,-7.791343491518957221e-01,-1.586073644386480685e+00,4.679938501721297344e-07,5.196699744093244422e-08,-2.946664972702101037e-08,-6.237304844836902198e-07,-1.701104230138153284e+01,1.011199798566675234e+01
6.863560199737548828e+00,1.571896949245361386e+00,-7.791343486404518348e-01,-1.586073644676007088e+00,4.553614748214514099e-07,5.048747782603751899e-08,-2.854102908980866993e-08,-5.880861332317743884e-07,-1.701104235006268439e+01,1.011199797343201290e+01
6.873294115066528320e+00,1.571896953729802426e+00,-7.791343481432175810e-01,-1.586073644956601081e+00,4.427939934809689603e-07,4.911400113168096215e-08,-2.767398498966337772e-08,-5.880861332352438353e-07,-1.701104235006268439e+01,1.011199797343201290e+01
6.883453845977783203e+00,1.571896958092120711e+00,-7.791343476598862061e-01,-1.586073645228496254e+00,4.308721370926006222e-07,4.770951031679918075e-08,-2.680151286018131462e-08,-5.546949144139576380e-07,-1.701104239574510402e+01,1.011199796193004730e+01
6.895338535308837891e+00,1.571896962335559644e+00,-7.791343471900461504e-01,-1.586073645491970607e+00,4.190116855473430182e-07,4.640522870786797927e-08,-2.598403490983169917e-08,-5.546949144106508214e-07,-1.701104239574510402e+01,1.011199796193004730e+01
6.906153678894042969e+00,1.571896966463720569e+00,-7.791343467334020945e-01,-1.586073645747247074e+00,4.077557629044456598e-07,4.507267129492953384e-08,-2.516209409494235549e-08,-5.234503342096963330e-07,-1.701104243855205667e+01,1.011199795113131472e+01
6.916117668151855469e+00,1.571896970482446143e+00,-7.791343462902083905e-01,-1.586073645994294568e+00,3.970675959062518320e-07,4.371702312004968616e-08,-2.433816170105927712e-08,-4.942092533370689988e-07,-1.701104247865436747e+01,1.011199794099474580e+01
6.925886392593383789e+00,1.571896974394601409e+00,-7.791343458600639149e-01,-1.586073646233378431e+00,3.864358014492552370e-07,4.245319967051061627e-08,-2.356415280220167108e-08,-4.942092533335995519e-07,-1.701104247865436747e+01,1.011199794099474580e+01
6.938893795013427734e+00,1.571896978203244144e+00,-7.791343454426443715e-01,-1.586073646464729370e+00,3.763138083758075635e-07,4.117317910787635094e-08,-2.279117715039968850e-08,-4.680883751371470083e-07,-1.701104251454201588e+01,1.011199793189687135e+01
6.950530052185058594e+00,1.571896981910960500e+00,-7.791343450375474156e-01,-1.586073646688608729e+00,3.662449705871940022e-07,3.997964094113945488e-08,-2.206494218890894810e-08,-4.680883751371470083e-07,-1.701104251454201588e+01,1.011199793189687135e+01
6.961938142776489258e+00,1.571896985520527812e+00,-7.791343446444414234e-01,-1.586073646905245660e+00,3.566376462956632890e-07,3.877560099613611144e-08,-2.134210858322112270e-08,-4.445671960006411603e-07,-1.701104254682569916e+01,1.011199792368507389e+01
6.971333503723144531e+00,1.571896989034298864e+00,-7.791343442629258265e-01,-1.586073647114896179e+00,3.470804406911244793e-07,3.765300818532602012e-08,-2.066303479795333908e-08,-4.445671959972530285e-07,-1.701104254682569916e+01,1.011199792368507389e+01
6.980964899063110352e+00,1.571896992453851727e+00,-7.791343438924471787e-01,-1.586073647317880697e+00,3.377692224391161966e-07,3.656439451953444331e-08,-2.000644314147440039e-08,-4.332558134027830743e-07,-1.701104256230518175e+01,1.011199791974047280e+01
6.991947412490844727e+00,1.571896995780554196e+00,-7.791343435324306066e-01,-1.586073647514526286e+00,3.285053219851980389e-07,3.555258415530865301e-08,-1.939086383584594231e-08,-4.332558133959254956e-07,-1.701104256230518175e+01,1.011199791974047280e+01
7.002983570098876953e+00,1.571896999016925145e+00,-7.791343431825857868e-01,-1.586073647705031009e+00,3.196608134569273998e-07,3.453073548842847118e-08,-1.877790466110924872e-08,-4.118684318771845352e-07,-1.701104259149372311e+01,1.011199791228822065e+01
7.013276576995849609e+00,1.571897002165097978e+00,-7.791343428425586692e-01,-1.586073647889619131e+00,3.108610467370594849e-07,3.358141912809808893e-08,-1.820343074714070308e-08,-4.118684318737964034e-07,-1.701104259149372311e+01,1.011199791228822065e+01
7.024780035018920898e+00,1.571897005227587352e+00,-7.791343425120995647e-01,-1.586073648068464736e+00,3.024819109995072284e-07,3.261818463766441578e-08,-1.762917638974993706e-08,-3.903031153516811624e-07,-1.701104262076793816e+01,1.011199790480819338e+01
7.034825801849365234e+00,1.571897008208561708e+00,-7.791343421913483613e-01,-1.586073648241568490e+00,2.945163391111506020e-07,3.164094364163996809e-08,-1.705481680663520350e-08,-3.690918631941986217e-07,-1.701104264947493050e+01,1.011199789746772204e+01
7.047839641571044922e+00,1.571897011110106934e+00,-7.791343418800023013e-01,-1.586073648409121573e+00,2.865918377221310246e-07,3.073016581738724495e-08,-1.651539969409546171e-08,-3.690918631976680686e-07,-1.701104264947493050e+01,1.011199789746772204e+01
7.060422897338867188e+00,1.571897013934500320e+00,-7.791343415778226866e-01,-1.586073648571286299e+00,2.790477660865524172e-07,2.980839497283838124e-08,-1.597691871445434952e-08,-3.496380784652475260e-07,-1.701104267579589902e+01,1.011199789072482780e+01
7.073296785354614258e+00,1.571897016683666992e+00,-7.791343412845149752e-01,-1.586073648728247187e+00,2.715424297202654984e-07,2.894923853934139313e-08,-1.547116482733361387e-08,-3.496380784652475260e-07,-1.701104267579589902e+01,1.011199789072482780e+01
7.083493709564208984e+00,1.571897019358871495e+00,-7.791343409996579483e-01,-1.586073648880241160e+00,2.642353611980970737e-07,2.811541892269037168e-08,-1.498174722518522128e-08,-3.404655337067852283e-07,-1.701104268818856724e+01,1.011199788754467832e+01
7.095549821853637695e+00,1.571897021962859853e+00,-7.791343407231762219e-01,-1.586073649027354371e+00,2.572652436766398581e-07,2.727460620289418047e-08,-1.449463540251910709e-08,-3.233195506636976635e-07,-1.701104271132460255e+01,1.011199788159649415e+01
7.108763933181762695e+00,1.571897024497343143e+00,-7.791343404547862450e-01,-1.586073649169760458e+00,2.503306286716231116e-07,2.649108625778912041e-08,-1.403720477246954423e-08,-3.233195506670857953e-07,-1.701104271132460255e+01,1.011199788159649415e+01
7.119381189346313477e+00,1.571897026964253152e+00,-7.791343401942690816e-01,-1.586073649307603750e+00,2.437182341224900309e-07,2.570044958750614117e-08,-1.358166333087842959e-08,-3.069108770078468520e-07,-1.701104273340071060e+01,1.011199787591203503e+01
7.132602691650390625e+00,1.571897029365224352e+00,-7.791343399413599435e-01,-1.586073649441045230e+00,2.371393298670115618e-07,2.496379955009564444e-08,-1.315392784148952665e-08,-3.069108770112349838e-07,-1.701104273340071060e+01,1.011199787591203503e+01
7.143217086791992188e+00,1.571897031702080172e+00,-7.791343396958509970e-01,-1.586073649570220567e+00,2.308646742207496553e-07,2.422079366888249541e-08,-1.272809804558558411e-08,-2.914294325548924623e-07,-1.701104275416955147e+01,1.011199787055475241e+01
7.153916120529174805e+00,1.571897033976364488e+00,-7.791343394574911096e-01,-1.586073649695281862e+00,2.246216152476958241e-07,2.352866667601136164e-08,-1.232832108253277548e-08,-2.914294325515043305e-07,-1.701104275416954792e+01,1.011199787055475241e+01
7.163129568099975586e+00,1.571897036189118468e+00,-7.791343392259365563e-01,-1.586073649816418296e+00,2.185420594493728969e-07,2.285743766917286424e-08,-1.194165645404879350e-08,-2.838693994867394401e-07,-1.701104276428335993e+01,1.011199786794335687e+01
7.172175884246826172e+00,1.571897038341241171e+00,-7.791343390008289571e-01,-1.586073649933822605e+00,2.124923554668256770e-07,2.223422405737973673e-08,-1.157942946779580429e-08,-2.838693994901275719e-07,-1.701104276428335993e+01,1.011199786794335687e+01
7.181964159011840820e+00,1.571897040434417248e+00,-7.791343387819924526e-01,-1.586073650047610473e+00,2.067243250769860898e-07,2.160371049587939130e-08,-1.121805679490765761e-08,-2.694947488849611019e-07,-1.701104278348212162e+01,1.011199786297967229e+01
7.191881895065307617e+00,1.571897042470068895e+00,-7.791343385692106605e-01,-1.586073650157911352e+00,2.009845421810493773e-07,2.101857913454699411e-08,-1.087963569712177558e-08,-2.694947488814103398e-07,-1.701104278348212162e+01,1.011199786297967229e+01
7.203228950500488281e+00,1.571897044449877656e+00,-7.791343383623334784e-01,-1.586073650264824497e+00,1.955274392566520207e-07,2.042352629984950374e-08,-1.054055439328807631e-08,-2.549901964334078119e-07,-1.701104280278467940e+01,1.011199785798735107e+01
7.214352607727050781e+00,1.571897046375263285e+00,-7.791343381611698371e-01,-1.586073650368465815e+00,1.900970719329264863e-07,1.987137692241458531e-08,-1.022303328514044540e-08,-2.549901964299383650e-07,-1.701104280278467940e+01,1.011199785798735107e+01
7.224276542663574219e+00,1.571897048247866691e+00,-7.791343379655883972e-01,-1.586073650468925011e+00,1.849432186460476862e-07,1.930804966430998970e-08,-9.904015482297551243e-09,-2.407573381456307171e-07,-1.701104282170458504e+01,1.011199785309174537e+01
7.236350774765014648e+00,1.571897050069071433e+00,-7.791343377754159638e-01,-1.586073650566305560e+00,1.798146699966233228e-07,1.878528294550763089e-08,-9.605251126811389928e-09,-2.407573381421612702e-07,-1.701104282170458504e+01,1.011199785309174537e+01
7.247587203979492188e+00,1.571897051840444925e+00,-7.791343375905321889e-01,-1.586073650660689616e+00,1.749504805667996760e-07,1.825130539409580699e-08,-9.304771258610705642e-09,-2.271340046600123230e-07,-1.701104283982260412e+01,1.011199784839971727e+01
7.257191896438598633e+00,1.571897053564555113e+00,-7.791343374110404341e-01,-1.586073650752063413e+00,1.703368359731965813e-07,1.770765280587061063e-08,-9.003217852666944854e-09,-2.142513565449885669e-07,-1.701104285697891072e+01,1.011199784395183698e+01
7.267594575881958008e+00,1.571897055242657437e+00,-7.791343372367794951e-01,-1.586073650840523541e+00,1.657464370578165145e-07,1.720119929176158746e-08,-8.720069374261799067e-09,-2.142513565485393290e-07,-1.701104285697891072e+01,1.011199784395183698e+01
7.279221773147583008e+00,1.571897056876096821e+00,-7.791343370676213631e-01,-1.586073650926152157e+00,1.613816060195031807e-07,1.668761284191744299e-08,-8.436886656968886622e-09,-2.027006180335688690e-07,-1.701104287241015101e+01,1.011199783994263512e+01
7.288429260253906250e+00,1.571897058466009023e+00,-7.791343369034055000e-01,-1.586073651009044516e+00,1.570387046284969041e-07,1.620908297644482743e-08,-8.170947295074032501e-09,-2.027006180300994220e-07,-1.701104287241015456e+01,1.011199783994263512e+01
7.300494194030761719e+00,1.571897060013614844e+00,-7.791343367440013434e-01,-1.586073651089282333e+00,1.528998013471143851e-07,1.572564150079114320e-08,-7.905854353335364793e-09,-1.923012433319160053e-07,-1.701104288631731620e+01,1.011199783631986548e+01
7.313244104385375977e+00,1.571897061519946126e+00,-7.791343365892490214e-01,-1.586073651166958864e+00,1.487815850589744226e-07,1.527523596500657277e-08,-7.656915809294700948e-09,-1.923012433353854522e-07,-1.701104288631731620e+01,1.011199783631986548e+01
7.322969675064086914e+00,1.571897062985688986e+00,-7.791343364389259341e-01,-1.586073651242190685e+00,1.447712275890790119e-07,1.483828662544872667e-08,-7.416083888482638553e-09,-1.873080477213814963e-07,-1.701104289298529082e+01,1.011199783458041601e+01
7.333072423934936523e+00,1.571897064411435618e+00,-7.791343362928003780e-01,-1.586073651315097699e+00,1.407804108428505887e-07,1.443250933173823025e-08,-7.190401913204774731e-09,-1.873080477179933645e-07,-1.701104289298529082e+01,1.011199783458041601e+01
7.344414234161376953e+00,1.571897065798290472e+00,-7.791343361507576670e-01,-1.586073651385752070e+00,1.369742305791981979e-07,1.402202511784425565e-08,-6.965334663861996733e-09,-1.778877568789360986e-07,-1.701104290555003828e+01,1.011199783129757890e+01
7.355278253555297852e+00,1.571897067147185689e+00,-7.791343360126570250e-01,-1.586073651454234401e+00,1.331865366860612420e-07,1.364099846100363944e-08,-6.754493207588793680e-09,-1.778877568824055455e-07,-1.701104290555003828e+01,1.011199783129757890e+01
7.366304397583007812e+00,1.571897068459220170e+00,-7.791343358784004192e-01,-1.586073651520607308e+00,1.295835589323082694e-07,1.325370123936644995e-08,-6.543393232414859706e-09,-1.684156989319174347e-07,-1.701104291813591729e+01,1.011199782800749247e+01
7.378649473190307617e+00,1.571897069735321395e+00,-7.791343357478631715e-01,-1.586073651584942512e+00,1.259980740202573668e-07,1.289424770385336205e-08,-6.345653892105007632e-09,-1.684156989387750134e-07,-1.701104291813591729e+01,1.011199782800749247e+01
7.388782978057861328e+00,1.571897070976561617e+00,-7.791343356209584625e-01,-1.586073651647296634e+00,1.225932407072059544e-07,1.252775282990781225e-08,-6.147151564899269727e-09,-1.591243280925358494e-07,-1.701104293046128646e+01,1.011199782478382403e+01
7.402213811874389648e+00,1.571897072184706978e+00,-7.791343354977526836e-01,-1.586073651707663457e+00,1.193617283047295786e-07,1.215491424958609068e-08,-5.948123967111293431e-09,-1.502228422628482107e-07,-1.701104294226684388e+01,1.011199782169352446e+01
7.411683797836303711e+00,1.571897073360625896e+00,-7.791343353781344794e-01,-1.586073651766106707e+00,1.161462839839057497e-07,1.180761135914643045e-08,-5.761237179598838187e-09,-1.502228422663176577e-07,-1.701104294226684388e+01,1.011199782169352446e+01
7.421798467636108398e+00,1.571897074504884584e+00,-7.791343352619373164e-01,-1.586073651822712316e+00,1.130206120750660041e-07,1.146963823006261207e-08,-5.579953411220112125e-09,-1.460109156289099517e-07,-1.701104294785856652e+01,1.011199782022832849e+01
7.433892726898193359e+00,1.571897075617970430e+00,-7.791343351489867786e-01,-1.586073651877568436e+00,1.099101181347138809e-07,1.115576132252465991e-08,-5.410056215732553242e-09,-1.460109156289099517e-07,-1.701104294785856652e+01,1.011199782022832849e+01
7.449259281158447266e+00,1.571897076700767837e+00,-7.791343350391994882e-01,-1.586073651930725914e+00,1.069480792518265029e-07,1.083736206244217959e-08,-5.240224038331395273e-09,-1.384142780913014039e-07,-1.701104295795936494e+01,1.011199781757594529e+01
7.458870410919189453e+00,1.571897077754743854e+00,-7.791343349326199652e-01,-1.586073651982185417e+00,1.041312135465903869e-07,1.051452435014976761e-08,-5.070440181869501073e-09,-1.309851568216668927e-07,-1.701104296781745973e+01,1.011199781498464212e+01
7.469585895538330078e+00,1.571897078780629009e+00,-7.791343348291466242e-01,-1.586073652032004455e+00,1.013282835044839163e-07,1.021377657927854954e-08,-4.910999428084025786e-09,-1.309851568251363396e-07,-1.701104296781745973e+01,1.011199781498464212e+01
7.480564594268798828e+00,1.571897079779225548e+00,-7.791343347287007504e-01,-1.586073652080230545e+00,9.866001631917071298e-08,9.909309148410649914e-09,-4.751815262235212223e-09,-1.241061525214526284e-07,-1.701104297694827494e+01,1.011199781258070196e+01
7.490050554275512695e+00,1.571897080751212039e+00,-7.791343346311848661e-01,-1.586073652126918310e+00,9.600489555309989643e-08,9.625660294439869480e-09,-4.602321927206498575e-09,-1.241061525249220754e-07,-1.701104297694827494e+01,1.011199781258070196e+01
7.501121997833251953e+00,1.571897081697033238e+00,-7.791343345364588613e-01,-1.586073652172137916e+00,9.341988473191053036e-08,9.350358446715001381e-09,-4.457640630532375137e-09,-1.208509134085469696e-07,-1.701104298126455916e+01,1.011199781144271448e+01
7.511120319366455078e+00,1.571897082617073060e+00,-7.791343344443776298e-01,-1.586073652215961305e+00,9.084729136134739487e-08,9.094701018327877584e-09,-4.322048004863285331e-09,-1.208509134118537862e-07,-1.701104298126455916e+01,1.011199781144271448e+01
7.521540403366088867e+00,1.571897083512044047e+00,-7.791343343548692291e-01,-1.586073652258430666e+00,8.839416934254117758e-08,8.835981978212725796e-09,-4.186796513866788971e-09,-1.147554451707535807e-07,-1.701104298933948300e+01,1.011199780931043257e+01
7.531498193740844727e+00,1.571897084382548826e+00,-7.791343342678453965e-01,-1.586073652299594627e+00,8.595279402703577890e-08,8.595826874943646168e-09,-4.060079297285926203e-09,-1.147554451741417125e-07,-1.701104298933948300e+01,1.011199780931043257e+01
7.540929079055786133e+00,1.571897085229294833e+00,-7.791343341832442926e-01,-1.586073652339491158e+00,8.363048895383023464e-08,8.351715403889098388e-09,-3.933215897726147214e-09,-1.086525710618235774e-07,-1.701104299739452586e+01,1.011199780718230556e+01
7.550673723220825195e+00,1.571897086052879144e+00,-7.791343341009874246e-01,-1.586073652378162890e+00,8.131929842552382010e-08,8.125150624364863017e-09,-3.814367793408129925e-09,-1.086525710584354456e-07,-1.701104299739452586e+01,1.011199780718230556e+01
7.561071395874023438e+00,1.571897086853991654e+00,-7.791343340210201696e-01,-1.586073652415644020e+00,7.912439885632532432e-08,7.894177912921851448e-09,-3.695084318166771964e-09,-1.026754013998265602e-07,-1.701104300527057589e+01,1.011199780510042778e+01
7.572332620620727539e+00,1.571897087633212786e+00,-7.791343339432710291e-01,-1.586073652451974070e+00,7.694001584579294485e-08,7.679790748650605625e-09,-3.583328891422488116e-09,-1.026754013999078754e-07,-1.701104300527057589e+01,1.011199780510042778e+01
7.583459854125976562e+00,1.571897088391202235e+00,-7.791343338676895991e-01,-1.586073652487184127e+00,7.486687919689761529e-08,7.460995068726133939e-09,-3.471055437000158950e-09,-9.695159236197681274e-08,-1.701104301281062803e+01,1.011199780310580287e+01
7.598436832427978516e+00,1.571897089129041580e+00,-7.791343337943164027e-01,-1.586073652521269750e+00,7.289934599064593155e-08,7.238409964298309074e-09,-3.358491799118970556e-09,-9.153042258847055024e-08,-1.701104301995585644e+01,1.011199780121373415e+01
7.607750177383422852e+00,1.571897089847259066e+00,-7.791343337230852706e-01,-1.586073652554267355e+00,7.094147001034090648e-08,7.031032824098698564e-09,-3.252767838499842634e-09,-9.153042258508241845e-08,-1.701104301995585644e+01,1.011199780121373415e+01
7.617990016937255859e+00,1.571897090546422238e+00,-7.791343336539429121e-01,-1.586073652586208471e+00,6.907886722097014362e-08,6.820876632170763676e-09,-3.147122633242321887e-09,-8.665929242951397882e-08,-1.701104302639118870e+01,1.011199779950635147e+01
7.627820014953613281e+00,1.571897091227009158e+00,-7.791343335868229358e-01,-1.586073652617128626e+00,6.722537307576328339e-08,6.625051224198180710e-09,-3.047885062607350037e-09,-8.665929242951397882e-08,-1.701104302639118870e+01,1.011199779950635147e+01
7.638613462448120117e+00,1.571897091889536302e+00,-7.791343335216711630e-01,-1.586073652647058685e+00,6.545823415005395593e-08,6.427325822608298544e-09,-2.949036838296656415e-09,-8.226334388675344590e-08,-1.701104303220020242e+01,1.011199779796151788e+01
7.649035453796386719e+00,1.571897092534439766e+00,-7.791343334584220903e-01,-1.586073652676033729e+00,6.369968633719179287e-08,6.243104536812760230e-09,-2.856191544777300639e-09,-8.226334388344662928e-08,-1.701104303220020242e+01,1.011199779796151788e+01
7.659970760345458984e+00,1.571897093162202275e+00,-7.791343333970236484e-01,-1.586073652704082848e+00,6.202195352306562152e-08,6.057301594770275743e-09,-2.763802029468256927e-09,-7.815563071020465748e-08,-1.701104303761732695e+01,1.011199779651832387e+01
7.672154664993286133e+00,1.571897093773232168e+00,-7.791343333374131097e-01,-1.586073652731239125e+00,6.035232460569774342e-08,5.884225363905759565e-09,-2.677037038226193211e-09,-7.815563071028597264e-08,-1.701104303761732695e+01,1.011199779651832387e+01
7.681184530258178711e+00,1.571897094367804115e+00,-7.791343332795039878e-01,-1.586073652757543195e+00,5.872590386999136311e-08,5.716399048994597054e-09,-2.593132367471537303e-09,-7.615453059489434538e-08,-1.701104304024892500e+01,1.011199779581661140e+01
7.693923950195312500e+00,1.571897094946153706e+00,-7.791343332232067986e-01,-1.586073652783037691e+00,5.710713825516624750e-08,5.560583290261517098e-09,-2.514503448123803220e-09,-7.615453059481303022e-08,-1.701104304024892500e+01,1.011199779581661140e+01
7.704358577728271484e+00,1.571897095508726583e+00,-7.791343331684771334e-01,-1.586073652807747481e+00,5.556303220405583825e-08,5.402995349734762698e-09,-2.436119857273169598e-09,-7.235020961851579280e-08,-1.701104304524220368e+01,1.011199779448365099e+01
7.714088201522827148e+00,1.571897096055898224e+00,-7.791343331152607021e-01,-1.586073652831700764e+00,5.402616876214064254e-08,5.256759612673467252e-09,-2.362691283938622711e-09,-7.235020961859710796e-08,-1.701104304524220368e+01,1.011199779448365099e+01
7.723800897598266602e+00,1.571897096588114051e+00,-7.791343330635196462e-01,-1.586073652854919747e+00,5.256433502313505486e-08,5.108099680219135852e-09,-2.289175585418537495e-09,-6.850708542463501693e-08,-1.701104305026530383e+01,1.011199779314246783e+01
7.735167026519775391e+00,1.571897097106116803e+00,-7.791343330132785017e-01,-1.586073652877402651e+00,5.117621045111400008e-08,4.956985040754230409e-09,-2.215523735391716764e-09,-6.472947424590591581e-08,-1.701104305519420734e+01,1.011199779182607017e+01
7.743311882019042969e+00,1.571897097610275740e+00,-7.791343329644908611e-01,-1.586073652899174125e+00,4.979474001382856729e-08,4.816285625094257616e-09,-2.146376462197965851e-09,-6.472947424243646886e-08,-1.701104305519420734e+01,1.011199779182607017e+01
7.755272150039672852e+00,1.571897098100992096e+00,-7.791343329171210863e-01,-1.586073652920253929e+00,4.848092568025786590e-08,4.673611863400400912e-09,-2.077241144718411370e-09,-6.127081300308367950e-08,-1.701104305971258057e+01,1.011199779061772297e+01
7.764281511306762695e+00,1.571897098578605156e+00,-7.791343328711235472e-01,-1.586073652940665824e+00,4.717339068517297819e-08,4.540757984894394639e-09,-2.012328184728545688e-09,-6.127081299969554772e-08,-1.701104305971258057e+01,1.011199779061772297e+01
7.773938417434692383e+00,1.571897099043483070e+00,-7.791343328264623835e-01,-1.586073652960430014e+00,4.592766270536375282e-08,4.406445287645499587e-09,-1.947594330600765922e-09,-5.812197452492728900e-08,-1.701104306382703513e+01,1.011199778951536565e+01
7.784133911132812500e+00,1.571897099495936034e+00,-7.791343327830934085e-01,-1.586073652979568482e+00,4.468786034927507266e-08,4.281391193829142683e-09,-1.886818356720484924e-09,-5.812197453178486774e-08,-1.701104306382703513e+01,1.011199778951536565e+01
7.797334194183349609e+00,1.571897099936310216e+00,-7.791343327409814279e-01,-1.586073652998100547e+00,4.350599913848982297e-08,4.155074275098702419e-09,-1.826257900548050594e-09,-5.517341209606923223e-08,-1.701104306767467733e+01,1.011199778848296837e+01
7.807778358459472656e+00,1.571897100364896493e+00,-7.791343327000844754e-01,-1.586073653016047524e+00,4.232973046379591691e-08,4.037487867040306933e-09,-1.769407715832005401e-09,-5.517341210631494276e-08,-1.701104306767467733e+01,1.011199778848296837e+01
7.820632696151733398e+00,1.571897100782021939e+00,-7.791343326603696884e-01,-1.586073653033426734e+00,4.120839260504714861e-08,3.918713331694384516e-09,-1.712759509307076877e-09,-5.237840353466776365e-08,-1.701104307131435789e+01,1.011199778750518163e+01
7.830600023269653320e+00,1.571897101187963219e+00,-7.791343326217972098e-01,-1.586073653050258825e+00,4.009233378394919198e-08,3.808172724644592888e-09,-1.659590043298284079e-09,-5.237840353466776365e-08,-1.701104307131435789e+01,1.011199778750518163e+01
7.843476772308349609e+00,1.571897101582905520e+00,-7.791343325843118617e-01,-1.586073653066568889e+00,3.900562238072545831e-08,3.700930460530382771e-09,-1.608143594417771327e-09,-5.101185574646338594e-08,-1.701104307308987273e+01,1.011199778702790120e+01
7.852957963943481445e+00,1.571897101967008270e+00,-7.791343325478560233e-01,-1.586073653082382684e+00,3.792390113979715073e-08,3.601464554098959825e-09,-1.559962569709638647e-09,-5.101185574646338594e-08,-1.701104307308987273e+01,1.011199778702790120e+01
7.862983942031860352e+00,1.571897102340574115e+00,-7.791343325124020502e-01,-1.586073653097715086e+00,3.689310245245046825e-08,3.500649664676253048e-09,-1.511841743809250183e-09,-4.841310659325524443e-08,-1.701104307646268055e+01,1.011199778612036937e+01
7.875914096832275391e+00,1.571897102704113536e+00,-7.791343324779645974e-01,-1.586073653112565873e+00,3.591353259605487101e-08,3.398258186567554295e-09,-1.463667217158418077e-09,-4.579192597670340460e-08,-1.701104307985401576e+01,1.011199778520780512e+01
7.884657859802246094e+00,1.571897103057882328e+00,-7.791343324445116902e-01,-1.586073653126951477e+00,3.493855106258562850e-08,3.303007203251523416e-09,-1.418463552562213015e-09,-4.579192598025416672e-08,-1.701104307985401576e+01,1.011199778520780512e+01
7.894299507141113281e+00,1.571897103402166040e+00,-7.791343324120190150e-01,-1.586073653140884554e+00,3.401160461697304814e-08,3.206318952529707555e-09,-1.373229197455111406e-09,-4.333544693924107349e-08,-1.701104308303444412e+01,1.011199778435124053e+01
7.904474735260009766e+00,1.571897103737204038e+00,-7.791343323804559295e-01,-1.586073653154381091e+00,3.308899108925538856e-08,3.116367912423673170e-09,-1.330781308934991802e-09,-4.333544693924107349e-08,-1.701104308303444412e+01,1.011199778435124053e+01
7.914215564727783203e+00,1.571897104063039174e+00,-7.791343323497562645e-01,-1.586073653167467956e+00,3.217059079165787618e-08,3.032965108663160381e-09,-1.291033408217651113e-09,-4.333544694262920528e-08,-1.701104308303444412e+01,1.011199778435124053e+01
7.924022197723388672e+00,1.571897104379933463e+00,-7.791343323198979265e-01,-1.586073653180157361e+00,3.129636165322233644e-08,2.948233032273178678e-09,-1.251257141085190816e-09,-4.107628825958582232e-08,-1.701104308596054082e+01,1.011199778356202117e+01
7.933073282241821289e+00,1.571897104688107616e+00,-7.791343322908527158e-01,-1.586073653192463295e+00,3.042612212482073697e-08,2.869695933140070654e-09,-1.214018876963610105e-09,-4.107628825966713748e-08,-1.701104308596054082e+01,1.011199778356202117e+01
7.943261861801147461e+00,1.571897104987817206e+00,-7.791343322626008705e-01,-1.586073653204396194e+00,2.959914249676042983e-08,2.789658664660576992e-09,-1.176658853685452755e-09,-3.885748769963588180e-08,-1.701104308882894145e+01,1.011199778278792039e+01
7.953301906585693359e+00,1.571897105279491003e+00,-7.791343322351578227e-01,-1.586073653215954504e+00,2.881463617067521986e-08,2.708092898366654122e-09,-1.139151667743296126e-09,-3.667729349052240018e-08,-1.701104309164614392e+01,1.011199778202745669e+01
7.970537185668945312e+00,1.571897105563339725e+00,-7.791343322084987033e-01,-1.586073653227150881e+00,2.803379941187134246e-08,2.632217576716000540e-09,-1.103954085264480245e-09,-3.667729349391053197e-08,-1.701104309164614392e+01,1.011199778202745669e+01
7.980796337127685547e+00,1.571897105839594078e+00,-7.791343321826053048e-01,-1.586073653237994430e+00,2.729184165334709415e-08,2.555094819316899857e-09,-1.068698131942782958e-09,-3.468632845193635704e-08,-1.701104309422520089e+01,1.011199778133038407e+01
8.005310535430908203e+00,1.571897106108448128e+00,-7.791343321574535352e-01,-1.586073653248497362e+00,2.655334910524125795e-08,2.483341059265203876e-09,-1.035608290095302308e-09,-3.468632845193635704e-08,-1.701104309422520089e+01,1.011199778133038407e+01
8.025574684143066406e+00,1.571897106370026886e+00,-7.791343321330077565e-01,-1.586073653258675664e+00,2.583481018327558106e-08,2.413619605394490275e-09,-1.003547593116105308e-09,-3.375105183181514867e-08,-1.701104309543755377e+01,1.011199778100232116e+01
8.039649009704589844e+00,1.571897106624608353e+00,-7.791343321092640828e-01,-1.586073653268533334e+00,2.515042749318921900e-08,2.343034853809211615e-09,-9.715482689187648901e-10,-3.200923804824924203e-08,-1.701104309769680611e+01,1.011199778039014241e+01
8.049693822860717773e+00,1.571897106872363725e+00,-7.791343320861988664e-01,-1.586073653278082141e+00,2.446922646449879116e-08,2.277373528473958242e-09,-9.415173380517005697e-10,-3.200923804486111024e-08,-1.701104309769680611e+01,1.011199778039014241e+01
8.060054540634155273e+00,1.571897107113485514e+00,-7.791343320637946768e-01,-1.586073653287330965e+00,2.382055271127781360e-08,2.210859062230091654e-09,-9.115310030220757920e-10,-3.034950707067607389e-08,-1.701104309984746266e+01,1.011199777980681525e+01
8.069698333740234375e+00,1.571897107348137368e+00,-7.791343320420301977e-01,-1.586073653296289798e+00,2.317488366212702450e-08,2.148990336375833365e-09,-8.833908806283458093e-10,-3.034950707059475873e-08,-1.701104309984746266e+01,1.011199777980681525e+01
8.080164432525634766e+00,1.571897107576427199e+00,-7.791343320208744538e-01,-1.586073653304972630e+00,2.254637334358935812e-08,2.088920641497848951e-09,-8.561455496370468099e-10,-2.954701763119294000e-08,-1.701104310088591021e+01,1.011199777952495182e+01
8.094450473785400391e+00,1.571897107798447157e+00,-7.791343320002950268e-01,-1.586073653313392340e+00,2.192070444368039717e-08,2.033240448836431957e-09,-8.306337896148152655e-10,-2.954701763119294000e-08,-1.701104310088591021e+01,1.011199777952495182e+01
8.106613636016845703e+00,1.571897108014374211e+00,-7.791343319802770395e-01,-1.586073653321556920e+00,2.132471898014438351e-08,1.976707542875738577e-09,-8.051278964273794747e-10,-2.803005583543183299e-08,-1.701104310284786081e+01,1.011199777899188668e+01
8.116961956024169922e+00,1.571897108224505013e+00,-7.791343319608297069e-01,-1.586073653329466371e+00,2.075849164490225964e-08,1.919210560440143265e-09,-7.795739667953299756e-10,-2.650585954194761840e-08,-1.701104310481366255e+01,1.011199777845772729e+01
8.130542516708374023e+00,1.571897108428987888e+00,-7.791343319419349323e-01,-1.586073653337129130e+00,2.019487825364707067e-08,1.865746509545351817e-09,-7.555978811385477556e-10,-2.650585954194761840e-08,-1.701104310481366255e+01,1.011199777845772729e+01
8.144763946533203125e+00,1.571897108627988038e+00,-7.791343319235795040e-01,-1.586073653344552081e+00,1.965911670926507801e-08,1.811411178605920602e-09,-7.315914454103511488e-10,-2.508028160153052966e-08,-1.701104310665377639e+01,1.011199777795728671e+01
8.155036926269531250e+00,1.571897108821709965e+00,-7.791343319057588701e-01,-1.586073653351738777e+00,1.913783212962184409e-08,1.758611086182665373e-09,-7.083308948066524557e-10,-2.440395704969371658e-08,-1.701104310752667104e+01,1.011199777771968122e+01
8.166625499725341797e+00,1.571897109010232274e+00,-7.791343318884458302e-01,-1.586073653358700986e+00,1.861894565607924434e-08,1.709506505537944365e-09,-6.865034033864264584e-10,-2.440395704969371658e-08,-1.701104310752667104e+01,1.011199777771968122e+01
8.178984880447387695e+00,1.571897109193699515e+00,-7.791343318716269506e-01,-1.586073653365445368e+00,1.812433116009869692e-08,1.659838497116566947e-09,-6.647373352718782824e-10,-2.316783875855321639e-08,-1.701104310912375794e+01,1.011199777728430327e+01
8.190513134002685547e+00,1.571897109372233148e+00,-7.791343318552853559e-01,-1.586073653371979475e+00,1.763198195767526864e-08,1.613658492417846535e-09,-6.443157626358220202e-10,-2.316783875847190123e-08,-1.701104310912375794e+01,1.011199777728430327e+01
8.199944496154785156e+00,1.571897109545971727e+00,-7.791343318394088335e-01,-1.586073653378309523e+00,1.716289820926828434e-08,1.566902880448944879e-09,-6.239358498177222101e-10,-2.198186416926622110e-08,-1.701104311065294894e+01,1.011199777686705836e+01
8.211559295654296875e+00,1.571897109715030938e+00,-7.791343318239815074e-01,-1.586073653384442839e+00,1.669595461229356637e-08,1.523439996549413866e-09,-6.048175866385507859e-10,-2.198186417265435288e-08,-1.701104311065294894e+01,1.011199777686705836e+01
8.221137285232543945e+00,1.571897109879489163e+00,-7.791343318089817283e-01,-1.586073653390388083e+00,1.624142945807138198e-08,1.481241715655529090e-09,-5.863066898301183549e-10,-2.140014574228410460e-08,-1.701104311140158742e+01,1.011199777666270627e+01
8.232225418090820312e+00,1.571897110039413237e+00,-7.791343317943868474e-01,-1.586073653396154803e+00,1.578892916904224997e-08,1.442156187438786707e-09,-5.689809250922911454e-10,-2.140014574583486671e-08,-1.701104311140158742e+01,1.011199777666270627e+01
8.241721630096435547e+00,1.571897110194931502e+00,-7.791343317801864288e-01,-1.586073653401748329e+00,1.535807088163978866e-08,1.402423750046510875e-09,-5.516429038825848563e-10,-2.029339661591134103e-08,-1.701104311282504966e+01,1.011199777627384222e+01
8.251137733459472656e+00,1.571897110346151871e+00,-7.791343317663667056e-01,-1.586073653407174655e+00,1.492913139030554222e-08,1.365638453883211145e-09,-5.354196300731695057e-10,-2.029339662285023493e-08,-1.701104311282504966e+01,1.011199777627384222e+01
8.261204242706298828e+00,1.571897110493201799e+00,-7.791343317529193513e-01,-1.586073653412438222e+00,1.452189452438585725e-08,1.328038001617570796e-09,-5.191097092113738931e-10,-1.917825140362872105e-08,-1.701104311425571680e+01,1.011199777588302240e+01
8.271384716033935547e+00,1.571897110636189199e+00,-7.791343317398327084e-01,-1.586073653417544804e+00,1.411647624923568437e-08,1.293228389393635824e-09,-5.038484397496684197e-10,-1.917825140362872105e-08,-1.701104311425571680e+01,1.011199777588302240e+01
8.281014919281005859e+00,1.571897110775239526e+00,-7.791343317270988944e-01,-1.586073653422497953e+00,1.373224386621034378e-08,1.257530461706846125e-09,-4.884624911580953688e-10,-1.808669927716444192e-08,-1.701104311565600113e+01,1.011199777550045731e+01
8.293315410614013672e+00,1.571897110910456918e+00,-7.791343317147075842e-01,-1.586073653427302554e+00,1.334973500505005212e-08,1.224475190512996914e-09,-4.740629115391331583e-10,-1.808669927022554802e-08,-1.701104311565600113e+01,1.011199777550045731e+01
8.307740926742553711e+00,1.571897111041960171e+00,-7.791343317026516724e-01,-1.586073653431962605e+00,1.298742720191989244e-08,1.190541229403180301e-09,-4.595328130605619288e-10,-1.704485267866955554e-08,-1.701104311699452154e+01,1.011199777513459708e+01
8.321118354797363281e+00,1.571897111169945127e+00,-7.791343316909392636e-01,-1.586073653436476993e+00,1.264420436201377142e-08,1.155839115824647267e-09,-4.449088348169177864e-10,-1.606251934569260034e-08,-1.701104311825961091e+01,1.011199777478855566e+01
8.335125684738159180e+00,1.571897111294506599e+00,-7.791343316795603657e-01,-1.586073653440849718e+00,1.230256762400363212e-08,1.123565973766560422e-09,-4.311828383490173833e-10,-1.606251934577391551e-08,-1.701104311825961091e+01,1.011199777478855566e+01
8.350946426391601562e+00,1.571897111415705428e+00,-7.791343316684995468e-01,-1.586073653445087439e+00,1.197065553489539119e-08,1.092111710527393642e-09,-4.178499558079445952e-10,-1.560159944977352643e-08,-1.701104311885479348e+01,1.011199777462561578e+01
8.361994028091430664e+00,1.571897111533674174e+00,-7.791343316577561406e-01,-1.586073653449191712e+00,1.165489004885758052e-08,1.060173709672290743e-09,-4.045159606586024026e-10,-1.477574843034012986e-08,-1.701104311992461504e+01,1.011199777433221314e+01
8.374059915542602539e+00,1.571897111648492995e+00,-7.791343316473194891e-01,-1.586073653453167198e+00,1.134058109680986803e-08,1.030463651040258721e-09,-3.919979805165618725e-10,-1.477574842678936774e-08,-1.701104311992461504e+01,1.011199777433221314e+01
8.384118795394897461e+00,1.571897111760215626e+00,-7.791343316371754923e-01,-1.586073653457019894e+00,1.103474493182286797e-08,1.001581434977028007e-09,-3.798670831015038551e-10,-1.437787549782298946e-08,-1.701104312044001432e+01,1.011199777419074408e+01
8.398118972778320312e+00,1.571897111868887809e+00,-7.791343316273086073e-01,-1.586073653460755795e+00,1.073028590310167677e-08,9.748040634242893798e-10,-3.685023211054405667e-10,-1.437787549782298946e-08,-1.701104312044001432e+01,1.011199777419074408e+01
8.406850337982177734e+00,1.571897111974594141e+00,-7.791343316177118394e-01,-1.586073653464377342e+00,1.044024447907740578e-08,9.475960749578959952e-10,-3.571409797672314701e-10,-1.364045714574713131e-08,-1.701104312139569430e+01,1.011199777392807775e+01
8.417921066284179688e+00,1.571897112077479175e+00,-7.791343316083897408e-01,-1.586073653467885425e+00,1.016451911798243925e-08,9.199300540080335153e-10,-3.457680975305771343e-10,-1.290727750721809564e-08,-1.701104312234325633e+01,1.011199777366756969e+01
8.432194948196411133e+00,1.571897112177613964e+00,-7.791343315993335406e-01,-1.586073653471283595e+00,9.890060172028630053e-09,8.941973225241872658e-10,-3.350921927089411945e-10,-1.290727750721809564e-08,-1.701104312234325633e+01,1.011199777366756969e+01
8.445093870162963867e+00,1.571897112275045583e+00,-7.791343315905308042e-01,-1.586073653474576961e+00,9.623149639466561413e-09,8.691564516716265842e-10,-3.247380721532050485e-10,-1.255138817177398926e-08,-1.701104312280299524e+01,1.011199777354112150e+01
8.454952716827392578e+00,1.571897112369814886e+00,-7.791343315819683202e-01,-1.586073653477770629e+00,9.357436544439362743e-09,8.459421713472026205e-10,-3.150383565131420482e-10,-1.255138816846717263e-08,-1.701104312280299524e+01,1.011199777354112150e+01
8.464864492416381836e+00,1.571897112461997148e+00,-7.791343315736402042e-01,-1.586073653480867041e+00,9.104458029404239629e-09,8.223304832216671301e-10,-3.053331873361514459e-10,-1.189951847135688710e-08,-1.701104312364557458e+01,1.011199777330907423e+01
8.475341320037841797e+00,1.571897112551718267e+00,-7.791343315655502311e-01,-1.586073653483866641e+00,8.864036873858921473e-09,7.983129322527982019e-10,-2.956146078793298049e-10,-1.125629579476483677e-08,-1.701104312447489519e+01,1.011199777308061343e+01
8.485270023345947266e+00,1.571897112639041305e+00,-7.791343315576914064e-01,-1.586073653486771873e+00,8.624716839772698582e-09,7.759731516197854173e-10,-2.864914943733615216e-10,-1.125629579129538982e-08,-1.701104312447489519e+01,1.011199777308061343e+01
8.497021913528442383e+00,1.571897112724035761e+00,-7.791343315500577349e-01,-1.586073653489585844e+00,8.397076580726400841e-09,7.532814966411394142e-10,-2.773661727812487543e-10,-1.065885361562130852e-08,-1.701104312524553563e+01,1.011199777286812207e+01
8.507010936737060547e+00,1.571897112806759145e+00,-7.791343315426424443e-01,-1.586073653492311886e+00,8.170476092407303464e-09,7.321729633170959151e-10,-2.687993118019593730e-10,-1.065885361562130852e-08,-1.701104312524553563e+01,1.011199777286812207e+01
8.518282890319824219e+00,1.571897112887275627e+00,-7.791343315354394283e-01,-1.586073653494952662e+00,7.954613620534821579e-09,7.107893774428719613e-10,-2.602502577591508937e-10,-1.011114604196339251e-08,-1.701104312595175116e+01,1.011199777267311184e+01
8.528167963027954102e+00,1.571897112965639165e+00,-7.791343315284422477e-01,-1.586073653497510616e+00,7.739732959554149715e-09,6.908996001177281077e-10,-2.522250732925335193e-10,-1.011114603849394555e-08,-1.701104312595175116e+01,1.011199777267311184e+01
8.538716077804565430e+00,1.571897113041909266e+00,-7.791343315216451293e-01,-1.586073653499988412e+00,7.534944974075239756e-09,6.707662836627492631e-10,-2.442212586675762687e-10,-9.596854873202562489e-09,-1.701104312661377449e+01,1.011199777249013110e+01
8.550376892089843750e+00,1.571897113116136779e+00,-7.791343315150416338e-01,-1.586073653502388714e+00,7.331084186449330665e-09,6.520426568470960582e-10,-2.367088096713598766e-10,-9.596854869814430700e-09,-1.701104312661377449e+01,1.011199777249013110e+01
8.561873912811279297e+00,1.571897113188378325e+00,-7.791343315086266541e-01,-1.586073653504714409e+00,7.136799444996890125e-09,6.330899203314810375e-10,-2.292162542671255521e-10,-9.108964887927228915e-09,-1.701104312724043410e+01,1.011199777231677288e+01
8.572844028472900391e+00,1.571897113258681644e+00,-7.791343315023936400e-01,-1.586073653506967718e+00,6.943390444281430027e-09,6.154677327681323806e-10,-2.221848952651400699e-10,-9.108964894866122819e-09,-1.701104312724043410e+01,1.011199777231677288e+01
8.583118200302124023e+00,1.571897113327078932e+00,-7.791343314963340427e-01,-1.586073653509151526e+00,6.755077149974884031e-09,5.983612750247446765e-10,-2.153786289940673448e-10,-8.870419981795449674e-09,-1.701104312754612735e+01,1.011199777223217211e+01
8.595274448394775391e+00,1.571897113393597945e+00,-7.791343314904385364e-01,-1.586073653511269832e+00,6.567592176980161130e-09,5.825123807791376951e-10,-2.090054639775074108e-10,-8.870419978407317885e-09,-1.701104312754612735e+01,1.011199777223217211e+01
8.608179092407226562e+00,1.571897113458290862e+00,-7.791343314847030133e-01,-1.586073653513324411e+00,6.388985257415658904e-09,5.664132977749314346e-10,-2.026336392516731033e-10,-8.416893088671615134e-09,-1.701104312812667985e+01,1.011199777207141182e+01
8.620718479156494141e+00,1.571897113521246947e+00,-7.791343314791301378e-01,-1.586073653515315485e+00,6.219307993287465607e-09,5.500283496891189561e-10,-1.962481353638689807e-10,-7.959638528230164253e-09,-1.701104312871019175e+01,1.011199777190983795e+01
8.630896806716918945e+00,1.571897113582510164e+00,-7.791343314737145809e-01,-1.586073653517244608e+00,6.050392948507782656e-09,5.347993623470992386e-10,-1.902571154007576260e-10,-7.959638535087742994e-09,-1.701104312871019175e+01,1.011199777190983795e+01
8.643564462661743164e+00,1.571897113642110044e+00,-7.791343314684490151e-01,-1.586073653519114890e+00,5.886189194438955392e-09,5.199752789800116126e-10,-1.844435823690482312e-10,-7.736783973812675144e-09,-1.701104312899452609e+01,1.011199777183109383e+01
8.653565883636474609e+00,1.571897113700072346e+00,-7.791343314633256689e-01,-1.586073653520929216e+00,5.722706558806901940e-09,5.062440254326172617e-10,-1.790006612985978185e-10,-7.736783973812675144e-09,-1.701104312899452609e+01,1.011199777183109383e+01
8.664685726165771484e+00,1.571897113756443032e+00,-7.791343314583409896e-01,-1.586073653522689142e+00,5.567205348821656005e-09,4.922550977948247919e-10,-1.735448492811569876e-10,-7.328012866653077495e-09,-1.701104312951673592e+01,1.011199777168632608e+01
8.677596807479858398e+00,1.571897113811262958e+00,-7.791343314534905362e-01,-1.586073653524396443e+00,5.412387302350233666e-09,4.793007154363371214e-10,-1.684375813739563688e-10,-7.328012870122524447e-09,-1.701104312951673592e+01,1.011199777168632608e+01
8.689248085021972656e+00,1.571897113864577866e+00,-7.791343314487713112e-01,-1.586073653526052230e+00,5.265415168898565992e-09,4.660548245070950113e-10,-1.633025643963531559e-10,-6.924944142503710806e-09,-1.701104313003093438e+01,1.011199777154374857e+01
8.703591346740722656e+00,1.571897113916465027e+00,-7.791343314441858681e-01,-1.586073653527656502e+00,5.126057822367490781e-09,4.525277253614179429e-10,-1.581407871407286558e-10,-6.533810308848855483e-09,-1.701104313052999473e+01,1.011199777140534373e+01
8.714559555053710938e+00,1.571897113966962189e+00,-7.791343314397304320e-01,-1.586073653529211258e+00,4.987329207847531268e-09,4.399517503778094252e-10,-1.532965369227534680e-10,-6.533810312155672109e-09,-1.701104313052999473e+01,1.011199777140534373e+01
8.728510856628417969e+00,1.571897114016093555e+00,-7.791343314353988969e-01,-1.586073653530718053e+00,4.852520693493273148e-09,4.276998360509820518e-10,-1.485924118124759552e-10,-6.347992138888702840e-09,-1.701104313076744745e+01,1.011199777133944622e+01
8.738672018051147461e+00,1.571897114063912859e+00,-7.791343314311911517e-01,-1.586073653532177774e+00,4.724279122579871232e-09,4.152569759406643524e-10,-1.438868533869264166e-10,-6.012336739499033259e-09,-1.701104313119745015e+01,1.011199777121995957e+01
8.747674703598022461e+00,1.571897114110453186e+00,-7.791343314271028664e-01,-1.586073653533592198e+00,4.596615084127343188e-09,4.036868725583453443e-10,-1.394700121452180364e-10,-6.012336739580348421e-09,-1.701104313119745015e+01,1.011199777121995957e+01
8.758447170257568359e+00,1.571897114155735409e+00,-7.791343314231286010e-01,-1.586073653534962880e+00,4.472402366907744092e-09,3.924384380828149776e-10,-1.351888507823001406e-10,-5.849940899830532656e-09,-1.701104313140544377e+01,1.011199777116212850e+01
8.771507024765014648e+00,1.571897114199778844e+00,-7.791343314192622493e-01,-1.586073653536292483e+00,4.348735805771828007e-09,3.820147843891508188e-10,-1.311788279997200268e-10,-5.849940896279770541e-09,-1.701104313140544377e+01,1.011199777116212850e+01
8.785264968872070312e+00,1.571897114242632343e+00,-7.791343314155038113e-01,-1.586073653537581230e+00,4.233603736569606368e-09,3.709369361150349764e-10,-1.270378554955875483e-10,-5.400213047568325209e-09,-1.701104313198141327e+01,1.011199777100179453e+01
8.798352718353271484e+00,1.571897114284352304e+00,-7.791343314118545083e-01,-1.586073653538829342e+00,4.121693287698459732e-09,3.601497437950851310e-10,-1.230187935026549884e-10,-5.248325506829187859e-09,-1.701104313217537367e+01,1.011199777094780927e+01
8.814267158508300781e+00,1.571897114324956046e+00,-7.791343314083087890e-01,-1.586073653540038597e+00,4.010284566921605391e-09,3.501194841860899576e-10,-1.192463660367598655e-10,-5.248325510379949974e-09,-1.701104313217537367e+01,1.011199777094780927e+01
8.823251247406005859e+00,1.571897114364474657e+00,-7.791343314048641000e-01,-1.586073653541210104e+00,3.904165623807415685e-09,3.399532218228973335e-10,-1.154799487371876987e-10,-4.978524280248872516e-09,-1.701104313252068323e+01,1.011199777085155915e+01
8.834149122238159180e+00,1.571897114402934781e+00,-7.791343314015172217e-01,-1.586073653542345196e+00,3.798520596846942203e-09,3.305014621354795956e-10,-1.119449546081729974e-10,-4.978524276942055890e-09,-1.701104313252068323e+01,1.011199777085155915e+01
8.843389987945556641e+00,1.571897114440353960e+00,-7.791343313982633800e-01,-1.586073653543445650e+00,3.695664289540432842e-09,3.213236864085811106e-10,-1.085222623570247791e-10,-4.847794273567804582e-09,-1.701104313268771762e+01,1.011199777080497419e+01
8.853470087051391602e+00,1.571897114476747292e+00,-7.791343313950974681e-01,-1.586073653544513018e+00,3.593256218408663084e-09,3.128212467708169076e-10,-1.053169743255033541e-10,-4.847794270260987956e-09,-1.701104313268771762e+01,1.011199777080497419e+01
8.863462209701538086e+00,1.571897114512143423e+00,-7.791343313920171543e-01,-1.586073653545548412e+00,3.495693057109917727e-09,3.041816937221497597e-10,-1.021122813041341892e-10,-4.600276985733398050e-09,-1.701104313300373505e+01,1.011199777071677275e+01
8.874477863311767578e+00,1.571897114546565666e+00,-7.791343313890197742e-01,-1.586073653546552720e+00,3.398554527061473270e-09,2.961814803831286369e-10,-9.911208160608142581e-11,-4.600276985733398050e-09,-1.701104313300373505e+01,1.011199777071677275e+01
8.885462760925292969e+00,1.571897114580043331e+00,-7.791343313861034403e-01,-1.586073653547527051e+00,3.306268987079584096e-09,2.880099340442365818e-10,-9.609900830827300400e-11,-4.351247275685699023e-09,-1.701104313332067974e+01,1.011199777062832972e+01
8.897970676422119141e+00,1.571897114612624380e+00,-7.791343313832698181e-01,-1.586073653548471185e+00,3.218735783385318766e-09,2.796672997351645762e-10,-9.307162592703255299e-11,-4.107278267495573232e-09,-1.701104313363095599e+01,1.011199777054173943e+01
8.909621477127075195e+00,1.571897114644332127e+00,-7.791343313805162429e-01,-1.586073653549386231e+00,3.131593381475433063e-09,2.719124847158638225e-10,-9.023056694174025338e-11,-4.107278264026126280e-09,-1.701104313363095599e+01,1.011199777054173943e+01
8.920541763305664062e+00,1.571897114675192553e+00,-7.791343313778409385e-01,-1.586073653550272855e+00,3.048798848486453973e-09,2.640177876669924650e-10,-8.738288738430188829e-11,-3.884614518945284090e-09,-1.701104313391472900e+01,1.011199777046247306e+01
8.933091402053833008e+00,1.571897114705226750e+00,-7.791343313752416844e-01,-1.586073653551131946e+00,2.966373470263908990e-09,2.566780199844687083e-10,-8.471010915292453980e-11,-3.884614518945284090e-09,-1.701104313391472900e+01,1.011199777046247306e+01
8.942737579345703125e+00,1.571897114734448930e+00,-7.791343313727145947e-01,-1.586073653551964613e+00,2.886170334030855461e-09,2.495433785824896500e-10,-8.211959823083148091e-11,-3.780034518036101687e-09,-1.701104313404809076e+01,1.011199777042519266e+01
8.953504800796508789e+00,1.571897114762870862e+00,-7.791343313702560058e-01,-1.586073653552772189e+00,2.806316343098146787e-09,2.429332165120035025e-10,-7.969331097812393239e-11,-3.780034518036101687e-09,-1.701104313404809076e+01,1.011199777042519266e+01
8.963004589080810547e+00,1.571897114790515415e+00,-7.791343313678641413e-01,-1.586073653553555562e+00,2.730271999356790290e-09,2.362108204347068696e-10,-7.726553056218443682e-11,-3.585265383188041000e-09,-1.701104313429657822e+01,1.011199777035566250e+01
8.972763538360595703e+00,1.571897114817401242e+00,-7.791343313655366698e-01,-1.586073653554316065e+00,2.654558392138671799e-09,2.299849104561713098e-10,-7.499229232391102506e-11,-3.585265379799909211e-09,-1.701104313429657822e+01,1.011199777035566250e+01
8.984414100646972656e+00,1.571897114843550991e+00,-7.791343313632721479e-01,-1.586073653555053253e+00,2.582626794090910408e-09,2.236252519965953311e-10,-7.270953153795667312e-11,-3.391177411798951269e-09,-1.701104313454359840e+01,1.011199777028652846e+01
8.994466066360473633e+00,1.571897114868983092e+00,-7.791343313610686883e-01,-1.586073653555768681e+00,2.511008509776288360e-09,2.177355943114300807e-10,-7.057198358681460171e-11,-3.391177418737845173e-09,-1.701104313454359840e+01,1.011199777028652846e+01
9.006120204925537109e+00,1.571897114893719305e+00,-7.791343313589248476e-01,-1.586073653556462570e+00,2.443072678607791613e-09,2.117021471320645887e-10,-6.841986981316605654e-11,-3.201759021022885024e-09,-1.701104313478451502e+01,1.011199777021910506e+01
9.016469240188598633e+00,1.571897114917794935e+00,-7.791343313568420692e-01,-1.586073653557134255e+00,2.378657583998033259e-09,2.055388259765422720e-10,-6.625639208286682180e-11,-3.020909963071536156e-09,-1.701104313501468113e+01,1.011199777015466417e+01
9.027525424957275391e+00,1.571897114941228857e+00,-7.791343313548184657e-01,-1.586073653557785734e+00,2.314530751749304706e-09,1.998075311974989443e-10,-6.422521780895251720e-11,-3.020909959764719530e-09,-1.701104313501468113e+01,1.011199777015466417e+01
9.038384199142456055e+00,1.571897114964038611e+00,-7.791343313528528158e-01,-1.586073653558416785e+00,2.253587448895538400e-09,1.939751662245747799e-10,-6.219039584524910236e-11,-2.857911310464580565e-09,-1.701104313522275291e+01,1.011199777009633571e+01
9.049931287765502930e+00,1.571897114986240629e+00,-7.791343313509433433e-01,-1.586073653559027852e+00,2.192916331256677086e-09,1.885505263206355142e-10,-6.027981456005471195e-11,-2.857911310383265402e-09,-1.701104313522275291e+01,1.011199777009633571e+01
9.060219526290893555e+00,1.571897115007852230e+00,-7.791343313490884936e-01,-1.586073653559620267e+00,2.135129205437045347e-09,1.830512256530136828e-10,-5.837211746947956748e-11,-2.710800566657622923e-09,-1.701104313541075541e+01,1.011199777004356370e+01
9.071934461593627930e+00,1.571897115028886960e+00,-7.791343313472863796e-01,-1.586073653560194030e+00,2.077599104894126657e-09,1.779366684377670094e-10,-5.658092570859363235e-11,-2.710800566738938086e-09,-1.701104313541075541e+01,1.011199777004356370e+01
9.080263137817382812e+00,1.571897115049354587e+00,-7.791343313455347808e-01,-1.586073653560750252e+00,2.021577868023234983e-09,1.729706768441308107e-10,-5.484689829041156095e-11,-2.640120372402734658e-09,-1.701104313550096947e+01,1.011199777001821865e+01
9.088806629180908203e+00,1.571897115069263329e+00,-7.791343313438304774e-01,-1.586073653561289820e+00,1.965799627720306135e-09,1.683682325503976784e-10,-5.322235035500055833e-11,-2.640120375790866447e-09,-1.701104313550096947e+01,1.011199777001821865e+01
9.099618196487426758e+00,1.571897115088628505e+00,-7.791343313421726924e-01,-1.586073653561812957e+00,1.912633741110118107e-09,1.636954009842650493e-10,-5.159952630104380766e-11,-2.506774791216637155e-09,-1.701104313567102722e+01,1.011199776997041333e+01
9.109592914581298828e+00,1.571897115107463438e+00,-7.791343313405599824e-01,-1.586073653562320773e+00,1.859697986900696147e-09,1.593666461817411228e-10,-5.007965700118410801e-11,-2.506774787747190203e-09,-1.701104313567102722e+01,1.011199776997041333e+01
9.121420860290527344e+00,1.571897115125783673e+00,-7.791343313389910152e-01,-1.586073653562813046e+00,1.809376954146034444e-09,1.549497240585506752e-10,-4.855498533622160107e-11,-2.372728818977876131e-09,-1.701104313584136207e+01,1.011199776992253341e+01
9.134116888046264648e+00,1.571897115143601864e+00,-7.791343313374642365e-01,-1.586073653563290442e+00,1.759273895359241176e-09,1.508585110131244189e-10,-4.712713140737900819e-11,-2.372728815589744342e-09,-1.701104313584136207e+01,1.011199776992253341e+01
9.145385265350341797e+00,1.571897115160932890e+00,-7.791343313359789802e-01,-1.586073653563753849e+00,1.711728091842619481e-09,1.466708837716268476e-10,-4.569048633364103384e-11,-2.241300520178235445e-09,-1.701104313600812290e+01,1.011199776987566601e+01
9.155146837234497070e+00,1.571897115177802062e+00,-7.791343313345361343e-01,-1.586073653564202601e+00,1.666633864648588668e-09,1.423956365147194258e-10,-4.424718057227661205e-11,-2.115461018246380873e-09,-1.701104313616782093e+01,1.011199776983075793e+01
9.166710853576660156e+00,1.571897115194221373e+00,-7.791343313331342557e-01,-1.586073653564637587e+00,1.621740118077871252e-09,1.384196936758674834e-10,-4.289205796093042977e-11,-2.115461018165065710e-09,-1.701104313616782093e+01,1.011199776983075793e+01
9.175152063369750977e+00,1.571897115210203699e+00,-7.791343313317725672e-01,-1.586073653565059027e+00,1.579067403608335959e-09,1.343754699525967489e-10,-4.153477128204796642e-11,-2.001820567030512463e-09,-1.701104313631239151e+01,1.011199776979007225e+01
9.186675071716308594e+00,1.571897115225760366e+00,-7.791343313304498475e-01,-1.586073653565467145e+00,1.536583962174521700e-09,1.306136644153854665e-10,-4.026020575947919511e-11,-2.001820570337329089e-09,-1.701104313631239151e+01,1.011199776979007225e+01
9.198319911956787109e+00,1.571897115240903364e+00,-7.791343313291649864e-01,-1.586073653565862829e+00,1.496115390673931692e-09,1.268014408750683941e-10,-3.898791554358960187e-11,-1.899105327938513041e-09,-1.701104313644317756e+01,1.011199776975320930e+01
9.213245630264282227e+00,1.571897115255642907e+00,-7.791343313279166516e-01,-1.586073653566245856e+00,1.455825560377579410e-09,1.232557575968351582e-10,-3.779327718833602745e-11,-1.899105331245329667e-09,-1.701104313644317756e+01,1.011199776975320930e+01
9.224066972732543945e+00,1.571897115269985212e+00,-7.791343313267032888e-01,-1.586073653566617780e+00,1.416590141522199031e-09,1.198134924607074936e-10,-3.663676523615877478e-11,-1.849718711532943871e-09,-1.701104313650597177e+01,1.011199776973549902e+01
9.241374492645263672e+00,1.571897115283936275e+00,-7.791343313255230107e-01,-1.586073653566978159e+00,1.377523678905792116e-09,1.166230610347152030e-10,-3.555326345827669599e-11,-1.849718711451628708e-09,-1.701104313650597177e+01,1.011199776973549902e+01
9.251722574234008789e+00,1.571897115297506531e+00,-7.791343313243748181e-01,-1.586073653567327879e+00,1.340284369979235363e-09,1.133846484584200009e-10,-3.447117374530406231e-11,-1.756497162996861761e-09,-1.701104313662441214e+01,1.011199776970207331e+01
9.264481067657470703e+00,1.571897115310709747e+00,-7.791343313232584888e-01,-1.586073653567666719e+00,1.304030018570243726e-09,1.102401186829637947e-10,-3.342324052073297747e-11,-1.710279622703933869e-09,-1.701104313668297152e+01,1.011199776968555142e+01
9.277602195739746094e+00,1.571897115323560579e+00,-7.791343313221739120e-01,-1.586073653567995345e+00,1.269596455689882969e-09,1.070371972479444711e-10,-3.237242418574481917e-11,-1.617041431312138400e-09,-1.701104313680087898e+01,1.011199776965229091e+01
9.288353443145751953e+00,1.571897115336067685e+00,-7.791343313211201993e-01,-1.586073653568313535e+00,1.235314012296455030e-09,1.040592659783123874e-10,-3.138600729139795487e-11,-1.617041431230823237e-09,-1.701104313680087898e+01,1.011199776965229091e+01
9.299683570861816406e+00,1.571897115348241281e+00,-7.791343313200964626e-01,-1.586073653568621955e+00,1.202698395993333051e-09,1.010348892223345008e-10,-3.039924692180284715e-11,-1.531919525179234812e-09,-1.701104313690860437e+01,1.011199776962187435e+01
9.314003944396972656e+00,1.571897115360089581e+00,-7.791343313191017028e-01,-1.586073653568920827e+00,1.170225528404535836e-09,9.822289726360566853e-11,-2.947292757071728886e-11,-1.531919521791103023e-09,-1.701104313690860437e+01,1.011199776962187435e+01
9.324106216430664062e+00,1.571897115371617915e+00,-7.791343313181346986e-01,-1.586073653569210373e+00,1.138615518601719667e-09,9.549142639814212075e-11,-2.857558027008488821e-11,-1.491378628150916499e-09,-1.701104313695986647e+01,1.011199776960738994e+01
9.341020107269287109e+00,1.571897115382830723e+00,-7.791343313171938956e-01,-1.586073653569491482e+00,1.107140480964725893e-09,9.296068689129688423e-11,-2.773504950009941794e-11,-1.491378624762784710e-09,-1.701104313695986647e+01,1.011199776960738994e+01
9.350389242172241211e+00,1.571897115393737554e+00,-7.791343313162785167e-01,-1.586073653569764152e+00,1.077155881390413558e-09,9.038912153480627154e-11,-2.689456882025431650e-11,-1.415286086323954903e-09,-1.701104313705608106e+01,1.011199776958018681e+01
9.363196611404418945e+00,1.571897115404348622e+00,-7.791343313153884509e-01,-1.586073653570028608e+00,1.047970957801795840e-09,8.789138644313410076e-11,-2.608050971367181781e-11,-1.377689982928753665e-09,-1.701104313710352756e+01,1.011199776956676466e+01
9.373113155364990234e+00,1.571897115414668367e+00,-7.791343313145224769e-01,-1.586073653570285069e+00,1.018910374814469867e-09,8.557839679956824597e-11,-2.531823535545374426e-11,-1.377689986398200617e-09,-1.701104313710352756e+01,1.011199776956676466e+01
9.382118701934814453e+00,1.571897115424705671e+00,-7.791343313136797066e-01,-1.586073653570534203e+00,9.913241788187627732e-10,8.321218844184463670e-11,-2.455146654554984931e-11,-1.301995622508258718e-09,-1.701104313719889305e+01,1.011199776953980844e+01
9.392138957977294922e+00,1.571897115434467862e+00,-7.791343313128599180e-01,-1.586073653570775788e+00,9.638557583498000639e-10,8.102087100184118817e-11,-2.383344324848046814e-11,-1.301995622426943555e-09,-1.701104313719889305e+01,1.011199776953980844e+01
9.402200460433959961e+00,1.571897115443962933e+00,-7.791343313120621117e-01,-1.586073653571010045e+00,9.377936247787497029e-10,7.877762418090350494e-11,-2.311083681198755624e-11,-1.229757320362614634e-09,-1.701104313728988515e+01,1.011199776951407436e+01
9.411899566650390625e+00,1.571897115453198213e+00,-7.791343313112858437e-01,-1.586073653571237418e+00,9.118430977053974471e-10,7.670000398696252830e-11,-2.243411554615770687e-11,-1.229757323750746423e-09,-1.701104313728988515e+01,1.011199776951407436e+01
9.422225475311279297e+00,1.571897115462181027e+00,-7.791343313105306700e-01,-1.586073653571457909e+00,8.872385570511545985e-10,7.457037331376481504e-11,-2.175201663755232939e-11,-1.160543404351297228e-09,-1.701104313737711138e+01,1.011199776948940965e+01
9.434884309768676758e+00,1.571897115470918704e+00,-7.791343313097959244e-01,-1.586073653571671738e+00,8.627396912922868227e-10,7.259749962643113896e-11,-2.111305900075188813e-11,-1.160543404432612391e-09,-1.701104313737711138e+01,1.011199776948940965e+01
9.443698644638061523e+00,1.571897115479418350e+00,-7.791343313090812739e-01,-1.586073653571879127e+00,8.395135902639419556e-10,7.057490702955249162e-11,-2.046910362561715768e-11,-1.095073889206821249e-09,-1.701104313745975105e+01,1.011199776946602569e+01
9.456134796142578125e+00,1.571897115487692176e+00,-7.791343313083869404e-01,-1.586073653572080300e+00,8.174874975764483478e-10,6.850978378353245191e-11,-1.982205740692910556e-11,-1.033488194411005465e-09,-1.701104313753761588e+01,1.011199776944397399e+01
9.469973802566528320e+00,1.571897115495746400e+00,-7.791343313077124799e-01,-1.586073653572275255e+00,7.955585844911022483e-10,6.658868638778625559e-11,-1.921433389999449570e-11,-1.033488190941558513e-09,-1.701104313753761588e+01,1.011199776944397399e+01
9.481333494186401367e+00,1.571897115503587017e+00,-7.791343313070574483e-01,-1.586073653572463993e+00,7.747075914398037291e-10,6.463558030814220423e-11,-1.860602297232283320e-11,-9.783725356835113601e-10,-1.701104313760753328e+01,1.011199776942415163e+01
9.492149114608764648e+00,1.571897115511219800e+00,-7.791343313064212905e-01,-1.586073653572646736e+00,7.539482869538824752e-10,6.281833300064709746e-11,-1.803462696021995715e-11,-9.783725357648265231e-10,-1.701104313760753328e+01,1.011199776942415163e+01
9.504337310791015625e+00,1.571897115518648080e+00,-7.791343313058028963e-01,-1.586073653572823927e+00,7.337367158489647642e-10,6.105295522612630421e-11,-1.748108515581270339e-11,-9.526722986874514021e-10,-1.701104313764014364e+01,1.011199776941489858e+01
9.513207435607910156e+00,1.571897115525874522e+00,-7.791343313052015995e-01,-1.586073653572995790e+00,7.136117981119049700e-10,5.941590752386871621e-11,-1.696217840664593357e-11,-9.526722987687665650e-10,-1.701104313764014364e+01,1.011199776941489858e+01
9.524620532989501953e+00,1.571897115532905120e+00,-7.791343313046165120e-01,-1.586073653573162545e+00,6.944237835584607388e-10,5.775475627259329947e-11,-1.644415246332409097e-11,-9.048887784912640342e-10,-1.701104313770078846e+01,1.011199776939767148e+01
9.540581464767456055e+00,1.571897115539748757e+00,-7.791343313040484109e-01,-1.586073653573324194e+00,6.761694384607849426e-10,5.606760672058341832e-11,-1.592617400805740324e-11,-8.572052478375471324e-10,-1.701104313776107801e+01,1.011199776938054740e+01
9.552236557006835938e+00,1.571897115546410539e+00,-7.791343313034964080e-01,-1.586073653573480735e+00,6.579947528680130109e-10,5.449831601625487743e-11,-1.543973239190310487e-11,-8.572052511443637585e-10,-1.701104313776107801e+01,1.011199776938054740e+01
9.561534404754638672e+00,1.571897115552893132e+00,-7.791343313029599482e-01,-1.586073653573632392e+00,6.403120340263239452e-10,5.297192502348724297e-11,-1.496800947076160071e-11,-8.339993418093882838e-10,-1.701104313779040211e+01,1.011199776937221984e+01
9.571616888046264648e+00,1.571897115559199198e+00,-7.791343313024380324e-01,-1.586073653573779607e+00,6.227046445893497442e-10,5.155691368621817539e-11,-1.452593796115453362e-11,-8.339993417280731208e-10,-1.701104313779040211e+01,1.011199776937221984e+01
9.582346200942993164e+00,1.571897115565334069e+00,-7.791343313019305494e-01,-1.586073653573922382e+00,6.059319532941438019e-10,5.011891509448807014e-11,-1.408397617280732206e-11,-7.913795278000155392e-10,-1.701104313784423994e+01,1.011199776935691119e+01
9.592213630676269531e+00,1.571897115571301518e+00,-7.791343313014367222e-01,-1.586073653574060938e+00,5.892305494572961169e-10,4.878626018792187047e-11,-1.366984672158955139e-11,-7.913795244118837502e-10,-1.701104313784423994e+01,1.011199776935691119e+01
9.601971149444580078e+00,1.571897115577106208e+00,-7.791343313009564397e-01,-1.586073653574195275e+00,5.733527937363050442e-10,4.742708959934449631e-11,-1.325444788646823469e-11,-7.491985573593318293e-10,-1.701104313789735301e+01,1.011199776934181038e+01
9.611131429672241211e+00,1.571897115582752802e+00,-7.791343313004891469e-01,-1.586073653574325615e+00,5.575425280691156255e-10,4.616764999812450476e-11,-1.286531428265624832e-11,-7.491985573593318293e-10,-1.701104313789735301e+01,1.011199776934181038e+01
9.622078657150268555e+00,1.571897115588245519e+00,-7.791343313000347326e-01,-1.586073653574452180e+00,5.425333405998430253e-10,4.487985027015750639e-11,-1.247415257026041058e-11,-7.080873421513953631e-10,-1.701104313794905210e+01,1.011199776932710925e+01
9.634066820144653320e+00,1.571897115593588579e+00,-7.791343312995924197e-01,-1.586073653574575193e+00,5.275880433078987755e-10,4.368637829960109187e-11,-1.210765580676731457e-11,-7.080873422327105260e-10,-1.701104313794905210e+01,1.011199776932710925e+01
9.644094467163085938e+00,1.571897115598786421e+00,-7.791343312991623193e-01,-1.586073653574694209e+00,5.134079292343912693e-10,4.246498161789014070e-11,-1.173885424629594887e-11,-6.687919905379313690e-10,-1.701104313799845258e+01,1.011199776931306182e+01
9.654954910278320312e+00,1.571897115603842821e+00,-7.791343312987443204e-01,-1.586073653574809672e+00,4.992882768198921711e-10,4.133281260657040157e-11,-1.139325504599664196e-11,-6.687919939260631580e-10,-1.701104313799845258e+01,1.011199776931306182e+01
9.665386915206909180e+00,1.571897115608761553e+00,-7.791343312983374236e-01,-1.586073653574921805e+00,4.858928719987144762e-10,4.017396875236056708e-11,-1.104519839305317941e-11,-6.315920668409358285e-10,-1.701104313804523827e+01,1.011199776929976224e+01
9.674147605895996094e+00,1.571897115613550611e+00,-7.791343312979422953e-01,-1.586073653575030162e+00,4.731815311212646258e-10,3.899263290724208630e-11,-1.069586715203574290e-11,-5.965444632141572029e-10,-1.701104313808934165e+01,1.011199776928720695e+01
9.684679508209228516e+00,1.571897115618212659e+00,-7.791343312975587132e-01,-1.586073653575135411e+00,4.605257507262448813e-10,3.789323976127745297e-11,-1.036767004712613183e-11,-5.965444632141572029e-10,-1.701104313808934165e+01,1.011199776928720695e+01
9.695986747741699219e+00,1.571897115622751695e+00,-7.791343312971862334e-01,-1.586073653575237330e+00,4.484857030971059130e-10,3.677689533118644327e-11,-1.003944670452394661e-11,-5.651071139625620660e-10,-1.701104313812902191e+01,1.011199776927590044e+01
9.705260992050170898e+00,1.571897115627170605e+00,-7.791343312968243007e-01,-1.586073653575336140e+00,4.364980870242424205e-10,3.573785104654669809e-11,-9.731110015009925007e-12,-5.651071174320090179e-10,-1.701104313812902191e+01,1.011199776927590044e+01
9.716293334960937500e+00,1.571897115631472497e+00,-7.791343312964729151e-01,-1.586073653575431841e+00,4.250684117028131342e-10,3.468703839784592624e-11,-9.423849070891443525e-12,-5.367391947563859844e-10,-1.701104313816480840e+01,1.011199776926568994e+01
9.727026224136352539e+00,1.571897115635660480e+00,-7.791343312961314105e-01,-1.586073653575524434e+00,4.136882444949214338e-10,3.370916349873520623e-11,-9.135223176873208395e-12,-5.367391981445177734e-10,-1.701104313816480840e+01,1.011199776926568994e+01
9.740393638610839844e+00,1.571897115639737663e+00,-7.791343312957997869e-01,-1.586073653575614140e+00,4.028307370426741432e-10,3.272117646280214842e-11,-8.847688857602231671e-12,-5.101980956581566445e-10,-1.701104313819823233e+01,1.011199776925615268e+01
9.752115964889526367e+00,1.571897115643706488e+00,-7.791343312954777112e-01,-1.586073653575701181e+00,3.920199415330090711e-10,3.180197077901070202e-11,-8.577588509264821859e-12,-5.101981025157353855e-10,-1.701104313819823233e+01,1.011199776925615268e+01
9.763185739517211914e+00,1.571897115647568954e+00,-7.791343312951646283e-01,-1.586073653575785558e+00,3.814861473320618063e-10,3.091032898389078909e-11,-8.316242442948929003e-12,-4.972523191815181320e-10,-1.701104313821450376e+01,1.011199776925150751e+01
9.774368524551391602e+00,1.571897115651326171e+00,-7.791343312948600941e-01,-1.586073653575867271e+00,3.709965013692397007e-10,3.008367556803226428e-11,-8.071327243716619471e-12,-4.972523191002029691e-10,-1.701104313821450376e+01,1.011199776925150751e+01
9.785883188247680664e+00,1.571897115654981025e+00,-7.791343312945639976e-01,-1.586073653575946540e+00,3.609908769613501614e-10,2.924590474309707311e-11,-7.826947640357517777e-12,-4.726144023933873811e-10,-1.701104313824540171e+01,1.011199776924267901e+01
9.799974441528320312e+00,1.571897115658538402e+00,-7.791343312942761168e-01,-1.586073653576023368e+00,3.514737327678547907e-10,2.839515992128505140e-11,-7.582511441645012340e-12,-4.476913492701406483e-10,-1.701104313827652348e+01,1.011199776923378657e+01
9.814184904098510742e+00,1.571897115662000965e+00,-7.791343312939965626e-01,-1.586073653576097975e+00,3.419971742325660091e-10,2.760412644992049636e-11,-7.353026390891082009e-12,-4.476913562090345522e-10,-1.701104313827652348e+01,1.011199776923378657e+01
9.825648546218872070e+00,1.571897115665370270e+00,-7.791343312937247800e-01,-1.586073653576170361e+00,3.327785858832886523e-10,2.683488587590376895e-11,-7.130605567812198231e-12,-4.355050139959182331e-10,-1.701104313829171844e+01,1.011199776922944160e+01
9.835767984390258789e+00,1.571897115668647427e+00,-7.791343312934604359e-01,-1.586073653576240527e+00,3.235983522429600884e-10,2.612207542287969808e-11,-6.922309947476890102e-12,-4.355050105264712812e-10,-1.701104313829171844e+01,1.011199776922944160e+01
9.846032142639160156e+00,1.571897115671835543e+00,-7.791343312932031973e-01,-1.586073653576308695e+00,3.148576256488400116e-10,2.539719389654804260e-11,-6.713652637296840808e-12,-4.130690892687003540e-10,-1.701104313831972092e+01,1.011199776922144089e+01
9.856276273727416992e+00,1.571897115674938394e+00,-7.791343312929533971e-01,-1.586073653576374642e+00,3.065517995698430198e-10,2.465991083208662893e-11,-6.504488354180937293e-12,-3.908544598271810472e-10,-1.701104313834735748e+01,1.011199776921354498e+01
9.868309497833251953e+00,1.571897115677958201e+00,-7.791343312927105913e-01,-1.586073653576438591e+00,2.982812572242463101e-10,2.397448212176911397e-11,-6.308162976351172624e-12,-3.908544564390492582e-10,-1.701104313834735748e+01,1.011199776921354498e+01
9.877977132797241211e+00,1.571897115680897850e+00,-7.791343312924746689e-01,-1.586073653576500764e+00,2.904158199730846879e-10,2.327811337785035128e-11,-6.111486533857957149e-12,-3.701824333179892790e-10,-1.701104313837310045e+01,1.011199776920618731e+01
9.889810562133789062e+00,1.571897115683758894e+00,-7.791343312922455189e-01,-1.586073653576560716e+00,2.825836906323892644e-10,2.263069332625322616e-11,-5.926864901639739003e-12,-3.701824333179892790e-10,-1.701104313837310045e+01,1.011199776920618731e+01
9.900362014770507812e+00,1.571897115686543556e+00,-7.791343312920228081e-01,-1.586073653576618891e+00,2.751243595737386943e-10,2.197464042327790246e-11,-5.742533835603746972e-12,-3.512045480824621535e-10,-1.701104313839673310e+01,1.011199776919942295e+01
9.912818431854248047e+00,1.571897115689254054e+00,-7.791343312918064257e-01,-1.586073653576675291e+00,2.676965125128971321e-10,2.136479708425564894e-11,-5.569519671844158637e-12,-3.512045446130152015e-10,-1.701104313839673310e+01,1.011199776919942295e+01
9.923400402069091797e+00,1.571897115691891278e+00,-7.791343312915960384e-01,-1.586073653576730136e+00,2.604638714860099333e-10,2.077279537618381688e-11,-5.402001328896899324e-12,-3.420312365851139319e-10,-1.701104313840814442e+01,1.011199776919615445e+01
9.932777404785156250e+00,1.571897115694456559e+00,-7.791343312913912023e-01,-1.586073653576783427e+00,2.532609926490141453e-10,2.022449612296139954e-11,-5.245112070367818902e-12,-3.420312332782973058e-10,-1.701104313840814442e+01,1.011199776919615445e+01
9.943186044692993164e+00,1.571897115696951230e+00,-7.791343312911919172e-01,-1.586073653576834719e+00,2.463984600663444990e-10,1.966750330303912442e-11,-5.088294152341688026e-12,-3.246778991494725375e-10,-1.701104313842973070e+01,1.011199776918996740e+01
9.952901601791381836e+00,1.571897115699377512e+00,-7.791343312909980723e-01,-1.586073653576884901e+00,2.395641221205127569e-10,1.915187713280586124e-11,-4.941499466559751141e-12,-3.246779026189194894e-10,-1.701104313842973070e+01,1.011199776918996740e+01
9.962838649749755859e+00,1.571897115701737180e+00,-7.791343312908093344e-01,-1.586073653576933751e+00,2.330707402385190710e-10,1.862524934628795314e-11,-4.793849778944592188e-12,-3.072187990929477891e-10,-1.701104313845138805e+01,1.011199776918377147e+01
9.972896575927734375e+00,1.571897115704032233e+00,-7.791343312906258145e-01,-1.586073653576980602e+00,2.266040900522669002e-10,1.813779335058107733e-11,-4.655649130103078903e-12,-3.072188024810795781e-10,-1.701104313845138805e+01,1.011199776918377147e+01
9.982129573822021484e+00,1.571897115706264447e+00,-7.791343312904471796e-01,-1.586073653577026565e+00,2.204709440727960212e-10,1.763829533818483952e-11,-4.516332620385643537e-12,-2.900972065919635995e-10,-1.701104313847260840e+01,1.011199776917769810e+01
9.994972944259643555e+00,1.571897115708435377e+00,-7.791343312902733187e-01,-1.586073653577070974e+00,2.143631086846215991e-10,1.717588137689629590e-11,-4.385855827820916986e-12,-2.900972031225166475e-10,-1.701104313847260840e+01,1.011199776917769810e+01
1.000399541854858398e+01,1.571897115710547244e+00,-7.791343312901042317e-01,-1.586073653577114051e+00,2.085741882212974879e-10,1.670159800390424998e-11,-4.254314999244113160e-12,-2.737125006627063456e-10,-1.701104313849291927e+01,1.011199776917188053e+01
1.001452207565307617e+01,1.571897115712602711e+00,-7.791343312899399187e-01,-1.586073653577156239e+00,2.030873742558860634e-10,1.621682692645731727e-11,-4.121825927447253513e-12,-2.582182246615907090e-10,-1.701104313851216077e+01,1.011199776916637205e+01
1.002494359016418457e+01,1.571897115714603332e+00,-7.791343312897802686e-01,-1.586073653577196430e+00,1.976238076043792743e-10,1.576612798648291403e-11,-3.997451892071013368e-12,-2.582182279684073350e-10,-1.701104313851216077e+01,1.011199776916637205e+01
1.003785014152526855e+01,1.571897115716551108e+00,-7.791343312896251705e-01,-1.586073653577235953e+00,1.924320504510671284e-10,1.530744237962511356e-11,-3.872601241419748597e-12,-2.443265138818428994e-10,-1.701104313852945893e+01,1.011199776916141957e+01
1.004667019844055176e+01,1.571897115718446925e+00,-7.791343312894745132e-01,-1.586073653577273701e+00,1.872622679480445002e-10,1.488090683662846025e-11,-3.755279290654223168e-12,-2.443265138818428994e-10,-1.701104313852945893e+01,1.011199776916141957e+01
1.006163072586059570e+01,1.571897115720292337e+00,-7.791343312893280748e-01,-1.586073653577310782e+00,1.823381426857735577e-10,1.444852093870907517e-11,-3.638233160921378051e-12,-2.318145467250509739e-10,-1.701104313854507311e+01,1.011199776915693427e+01
1.007049632072448730e+01,1.571897115722088900e+00,-7.791343312891857442e-01,-1.586073653577346310e+00,1.774348079488369256e-10,1.404654647804703949e-11,-3.528308504738286722e-12,-2.318145501131827629e-10,-1.701104313854507311e+01,1.011199776915693427e+01
1.008049845695495605e+01,1.571897115723837057e+00,-7.791343312890475215e-01,-1.586073653577381393e+00,1.726593203940684010e-10,1.365621331295141516e-11,-3.421966486213956493e-12,-2.258048227565812027e-10,-1.701104313855258354e+01,1.011199776915477244e+01
1.009008741378784180e+01,1.571897115725537253e+00,-7.791343312889129624e-01,-1.586073653577414699e+00,1.679034542287740142e-10,1.329460716861796676e-11,-3.322355194776416276e-12,-2.258048228378963657e-10,-1.701104313855258354e+01,1.011199776915477244e+01
1.010126471519470215e+01,1.571897115727191485e+00,-7.791343312887821781e-01,-1.586073653577448006e+00,1.633700018256918629e-10,1.292730983024070746e-11,-3.222757997967118371e-12,-2.144650569060792961e-10,-1.701104313856672690e+01,1.011199776915071169e+01
1.011109423637390137e+01,1.571897115728800642e+00,-7.791343312886548356e-01,-1.586073653577479092e+00,1.588551222666103116e-10,1.258717782781637595e-11,-3.129499480739039718e-12,-2.144650637636580370e-10,-1.701104313856672690e+01,1.011199776915071169e+01
1.012160253524780273e+01,1.571897115730365835e+00,-7.791343312885309347e-01,-1.586073653577510179e+00,1.545631356599961800e-10,1.224007614014643863e-11,-3.035828533004547580e-12,-2.030582438306005599e-10,-1.701104313858088446e+01,1.011199776914664561e+01
1.013195586204528809e+01,1.571897115731887951e+00,-7.791343312884103645e-01,-1.586073653577539933e+00,1.502887338910479167e-10,1.191870603947653429e-11,-2.948204180786007100e-12,-2.030582507694944638e-10,-1.701104313858088446e+01,1.011199776914664561e+01
1.014313960075378418e+01,1.571897115733368544e+00,-7.791343312882930139e-01,-1.586073653577568798e+00,1.462324089265441482e-10,1.158970402287406998e-11,-2.859903503252270163e-12,-1.918709670312157556e-10,-1.701104313859475070e+01,1.011199776914266302e+01
1.015126609802246094e+01,1.571897115734808503e+00,-7.791343312881787719e-01,-1.586073653577597664e+00,1.421927530961038938e-10,1.128505839123605803e-11,-2.777230051834167490e-12,-1.918709670312157556e-10,-1.701104313859475070e+01,1.011199776914266302e+01
1.016383290290832520e+01,1.571897115736209383e+00,-7.791343312880677496e-01,-1.586073653577624309e+00,1.383619256222889254e-10,1.097281250236892269e-11,-2.693816307172691715e-12,-1.811489326597470750e-10,-1.701104313860803430e+01,1.011199776913885273e+01
1.017573714256286621e+01,1.571897115737572959e+00,-7.791343312879597249e-01,-1.586073653577650955e+00,1.347293209614207343e-10,1.065384542739411522e-11,-2.609665955555229289e-12,-1.709892713530614117e-10,-1.701104313862063933e+01,1.011199776913523962e+01
1.018679380416870117e+01,1.571897115738900341e+00,-7.791343312878548089e-01,-1.586073653577676934e+00,1.311120289892780608e-10,1.035727536721764430e-11,-2.530695921917902602e-12,-1.709892679649296227e-10,-1.701104313862063933e+01,1.011199776913523962e+01
1.019910645484924316e+01,1.571897115740192641e+00,-7.791343312877528904e-01,-1.586073653577701359e+00,1.276733502990692881e-10,1.005554623942361836e-11,-2.451679918108462530e-12,-1.618613540996325512e-10,-1.701104313863201511e+01,1.011199776913196224e+01
1.021012616157531738e+01,1.571897115741450524e+00,-7.791343312876538585e-01,-1.586073653577725784e+00,1.242491747238238381e-10,9.774976401227819522e-12,-2.377433319655786192e-12,-1.618613576503946661e-10,-1.701104313863201511e+01,1.011199776913196224e+01
1.022423386573791504e+01,1.571897115742675100e+00,-7.791343312875574911e-01,-1.586073653577749321e+00,1.209155140244463564e-10,9.502376316361527131e-12,-2.305507781213966823e-12,-1.575991108448970834e-10,-1.701104313863732287e+01,1.011199776913043813e+01
1.023435497283935547e+01,1.571897115743866369e+00,-7.791343312874638993e-01,-1.586073653577771525e+00,1.175955762617014039e-10,9.249751572321107673e-12,-2.237985838315914577e-12,-1.575991141517137095e-10,-1.701104313863732287e+01,1.011199776913043813e+01
1.024696254730224609e+01,1.571897115745024776e+00,-7.791343312873728610e-01,-1.586073653577793729e+00,1.144311464432602038e-10,8.993157347286784287e-12,-2.170479074248277129e-12,-1.496699152689438123e-10,-1.701104313864721007e+01,1.011199776912759063e+01
1.025901389122009277e+01,1.571897115746152762e+00,-7.791343312872842652e-01,-1.586073653577815712e+00,1.114215184011427620e-10,8.732282692075488129e-12,-2.103239674436374607e-12,-1.417622616517455469e-10,-1.701104313865705109e+01,1.011199776912474846e+01
1.027204728126525879e+01,1.571897115747250329e+00,-7.791343312871983340e-01,-1.586073653577835696e+00,1.084244771195437204e-10,8.489750569218301735e-12,-2.040059527558257813e-12,-1.417622651211924989e-10,-1.701104313865705109e+01,1.011199776912474846e+01
1.028624939918518066e+01,1.571897115748318807e+00,-7.791343312871148452e-01,-1.586073653577855680e+00,1.055725444402706020e-10,8.243332665774927293e-12,-1.976439628278980898e-12,-1.343624482508243290e-10,-1.701104313866623841e+01,1.011199776912211590e+01
1.030021882057189941e+01,1.571897115749359086e+00,-7.791343312870336879e-01,-1.586073653577875664e+00,1.027956550447590295e-10,8.004014985518725922e-12,-1.915224055737407838e-12,-1.308413793163574340e-10,-1.701104313867061890e+01,1.011199776912083692e+01
1.031045579910278320e+01,1.571897115750371610e+00,-7.791343312869549731e-01,-1.586073653577894316e+00,1.000303083908363894e-10,7.781541470214259348e-12,-1.857866074525538203e-12,-1.308413759282256450e-10,-1.701104313867061890e+01,1.011199776912083692e+01
1.032402968406677246e+01,1.571897115751357044e+00,-7.791343312868783677e-01,-1.586073653577912079e+00,9.733548163434399547e-11,7.565755747590552360e-12,-1.802139167061955760e-12,-1.275398468206147967e-10,-1.701104313867471163e+01,1.011199776911966097e+01
1.033362531661987305e+01,1.571897115752315610e+00,-7.791343312868037607e-01,-1.586073653577929843e+00,9.465159731025015594e-11,7.365879173965028670e-12,-1.749861757230353199e-12,-1.275398536781935377e-10,-1.701104313867471163e+01,1.011199776911966097e+01
1.034273099899291992e+01,1.571897115753248197e+00,-7.791343312867311521e-01,-1.586073653577947606e+00,9.209218342065821766e-11,7.163124260411990463e-12,-1.697673251976894448e-12,-1.212030998026629447e-10,-1.701104313868255247e+01,1.011199776911740145e+01
1.035436201095581055e+01,1.571897115754155028e+00,-7.791343312866606530e-01,-1.586073653577964482e+00,8.954308430527465473e-11,6.975427613992168929e-12,-1.648929257025422146e-12,-1.212031100483734747e-10,-1.701104313868255247e+01,1.011199776911740145e+01
1.036323523521423340e+01,1.571897115755037211e+00,-7.791343312865920412e-01,-1.586073653577980025e+00,8.711980387045206026e-11,6.783827839751399580e-12,-1.600013524449828139e-12,-1.147652945712642619e-10,-1.701104313869050699e+01,1.011199776911510284e+01
1.037432360649108887e+01,1.571897115755895191e+00,-7.791343312865250947e-01,-1.586073653577995568e+00,8.470632836376622982e-11,6.606493564015325504e-12,-1.554131172712414077e-12,-1.147652979593960509e-10,-1.701104313869050699e+01,1.011199776911510284e+01
1.038549351692199707e+01,1.571897115756728969e+00,-7.791343312864600357e-01,-1.586073653578011111e+00,8.241649115286239086e-11,6.424820744865833433e-12,-1.507529994934642126e-12,-1.084265142947682392e-10,-1.701104313869830520e+01,1.011199776911286996e+01
1.039871430397033691e+01,1.571897115757540542e+00,-7.791343312863967530e-01,-1.586073653578026654e+00,8.024529428256581970e-11,6.239170204785926543e-12,-1.461100988461860872e-12,-1.023401398347889568e-10,-1.701104313870582985e+01,1.011199776911068504e+01
1.041392827033996582e+01,1.571897115758331243e+00,-7.791343312863352466e-01,-1.586073653578040865e+00,7.808309353913786555e-11,6.066663664483495921e-12,-1.417679125134685414e-12,-1.023401364466571678e-10,-1.701104313870582985e+01,1.011199776911068504e+01
1.042423915863037109e+01,1.571897115759100627e+00,-7.791343312862756276e-01,-1.586073653578054188e+00,7.602891683193210848e-11,5.891019876774761244e-12,-1.373553831438001360e-12,-9.682750789856940654e-11,-1.701104313871261198e+01,1.011199776910874526e+01
1.043663954734802246e+01,1.571897115759849806e+00,-7.791343312862175630e-01,-1.586073653578067510e+00,7.398327509975342886e-11,5.727767652535797893e-12,-1.332026719827461569e-12,-9.682751128670119556e-11,-1.701104313871261198e+01,1.011199776910874526e+01
1.044701313972473145e+01,1.571897115760578556e+00,-7.791343312861612747e-01,-1.586073653578080833e+00,7.199214657846886994e-11,5.569094230911675325e-12,-1.291876111295109375e-12,-9.425240102278742427e-11,-1.701104313871580587e+01,1.011199776910781800e+01
1.045795392990112305e+01,1.571897115761288211e+00,-7.791343312861064296e-01,-1.586073653578094156e+00,7.009510592131170531e-11,5.408253705985188731e-12,-1.252144655322640077e-12,-8.945923523988839887e-11,-1.701104313872175311e+01,1.011199776910608783e+01
1.047234821319580078e+01,1.571897115761978769e+00,-7.791343312860532500e-01,-1.586073653578107034e+00,6.820585081153494184e-11,5.258787329209813066e-12,-1.215019838213260428e-12,-8.945924217878230278e-11,-1.701104313872175311e+01,1.011199776910608783e+01
1.048150086402893066e+01,1.571897115762650898e+00,-7.791343312860015136e-01,-1.586073653578118137e+00,6.640636265430998469e-11,5.107156451217287341e-12,-1.177531379695229141e-12,-8.489161812202071500e-11,-1.701104313872738416e+01,1.011199776910447312e+01
1.049452877044677734e+01,1.571897115763305042e+00,-7.791343312859512205e-01,-1.586073653578129239e+00,6.461429916777231691e-11,4.966283460861031784e-12,-1.142220649660852239e-12,-8.489161812202071500e-11,-1.701104313872738416e+01,1.011199776910447312e+01
1.050282168388366699e+01,1.571897115763941422e+00,-7.791343312859022596e-01,-1.586073653578140341e+00,6.286925792247863298e-11,4.829527402994138185e-12,-1.107727624904963903e-12,-8.268049447673030128e-11,-1.701104313873009133e+01,1.011199776910369863e+01
1.051829600334167480e+01,1.571897115764560482e+00,-7.791343312858547421e-01,-1.586073653578151443e+00,6.113123543613138700e-11,4.702961544506001346e-12,-1.075425122218365281e-12,-8.268050125299387931e-11,-1.701104313873009133e+01,1.011199776910369863e+01
1.053216767311096191e+01,1.571897115765162889e+00,-7.791343312858084458e-01,-1.586073653578162546e+00,5.947529087605395171e-11,4.574291032760635645e-12,-1.043763166175271095e-12,-7.848794877918230384e-11,-1.701104313873528895e+01,1.011199776910217452e+01
1.054451203346252441e+01,1.571897115765748865e+00,-7.791343312857634817e-01,-1.586073653578173648e+00,5.790189031365522432e-11,4.443178030361094599e-12,-1.012042446374428195e-12,-7.426763717899298456e-11,-1.701104313874047946e+01,1.011199776910067527e+01
1.055383443832397461e+01,1.571897115766319297e+00,-7.791343312857197390e-01,-1.586073653578183418e+00,5.633488821103500160e-11,4.321396972900570788e-12,-9.824339692460215545e-13,-7.426763717899298456e-11,-1.701104313874047946e+01,1.011199776910067527e+01
1.056438779830932617e+01,1.571897115766874409e+00,-7.791343312856772174e-01,-1.586073653578192300e+00,5.481118734069773818e-11,4.202846837914053779e-12,-9.533196714678338068e-13,-7.221391201488701339e-11,-1.701104313874299123e+01,1.011199776909995762e+01
1.057698535919189453e+01,1.571897115767414643e+00,-7.791343312856358061e-01,-1.586073653578201181e+00,5.336159544289988121e-11,4.082378966124844411e-12,-9.237849200871561806e-13,-6.843969835301777493e-11,-1.701104313874762042e+01,1.011199776909862891e+01
1.058704066276550293e+01,1.571897115767940223e+00,-7.791343312855956160e-01,-1.586073653578210063e+00,5.191793247757720692e-11,3.970499710265196214e-12,-8.959786038098549454e-13,-6.843969827170261200e-11,-1.701104313874762042e+01,1.011199776909862891e+01
1.060132789611816406e+01,1.571897115768451814e+00,-7.791343312855565362e-01,-1.586073653578218945e+00,5.054404080874225907e-11,3.856796392670558404e-12,-8.685810317515807455e-13,-6.487567072639179033e-11,-1.701104313875203289e+01,1.011199776909733394e+01
1.061557102203369141e+01,1.571897115768949638e+00,-7.791343312855185665e-01,-1.586073653578227827e+00,4.917573516634039105e-11,3.751206810453933116e-12,-8.429032211793030527e-13,-6.487566733826000132e-11,-1.701104313875203289e+01,1.011199776909733394e+01
1.062684869766235352e+01,1.571897115769433917e+00,-7.791343312854815961e-01,-1.586073653578236708e+00,4.784377574836278652e-11,3.648639983894197414e-12,-8.182358870317818500e-13,-6.315760761599342743e-11,-1.701104313875415031e+01,1.011199776909671577e+01
1.064010071754455566e+01,1.571897115769905318e+00,-7.791343312854457359e-01,-1.586073653578245590e+00,4.657540406951751755e-11,3.544522314546938446e-12,-7.935670350012191676e-13,-5.991722742959559866e-11,-1.701104313875812579e+01,1.011199776909557002e+01
1.065018796920776367e+01,1.571897115770364062e+00,-7.791343312854108749e-01,-1.586073653578253806e+00,4.531214211353842836e-11,3.447860053018558801e-12,-7.706563252135589792e-13,-5.991722751091076160e-11,-1.701104313875812579e+01,1.011199776909557002e+01
1.065949559211730957e+01,1.571897115770810593e+00,-7.791343312853769021e-01,-1.586073653578260467e+00,4.408289889807487372e-11,3.353959471263934233e-12,-7.481172799306268217e-13,-5.831234792448049264e-11,-1.701104313876007268e+01,1.011199776909501580e+01
1.066888570785522461e+01,1.571897115771244691e+00,-7.791343312853437064e-01,-1.586073653578267129e+00,4.285854155838646207e-11,3.267109239396548404e-12,-7.268671341903454319e-13,-5.831235139392744460e-11,-1.701104313876007268e+01,1.011199776909501580e+01
1.067910075187683105e+01,1.571897115771666575e+00,-7.791343312853115100e-01,-1.586073653578273790e+00,4.169337845891935013e-11,3.178592805630486851e-12,-7.048990297714441411e-13,-5.529756166855470667e-11,-1.701104313876374619e+01,1.011199776909397308e+01
1.069097709655761719e+01,1.571897115772077358e+00,-7.791343312852803127e-01,-1.586073653578280451e+00,4.053283288163716386e-11,3.096754623566067011e-12,-6.842115849586827281e-13,-5.529755819910775472e-11,-1.701104313876374619e+01,1.011199776909397308e+01
1.070594382286071777e+01,1.571897115772477038e+00,-7.791343312852498926e-01,-1.586073653578287113e+00,3.945755232422597236e-11,3.008710034585471149e-12,-6.634068294708583835e-13,-5.080333368074653466e-11,-1.701104313876930618e+01,1.011199776909233172e+01
1.071939229965209961e+01,1.571897115772865616e+00,-7.791343312852201386e-01,-1.586073653578293774e+00,3.838663414912346639e-11,2.926983308504382819e-12,-6.438816493870014313e-13,-5.080333376206169760e-11,-1.701104313876930618e+01,1.011199776909233172e+01
1.073088622093200684e+01,1.571897115773243758e+00,-7.791343312851912728e-01,-1.586073653578300435e+00,3.734664338309219567e-11,2.847295316188436232e-12,-6.250900404930481713e-13,-4.932271266216113614e-11,-1.701104313877111807e+01,1.011199776909180059e+01
1.074170827865600586e+01,1.571897115773611908e+00,-7.791343312851634062e-01,-1.586073653578307097e+00,3.635851765059622265e-11,2.766023521338922819e-12,-6.062028049674816899e-13,-4.666935596113995499e-11,-1.701104313877437946e+01,1.011199776909085912e+01
1.075072312355041504e+01,1.571897115773970066e+00,-7.791343312851360947e-01,-1.586073653578313758e+00,3.537438968321832827e-11,2.690588637305202369e-12,-5.886523907205898354e-13,-4.666936281871869596e-11,-1.701104313877437946e+01,1.011199776909085912e+01
1.076238799095153809e+01,1.571897115774318454e+00,-7.791343312851094494e-01,-1.586073653578320419e+00,3.441710162851129018e-11,2.617118761288894646e-12,-5.716234777186635085e-13,-4.539296022398886521e-11,-1.701104313877594976e+01,1.011199776909040970e+01
1.077450084686279297e+01,1.571897115774657516e+00,-7.791343312850838032e-01,-1.586073653578327081e+00,3.346357824900777350e-11,2.549171377458359089e-12,-5.559140387606520406e-13,-4.539295683585707619e-11,-1.701104313877594976e+01,1.011199776909040970e+01
1.078610563278198242e+01,1.571897115774987030e+00,-7.791343312850586011e-01,-1.586073653578331522e+00,3.255631268045400262e-11,2.479926420467792880e-12,-5.398225269570566809e-13,-4.303460365839839596e-11,-1.701104313877882390e+01,1.011199776908959080e+01
1.079673624038696289e+01,1.571897115775307885e+00,-7.791343312850341762e-01,-1.586073653578335962e+00,3.169499817495032706e-11,2.409234270417393020e-12,-5.225737377545502937e-13,-4.069514872111733295e-11,-1.701104313878165186e+01,1.011199776908880565e+01
1.080677366256713867e+01,1.571897115775620080e+00,-7.791343312850105285e-01,-1.586073653578340403e+00,3.083722440269144605e-11,2.343636569535068048e-12,-5.061834198322179290e-13,-4.069515557869607392e-11,-1.701104313878165186e+01,1.011199776908880565e+01
1.081612896919250488e+01,1.571897115775924059e+00,-7.791343312849872138e-01,-1.586073653578344844e+00,3.002200013113923149e-11,2.276673641277149329e-12,-4.902868475792354630e-13,-3.850999727439408105e-11,-1.701104313878439100e+01,1.011199776908798320e+01
1.082599425315856934e+01,1.571897115776219822e+00,-7.791343312849650093e-01,-1.586073653578349285e+00,2.921012012184562995e-11,2.214504621345092517e-12,-4.752270625629773093e-13,-3.850999719307891811e-11,-1.701104313878439100e+01,1.011199776908798320e+01
1.083686733245849609e+01,1.571897115776507592e+00,-7.791343312849431380e-01,-1.586073653578353726e+00,2.843735439999033748e-11,2.151311247200471399e-12,-4.607536140815993164e-13,-3.650856353343279181e-11,-1.701104313878689211e+01,1.011199776908723180e+01
1.084543442726135254e+01,1.571897115776787812e+00,-7.791343312849220437e-01,-1.586073653578358167e+00,2.766770364518670450e-11,2.092607337411678259e-12,-4.471160854752076474e-13,-3.650856353343279181e-11,-1.701104313878689211e+01,1.011199776908723180e+01
1.085618615150451660e+01,1.571897115777060483e+00,-7.791343312849013936e-01,-1.586073653578362608e+00,2.693482829623731339e-11,2.033012647117971028e-12,-4.336845552815882243e-13,-3.463333100666397824e-11,-1.701104313878920848e+01,1.011199776908654968e+01
1.086657786369323730e+01,1.571897115777325826e+00,-7.791343312848814096e-01,-1.586073653578367049e+00,2.620487587502978027e-11,1.977676269276917864e-12,-4.211312288476820598e-13,-3.463333431348060432e-11,-1.701104313878920848e+01,1.011199776908654968e+01
1.087685108184814453e+01,1.571897115777584064e+00,-7.791343312848618696e-01,-1.586073653578371490e+00,2.550976934572769805e-11,1.921534112381273474e-12,-4.086835037053759834e-13,-3.285907657080144872e-11,-1.701104313879138985e+01,1.011199776908591375e+01
1.088660812377929688e+01,1.571897115777835419e+00,-7.791343312848429958e-01,-1.586073653578375930e+00,2.481740728448988270e-11,1.869375314267340826e-12,-3.970680121506697802e-13,-3.285908012156356361e-11,-1.701104313879138985e+01,1.011199776908591375e+01
1.089712619781494141e+01,1.571897115778079890e+00,-7.791343312848245661e-01,-1.586073653578380371e+00,2.415818212793061082e-11,1.816378211033642387e-12,-3.853228500161343106e-13,-3.117156177818471152e-11,-1.701104313879345753e+01,1.011199776908532399e+01
1.090628933906555176e+01,1.571897115778317922e+00,-7.791343312848068026e-01,-1.586073653578384812e+00,2.350153449940609734e-11,1.767147192466289596e-12,-3.744181614057096041e-13,-3.117155839005292250e-11,-1.701104313879345753e+01,1.011199776908532399e+01
1.091768574714660645e+01,1.571897115778549514e+00,-7.791343312847891500e-01,-1.586073653578389253e+00,2.287647432868290115e-11,1.717146824037341091e-12,-3.632406875286875447e-13,-2.956548200705455542e-11,-1.701104313879540086e+01,1.011199776908477510e+01
1.092946195602416992e+01,1.571897115778774889e+00,-7.791343312847724967e-01,-1.586073653578393694e+00,2.225386724669011634e-11,1.670749909948865408e-12,-3.529446700178962004e-13,-2.956548192573939249e-11,-1.701104313879540086e+01,1.011199776908477510e+01
1.093964338302612305e+01,1.571897115778994269e+00,-7.791343312847558433e-01,-1.586073653578398135e+00,2.166130511451532653e-11,1.623546783124929505e-12,-3.423333665153460714e-13,-2.803658000205544454e-11,-1.701104313879724828e+01,1.011199776908425818e+01
1.095171332359313965e+01,1.571897115779207432e+00,-7.791343312847399671e-01,-1.586073653578402354e+00,2.107108362575313421e-11,1.579813103252947215e-12,-3.326284560289938241e-13,-2.803657661392365552e-11,-1.701104313879724828e+01,1.011199776908425818e+01
1.096219015121459961e+01,1.571897115779415044e+00,-7.791343312847244240e-01,-1.586073653578404574e+00,2.050948481684654323e-11,1.535262802304648844e-12,-3.220921793167796920e-13,-2.658337092120710565e-11,-1.701104313879898910e+01,1.011199776908378212e+01
1.097301554679870605e+01,1.571897115779617105e+00,-7.791343312847091029e-01,-1.586073653578406795e+00,1.995016805022512690e-11,1.493959903703379055e-12,-3.119672489088065603e-13,-2.658337100252226859e-11,-1.701104313879898910e+01,1.011199776908378212e+01
1.098437380790710449e+01,1.571897115779813614e+00,-7.791343312846946700e-01,-1.586073653578409015e+00,1.940606150167140109e-11,1.453892995578742742e-12,-3.016033603420176235e-13,-2.587120101482653922e-11,-1.701104313879982755e+01,1.011199776908355297e+01
1.099407839775085449e+01,1.571897115780004572e+00,-7.791343312846802371e-01,-1.586073653578411236e+00,1.886408850036280088e-11,1.416845807344913055e-12,-2.916371571320963696e-13,-2.587119762669475020e-11,-1.701104313879982755e+01,1.011199776908355297e+01
1.100343704223632812e+01,1.571897115780190424e+00,-7.791343312846661373e-01,-1.586073653578413456e+00,1.834850560334874703e-11,1.379010187291251910e-12,-2.823641927912623473e-13,-2.451387356994239042e-11,-1.701104313880153995e+01,1.011199776908301828e+01
1.101512575149536133e+01,1.571897115780370946e+00,-7.791343312846528146e-01,-1.586073653578415676e+00,1.783494683047556068e-11,1.344059412378140195e-12,-2.735403049902718209e-13,-2.451387356994239042e-11,-1.701104313880153995e+01,1.011199776908301828e+01
1.102473545074462891e+01,1.571897115780546583e+00,-7.791343312846394920e-01,-1.586073653578417897e+00,1.734782480969539187e-11,1.308164080532359108e-12,-2.652136323055831468e-13,-2.315065855489593927e-11,-1.701104313880323460e+01,1.011199776908249781e+01
1.103448033332824707e+01,1.571897115780717558e+00,-7.791343312846263913e-01,-1.586073653578420117e+00,1.688655320447336045e-11,1.271392713331209734e-12,-2.573260615007511021e-13,-2.181954261910347415e-11,-1.701104313880489016e+01,1.011199776908199155e+01
1.104493904113769531e+01,1.571897115780883869e+00,-7.791343312846141789e-01,-1.586073653578422338e+00,1.642713268472546784e-11,1.237271569920483927e-12,-2.498717378840442649e-13,-2.181953923097168513e-11,-1.701104313880489016e+01,1.011199776908199155e+01
1.105609869956970215e+01,1.571897115781045740e+00,-7.791343312846019664e-01,-1.586073653578424558e+00,1.599118012757683865e-11,1.202214543194468632e-12,-2.426947531830592197e-13,-2.060808823394454092e-11,-1.701104313880641428e+01,1.011199776908153147e+01
1.106526350975036621e+01,1.571897115781203169e+00,-7.791343312845897540e-01,-1.586073653578426779e+00,1.555700251780478549e-11,1.169723172489423035e-12,-2.359291147863151750e-13,-2.060808815262937799e-11,-1.701104313880641428e+01,1.011199776908153147e+01
1.107690668106079102e+01,1.571897115781356602e+00,-7.791343312845785407e-01,-1.586073653578428999e+00,1.514428999685370897e-11,1.136810263979715074e-12,-2.293486581206316544e-13,-1.951644401643193305e-11,-1.701104313880773944e+01,1.011199776908113712e+01
1.108961057662963867e+01,1.571897115781505816e+00,-7.791343312845674385e-01,-1.586073653578431220e+00,1.473319005045135160e-11,1.106239665843444797e-12,-2.232140253882741732e-13,-1.951644748587888500e-11,-1.701104313880773944e+01,1.011199776908113712e+01
1.109884953498840332e+01,1.571897115781651033e+00,-7.791343312845563363e-01,-1.586073653578433440e+00,1.434196849009559266e-11,1.075062781852320626e-12,-2.171481310736522730e-13,-1.849965666766983929e-11,-1.701104313880900420e+01,1.011199776908076409e+01
1.110944056510925293e+01,1.571897115781792253e+00,-7.791343312845456781e-01,-1.586073653578435660e+00,1.395233286002016404e-11,1.046196983212066556e-12,-2.114907641376229108e-13,-1.849965666766983929e-11,-1.701104313880900420e+01,1.011199776908076409e+01
1.111749410629272461e+01,1.571897115781929699e+00,-7.791343312845356861e-01,-1.586073653578437881e+00,1.358143826080734223e-11,1.016712321971757760e-12,-2.057425410595392634e-13,-1.754105202560717058e-11,-1.701104313881019081e+01,1.011199776908042303e+01
1.112850356101989746e+01,1.571897115782063592e+00,-7.791343312845256941e-01,-1.586073653578440101e+00,1.321197226058709595e-11,9.893214719669529700e-13,-2.004253967652358526e-13,-1.754105533242379666e-11,-1.701104313881019081e+01,1.011199776908042303e+01
1.113920974731445312e+01,1.571897115782193710e+00,-7.791343312845157021e-01,-1.586073653578442322e+00,1.286043275724232243e-11,9.615455133504813290e-13,-1.948907615151318495e-13,-1.663297624632242844e-11,-1.701104313881127794e+01,1.011199776908011572e+01
1.114795994758605957e+01,1.571897115782320276e+00,-7.791343312845061542e-01,-1.586073653578444542e+00,1.251031724503089138e-11,9.358685701399416246e-13,-1.898271036887555496e-13,-1.663297624632242844e-11,-1.701104313881127794e+01,1.011199776908011572e+01
1.115906238555908203e+01,1.571897115782443510e+00,-7.791343312844972724e-01,-1.586073653578446763e+00,1.217707564556830269e-11,9.095545497328494378e-13,-1.844919616383888794e-13,-1.576878897097989951e-11,-1.701104313881234376e+01,1.011199776907981729e+01
1.116791677474975586e+01,1.571897115782563414e+00,-7.791343312844883906e-01,-1.586073653578448983e+00,1.184509688413864364e-11,8.851005865728733824e-13,-1.795800921161605501e-13,-1.576878558284811049e-11,-1.701104313881234376e+01,1.011199776907981729e+01
1.117747759819030762e+01,1.571897115782679988e+00,-7.791343312844795088e-01,-1.586073653578451204e+00,1.152930172393460545e-11,8.603048828881298959e-13,-1.745346488862820067e-13,-1.494850770944466944e-11,-1.701104313881332075e+01,1.011199776907954195e+01
1.118816661834716797e+01,1.571897115782793675e+00,-7.791343312844706270e-01,-1.586073653578453424e+00,1.121477548684818998e-11,8.373839816000483438e-13,-1.699289580575635838e-13,-1.494850432131288043e-11,-1.701104313881332075e+01,1.011199776907954195e+01
1.119863200187683105e+01,1.571897115782904031e+00,-7.791343312844627444e-01,-1.586073653578455644e+00,1.091564193905509433e-11,8.140159553360337696e-13,-1.649503016815101475e-13,-1.416664008324630686e-11,-1.701104313881425867e+01,1.011199776907928616e+01
1.120905590057373047e+01,1.571897115783011500e+00,-7.791343312844549729e-01,-1.586073653578457865e+00,1.061759411131752567e-11,7.922872427568172782e-13,-1.604074945787958839e-13,-1.416664008324630686e-11,-1.701104313881425867e+01,1.011199776907928616e+01
1.122021102905273438e+01,1.571897115783116305e+00,-7.791343312844472013e-01,-1.586073653578460085e+00,1.033407979686169070e-11,7.700823485834451532e-13,-1.556027442312091225e-13,-1.342537894548877231e-11,-1.701104313881515040e+01,1.011199776907904280e+01
1.122848820686340332e+01,1.571897115783218002e+00,-7.791343312844394298e-01,-1.586073653578462306e+00,1.005166693694541091e-11,7.495128649670501630e-13,-1.512446851786863888e-13,-1.342537547604182036e-11,-1.701104313881515040e+01,1.011199776907904280e+01
1.123874831199645996e+01,1.571897115783317034e+00,-7.791343312844316582e-01,-1.586073653578464526e+00,9.783195561714579103e-12,7.287148315326952286e-13,-1.464223707559053622e-13,-1.272472760298869188e-11,-1.701104313881595687e+01,1.011199776907883141e+01
1.124777412414550781e+01,1.571897115783413401e+00,-7.791343312844246638e-01,-1.586073653578466747e+00,9.515799091622603734e-12,7.095123100153699625e-13,-1.420675643099000851e-13,-1.272473090980531796e-11,-1.701104313881595687e+01,1.011199776907883141e+01
1.125837421417236328e+01,1.571897115783507326e+00,-7.791343312844180025e-01,-1.586073653578468967e+00,9.261378610628950847e-12,6.896041897241911300e-13,-1.373768720308587987e-13,-1.205262278869412285e-11,-1.701104313881679531e+01,1.011199776907860581e+01
1.126804614067077637e+01,1.571897115783598586e+00,-7.791343312844113411e-01,-1.586073653578471188e+00,9.007888375099290523e-12,6.710873176607456969e-13,-1.331161743334252634e-13,-1.205261931924717089e-11,-1.701104313881679531e+01,1.011199776907860581e+01
1.127813458442687988e+01,1.571897115783687182e+00,-7.791343312844046798e-01,-1.586073653578473408e+00,8.766936056780159914e-12,6.523484009923752325e-13,-1.283281206992947787e-13,-1.142309163926213955e-11,-1.701104313881750230e+01,1.011199776907842818e+01
1.129069232940673828e+01,1.571897115783773557e+00,-7.791343312843980184e-01,-1.586073653578475628e+00,8.526921898600881011e-12,6.350245849995328484e-13,-1.240032382332501015e-13,-1.142309155794697662e-11,-1.701104313881750230e+01,1.011199776907842818e+01
1.130052876472473145e+01,1.571897115783857490e+00,-7.791343312843913571e-01,-1.586073653578477849e+00,8.298843776348603651e-12,6.174995410834771548e-13,-1.193578656050187092e-13,-1.082109047007874525e-11,-1.701104313881819508e+01,1.011199776907824521e+01
1.131035614013671875e+01,1.571897115783939203e+00,-7.791343312843853619e-01,-1.586073653578480069e+00,8.071681059543082959e-12,6.013518676073470459e-13,-1.151858556452944882e-13,-1.082108369381516721e-11,-1.701104313881819508e+01,1.011199776907824521e+01
1.131970739364624023e+01,1.571897115784018695e+00,-7.791343312843798108e-01,-1.586073653578482068e+00,7.850603007302295322e-12,5.854735099508623364e-13,-1.110134120047012729e-13,-1.052654838296085416e-11,-1.701104313881855390e+01,1.011199776907815284e+01
1.132960271835327148e+01,1.571897115784095966e+00,-7.791343312843742597e-01,-1.586073653578482068e+00,7.630325516393143825e-12,5.707339982563564007e-13,-1.069970934769459703e-13,-1.052654838296085416e-11,-1.701104313881855390e+01,1.011199776907815284e+01
1.133966946601867676e+01,1.571897115784171239e+00,-7.791343312843687086e-01,-1.586073653578482068e+00,7.426086370723554431e-12,5.548031652147233928e-13,-1.016990311408783043e-13,-9.694706842866551710e-12,-1.701104313881952734e+01,1.011199776907790415e+01
1.135188817977905273e+01,1.571897115784244514e+00,-7.791343312843631574e-01,-1.586073653578482068e+00,7.222715034025349590e-12,5.400315611359118861e-13,-9.637039430354654712e-14,-9.694710230998340728e-12,-1.701104313881952734e+01,1.011199776907790415e+01
1.136040568351745605e+01,1.571897115784315568e+00,-7.791343312843576063e-01,-1.586073653578482068e+00,7.025338454426724444e-12,5.257738688868585086e-13,-9.138111274620275282e-14,-9.409601488827648574e-12,-1.701104313881987906e+01,1.011199776907778336e+01
1.137229943275451660e+01,1.571897115784384624e+00,-7.791343312843520552e-01,-1.586073653578482068e+00,6.828827013951634106e-12,5.126858139414824933e-13,-8.636429245367782670e-14,-9.409598182011022494e-12,-1.701104313881987906e+01,1.011199776907778336e+01
1.138180971145629883e+01,1.571897115784451904e+00,-7.791343312843466151e-01,-1.586073653578482068e+00,6.642273590960062757e-12,4.992685952165398788e-13,-8.212549564012849856e-14,-8.890537692976194228e-12,-1.701104313882057895e+01,1.011199776907753822e+01
1.139267706871032715e+01,1.571897115784517185e+00,-7.791343312843421742e-01,-1.586073653578482068e+00,6.456490317429189330e-12,4.868978484284802732e-13,-7.787043579399188786e-14,-8.890537611661031292e-12,-1.701104313882057895e+01,1.011199776907753822e+01
1.140348148345947266e+01,1.571897115784580912e+00,-7.791343312843377333e-01,-1.586073653578482068e+00,6.280307437295240547e-12,4.738882897203922084e-13,-7.456492021051808194e-14,-8.376278837207706829e-12,-1.701104313882130015e+01,1.011199776907728065e+01
1.141277098655700684e+01,1.571897115784642862e+00,-7.791343312843332924e-01,-1.586073653578482068e+00,6.104799554328826927e-12,4.618003028589168224e-13,-7.122232491274527177e-14,-8.376275367760754875e-12,-1.701104313882130015e+01,1.011199776907728065e+01
1.142339539527893066e+01,1.571897115784702814e+00,-7.791343312843288516e-01,-1.586073653578482068e+00,5.938582118463278658e-12,4.492352670415478144e-13,-6.866404146654847551e-14,-7.885605363133763035e-12,-1.701104313882196450e+01,1.011199776907704617e+01
1.143328928947448730e+01,1.571897115784761212e+00,-7.791343312843244107e-01,-1.586073653578482068e+00,5.773056525556520546e-12,4.376069819012062823e-13,-6.608732658341942567e-14,-7.885605444448925971e-12,-1.701104313882196450e+01,1.011199776907704617e+01
1.144312024116516113e+01,1.571897115784818277e+00,-7.791343312843199698e-01,-1.586073653578482068e+00,5.616420848363057328e-12,4.258763480757821185e-13,-6.421837887848891313e-14,-7.428259477795448595e-12,-1.701104313882253294e+01,1.011199776907684544e+01
1.145393490791320801e+01,1.571897115784873789e+00,-7.791343312843155289e-01,-1.586073653578482068e+00,5.460473964809774150e-12,4.150759597143505175e-13,-6.232514504489472529e-14,-7.428266254059026630e-12,-1.701104313882253294e+01,1.011199776907684544e+01
1.146312236785888672e+01,1.571897115784927301e+00,-7.791343312843110880e-01,-1.586073653578482068e+00,5.312948269265566070e-12,4.040370468749721056e-13,-6.089464869851735074e-14,-6.993353812712044260e-12,-1.701104313882309427e+01,1.011199776907665360e+01
1.147378897666931152e+01,1.571897115784979704e+00,-7.791343312843066471e-01,-1.586073653578482068e+00,5.166091241858711269e-12,3.939340173508831811e-13,-5.946805547996092400e-14,-6.993346873818140352e-12,-1.701104313882309427e+01,1.011199776907665360e+01
1.149267578125000000e+01,1.571897115785030774e+00,-7.791343312843027613e-01,-1.586073653578482068e+00,5.026958477304457884e-12,3.834771042376949879e-13,-5.846625267258431791e-14,-6.589829295309060364e-12,-1.701104313882364849e+01,1.011199776907646708e+01
1.150400233268737793e+01,1.571897115785080068e+00,-7.791343312842994306e-01,-1.586073653578482068e+00,4.894902977956375190e-12,3.722994135202384314e-13,-5.769950489620256917e-14,-6.205931601943603937e-12,-1.701104313882421337e+01,1.011199776907628411e+01
1.151534962654113770e+01,1.571897115785128696e+00,-7.791343312842961000e-01,-1.586073653578482068e+00,4.766468686759339768e-12,3.612873888947376599e-13,-5.697113787672680729e-14,-6.031033392963833228e-12,-1.701104313882444075e+01,1.011199776907621306e+01
1.152825069427490234e+01,1.571897115785175325e+00,-7.791343312842927693e-01,-1.586073653578482068e+00,4.638556032332541434e-12,3.509757588726625244e-13,-5.622086997336683822e-14,-6.031029842201718338e-12,-1.701104313882444075e+01,1.011199776907621306e+01
1.153944444656372070e+01,1.571897115785221288e+00,-7.791343312842894386e-01,-1.586073653578482068e+00,4.516712646799626862e-12,3.407842584512987827e-13,-5.567529944017213239e-14,-5.729389185304967214e-12,-1.701104313882478181e+01,1.011199776907610115e+01
1.154945778846740723e+01,1.571897115785265697e+00,-7.791343312842861080e-01,-1.586073653578482068e+00,4.395381980474080685e-12,3.312814432498978334e-13,-5.510717750178972807e-14,-5.729392654751919167e-12,-1.701104313882478181e+01,1.011199776907610115e+01
1.155903387069702148e+01,1.571897115785308996e+00,-7.791343312842827773e-01,-1.586073653578482068e+00,4.279773353744152631e-12,3.218545222005708695e-13,-5.474115084835862177e-14,-5.443791251114049601e-12,-1.701104313882511931e+01,1.011199776907598924e+01
1.157065510749816895e+01,1.571897115785351184e+00,-7.791343312842794466e-01,-1.586073653578482068e+00,4.164671428899535677e-12,3.131440419468223268e-13,-5.438509885491438212e-14,-5.443787862982260584e-12,-1.701104313882511931e+01,1.011199776907598924e+01
1.158143782615661621e+01,1.571897115785392263e+00,-7.791343312842761160e-01,-1.586073653578482068e+00,4.054954682035545599e-12,3.043129984114933961e-13,-5.409930316224720315e-14,-5.170058906813976285e-12,-1.701104313882547459e+01,1.011199776907587733e+01
1.159171509742736816e+01,1.571897115785432231e+00,-7.791343312842727853e-01,-1.586073653578482068e+00,3.945753202254029257e-12,2.961814821178521129e-13,-5.379616023482025611e-14,-5.170062294945765302e-12,-1.701104313882547459e+01,1.011199776907587733e+01
1.160058331489562988e+01,1.571897115785471089e+00,-7.791343312842694546e-01,-1.586073653578482068e+00,3.839395747401268266e-12,2.883101743456073507e-13,-5.359081234335150157e-14,-5.035826085558053888e-12,-1.701104313882566288e+01,1.011199776907581516e+01
1.161151075363159180e+01,1.571897115785508836e+00,-7.791343312842661240e-01,-1.586073653578482068e+00,3.733565580722568444e-12,2.811440316663471606e-13,-5.340086012273204119e-14,-5.035829392374679969e-12,-1.701104313882566288e+01,1.011199776907581516e+01
1.162121820449829102e+01,1.571897115785545695e+00,-7.791343312842634594e-01,-1.586073653578482068e+00,3.632626155176260641e-12,2.736539293779483017e-13,-5.322565305165838367e-14,-4.778833578855667952e-12,-1.701104313882603236e+01,1.011199776907569969e+01
1.163116312026977539e+01,1.571897115785581223e+00,-7.791343312842612390e-01,-1.586073653578482068e+00,3.532066444335811572e-12,2.666699326636656764e-13,-5.304545865059129284e-14,-4.778840436434408923e-12,-1.701104313882603236e+01,1.011199776907569969e+01
1.164018034934997559e+01,1.571897115785616528e+00,-7.791343312842590185e-01,-1.586073653578482068e+00,3.436262437247171453e-12,2.590497261145685570e-13,-5.292446168814191054e-14,-4.516408162172011465e-12,-1.701104313882643382e+01,1.011199776907557535e+01
1.165154290199279785e+01,1.571897115785649834e+00,-7.791343312842567981e-01,-1.586073653578482068e+00,3.340802826978621354e-12,2.518974612231161814e-13,-5.281430674741738329e-14,-4.516415019750752435e-12,-1.701104313882643382e+01,1.011199776907557535e+01
1.166110062599182129e+01,1.571897115785683141e+00,-7.791343312842545776e-01,-1.586073653578482068e+00,3.250255248862625457e-12,2.446723379456727798e-13,-5.276681869226251820e-14,-4.266871496969373845e-12,-1.701104313882671804e+01,1.011199776907548475e+01
1.167081475257873535e+01,1.571897115785714893e+00,-7.791343312842523572e-01,-1.586073653578482068e+00,3.160044315521186309e-12,2.379138552832671394e-13,-5.271087386016226617e-14,-4.266868027522421891e-12,-1.701104313882671804e+01,1.011199776907548475e+01
1.168076729774475098e+01,1.571897115785745980e+00,-7.791343312842501367e-01,-1.586073653578482068e+00,3.074642903016892859e-12,2.312746348598349044e-13,-5.268246776324314595e-14,-4.030793060438853104e-12,-1.701104313882695962e+01,1.011199776907540837e+01
1.169097018241882324e+01,1.571897115785776844e+00,-7.791343312842479163e-01,-1.586073653578482068e+00,2.989584748920408319e-12,2.250946824766675292e-13,-5.265688059197248805e-14,-4.030796448570642121e-12,-1.701104313882695962e+01,1.011199776907540837e+01
1.170208692550659180e+01,1.571897115785805710e+00,-7.791343312842456958e-01,-1.586073653578482068e+00,2.909010421328454832e-12,2.190175124594517797e-13,-5.276183136226908488e-14,-3.807433453803868439e-12,-1.701104313882719765e+01,1.011199776907533199e+01
1.171245026588439941e+01,1.571897115785834576e+00,-7.791343312842434754e-01,-1.586073653578482068e+00,2.828808083501881121e-12,2.133974420781559189e-13,-5.282666665218371804e-14,-3.807433535119031376e-12,-1.701104313882719765e+01,1.011199776907533199e+01
1.172213220596313477e+01,1.571897115785862553e+00,-7.791343312842412550e-01,-1.586073653578482068e+00,2.752711741275254420e-12,2.077366056951746032e-13,-5.290624709164415407e-14,-3.599044754712052430e-12,-1.701104313882744634e+01,1.011199776907525560e+01
1.173353743553161621e+01,1.571897115785889198e+00,-7.791343312842390345e-01,-1.586073653578482068e+00,2.676963861626864560e-12,2.025402415228860775e-13,-5.295655407244748147e-14,-3.599048224159004383e-12,-1.701104313882744634e+01,1.011199776907525560e+01
1.174377870559692383e+01,1.571897115785915844e+00,-7.791343312842368141e-01,-1.586073653578482068e+00,2.605214370512802524e-12,1.972003289829604711e-13,-5.300859577672678569e-14,-3.393986399433460144e-12,-1.701104313882770924e+01,1.011199776907517567e+01
1.175442647933959961e+01,1.571897115785941823e+00,-7.791343312842345936e-01,-1.586073653578482068e+00,2.537213942090978114e-12,1.916826072867472419e-13,-5.307885207750384637e-14,-3.199329690062313603e-12,-1.701104313882797214e+01,1.011199776907509396e+01
1.176498222351074219e+01,1.571897115785966248e+00,-7.791343312842323732e-01,-1.586073653578482068e+00,2.469557259967940233e-12,1.866237199499298782e-13,-5.312634013265871147e-14,-3.199333078194102620e-12,-1.701104313882797214e+01,1.011199776907509396e+01
1.177643013000488281e+01,1.571897115785990673e+00,-7.791343312842301527e-01,-1.586073653578482068e+00,2.402257836013263481e-12,1.820509888672550147e-13,-5.319551223126328665e-14,-3.199336547641054573e-12,-1.701104313882797214e+01,1.011199776907509396e+01
1.178837680816650391e+01,1.571897115786015098e+00,-7.791343312842279323e-01,-1.586073653578482068e+00,2.338096675904427491e-12,1.771616707502143839e-13,-5.317057558129612005e-14,-3.031592338276212217e-12,-1.701104313882823504e+01,1.011199776907501580e+01
1.180208325386047363e+01,1.571897115786037524e+00,-7.791343312842257118e-01,-1.586073653578482068e+00,2.277079024469441659e-12,1.719956642387554524e-13,-5.317794815606902148e-14,-2.863685064904628041e-12,-1.701104313882849439e+01,1.011199776907493586e+01
1.181422972679138184e+01,1.571897115786059729e+00,-7.791343312842234914e-01,-1.586073653578482068e+00,2.216406677873865305e-12,1.673006351510242240e-13,-5.317144294303410845e-14,-2.863695391930320966e-12,-1.701104313882849439e+01,1.011199776907493586e+01
1.182733774185180664e+01,1.571897115786081933e+00,-7.791343312842222701e-01,-1.586073653578482068e+00,2.157172295067129320e-12,1.625696105511664769e-13,-5.317122610259961135e-14,-2.790528306475734133e-12,-1.701104313882862584e+01,1.011199776907489500e+01
1.184019088745117188e+01,1.571897115786103694e+00,-7.791343312842211599e-01,-1.586073653578482068e+00,2.100583921214871364e-12,1.572626577572844297e-13,-5.317946603911050119e-14,-2.637213364353740985e-12,-1.701104313882888874e+01,1.011199776907481507e+01
1.185225987434387207e+01,1.571897115786123678e+00,-7.791343312842200497e-01,-1.586073653578482068e+00,2.044187302069344625e-12,1.521937957604801994e-13,-5.315604727218481429e-14,-2.637209894906789032e-12,-1.701104313882888874e+01,1.011199776907481507e+01
1.186565423011779785e+01,1.571897115786143662e+00,-7.791343312842189395e-01,-1.586073653578482068e+00,1.989174545024251228e-12,1.473122838990814643e-13,-5.315496307001232879e-14,-2.574423313417284476e-12,-1.701104313882894559e+01,1.011199776907479730e+01
1.188054752349853516e+01,1.571897115786163646e+00,-7.791343312842178292e-01,-1.586073653578482068e+00,1.936851259888225374e-12,1.427243739859918037e-13,-5.308644149271124490e-14,-2.451216231944344792e-12,-1.701104313882902019e+01,1.011199776907477599e+01
1.188954567909240723e+01,1.571897115786183408e+00,-7.791343312842167190e-01,-1.586073653578482068e+00,1.884688368911091594e-12,1.383632791673861107e-13,-5.303917027799087691e-14,-2.451212762497392839e-12,-1.701104313882902019e+01,1.011199776907477599e+01
1.189979004859924316e+01,1.571897115786201171e+00,-7.791343312842156088e-01,-1.586073653578482068e+00,1.833931403548601236e-12,1.342528518910590662e-13,-5.304589233146028704e-14,-2.389522607559868561e-12,-1.701104313882906638e+01,1.011199776907476000e+01
1.191064953804016113e+01,1.571897115786218935e+00,-7.791343312842144986e-01,-1.586073653578482068e+00,1.783340659931680061e-12,1.303714081135609604e-13,-5.302811141583152477e-14,-2.389526077006820515e-12,-1.701104313882906638e+01,1.011199776907476000e+01
1.192421460151672363e+01,1.571897115786236698e+00,-7.791343312842133884e-01,-1.586073653578482068e+00,1.735009203906838493e-12,1.266825186418962801e-13,-5.301987147932063493e-14,-2.283898683239429794e-12,-1.701104313882915164e+01,1.011199776907473336e+01
1.193406558036804199e+01,1.571897115786254462e+00,-7.791343312842122781e-01,-1.586073653578482068e+00,1.689332335586164746e-12,1.231775098586851414e-13,-5.307841839663485217e-14,-2.157669957416827322e-12,-1.701104313882925823e+01,1.011199776907469783e+01
1.194626164436340332e+01,1.571897115786271115e+00,-7.791343312842111679e-01,-1.586073653578482068e+00,1.643807526620182091e-12,1.199136276386347788e-13,-5.314282000568049114e-14,-2.157673345548616339e-12,-1.701104313882925823e+01,1.011199776907469783e+01
1.195660090446472168e+01,1.571897115786286658e+00,-7.791343312842100577e-01,-1.586073653578482068e+00,1.600424369310564365e-12,1.167468899332391175e-13,-5.324777077597708796e-14,-2.053541446047843499e-12,-1.701104313882936481e+01,1.011199776907466408e+01
1.196615457534790039e+01,1.571897115786302201e+00,-7.791343312842089475e-01,-1.586073653578482068e+00,1.557213288438247245e-12,1.138095694075413888e-13,-5.334122900324533845e-14,-2.053541283417517627e-12,-1.701104313882936481e+01,1.011199776907466408e+01
1.197587490081787109e+01,1.571897115786317745e+00,-7.791343312842078372e-01,-1.586073653578482068e+00,1.516202582322462300e-12,1.108765856905336022e-13,-5.344314400745897586e-14,-1.943969209780918583e-12,-1.701104313882948560e+01,1.011199776907462677e+01
1.198566532135009766e+01,1.571897115786333288e+00,-7.791343312842067270e-01,-1.586073653578482068e+00,1.475383671570990041e-12,1.081730191532237484e-13,-5.352445917039538870e-14,-1.943962433517340549e-12,-1.701104313882948560e+01,1.011199776907462677e+01
1.199584054946899414e+01,1.571897115786348387e+00,-7.791343312842056168e-01,-1.586073653578482068e+00,1.436463496979137333e-12,1.053766449099491354e-13,-5.358192188553712043e-14,-1.844333713529877627e-12,-1.701104313882961705e+01,1.011199776907458769e+01
1.200535821914672852e+01,1.571897115786361709e+00,-7.791343312842045066e-01,-1.586073653578482068e+00,1.397738411015696236e-12,1.028122899315864203e-13,-5.362312156809156960e-14,-1.844337101661666645e-12,-1.701104313882961705e+01,1.011199776907458769e+01
1.201792120933532715e+01,1.571897115786375032e+00,-7.791343312842033964e-01,-1.586073653578482068e+00,1.360620356617367466e-12,1.001382136933681721e-13,-5.365217818631418112e-14,-1.759568266914909862e-12,-1.701104313882974139e+01,1.011199776907455039e+01
1.202598285675048828e+01,1.571897115786388355e+00,-7.791343312842022861e-01,-1.586073653578482068e+00,1.323683607927332584e-12,9.769181991137187993e-14,-5.366583913368749847e-14,-1.759575124493650833e-12,-1.701104313882974139e+01,1.011199776907455039e+01
1.203593182563781738e+01,1.571897115786401677e+00,-7.791343312842011759e-01,-1.586073653578482068e+00,1.288719294039591956e-12,9.514090903994798509e-14,-5.367993376192981003e-14,-1.657406931967683739e-12,-1.701104313882987995e+01,1.011199776907450776e+01
1.204628276824951172e+01,1.571897115786415000e+00,-7.791343312842000657e-01,-1.586073653578482068e+00,1.253919006388021229e-12,9.283936466819575628e-14,-5.370118412451052592e-14,-1.657406850652520802e-12,-1.701104313882987995e+01,1.011199776907450776e+01
1.205674815177917480e+01,1.571897115786428101e+00,-7.791343312841989555e-01,-1.586073653578482068e+00,1.220730141320361395e-12,9.036911843840478298e-14,-5.368188532584028394e-14,-1.571177134793502739e-12,-1.701104313883001495e+01,1.011199776907446690e+01
1.206925153732299805e+01,1.571897115786439203e+00,-7.791343312841978452e-01,-1.586073653578482068e+00,1.187699962793171971e-12,8.813349355873967284e-14,-5.367039278281193759e-14,-1.571177134793502739e-12,-1.701104313883001495e+01,1.011199776907446690e+01
1.208024835586547852e+01,1.571897115786450305e+00,-7.791343312841967350e-01,-1.586073653578482068e+00,1.155965243231776851e-12,8.569317130890929946e-14,-5.365131082457619272e-14,-1.499453339270928609e-12,-1.701104313883014640e+01,1.011199776907442782e+01
1.209289455413818359e+01,1.571897115786461407e+00,-7.791343312841956248e-01,-1.586073653578482068e+00,1.124406083107161447e-12,8.349137353702573705e-14,-5.364827505849323330e-14,-1.499456808717880563e-12,-1.701104313883014640e+01,1.011199776907442782e+01
1.210688257217407227e+01,1.571897115786472510e+00,-7.791343312841945146e-01,-1.586073653578482068e+00,1.093848739342449805e-12,8.134942372506337449e-14,-5.365846655891459704e-14,-1.450627812316085397e-12,-1.701104313883021746e+01,1.011199776907440473e+01
1.211782765388488770e+01,1.571897115786483612e+00,-7.791343312841934043e-01,-1.586073653578482068e+00,1.064873829306062225e-12,7.898542930817598062e-14,-5.366236968673554486e-14,-1.363857025362888442e-12,-1.701104313883036312e+01,1.011199776907436032e+01
1.213393759727478027e+01,1.571897115786494714e+00,-7.791343312841922941e-01,-1.586073653578482068e+00,1.036055993059413483e-12,7.683914268752367605e-14,-5.363006046199547683e-14,-1.363860413494677459e-12,-1.701104313883036312e+01,1.011199776907436032e+01
1.214304327964782715e+01,1.571897115786505816e+00,-7.791343312841911839e-01,-1.586073653578482068e+00,1.008573094290164673e-12,7.450854169754883571e-14,-5.359493231160694648e-14,-1.290908271120785877e-12,-1.701104313883049457e+01,1.011199776907432124e+01
1.215747427940368652e+01,1.571897115786515364e+00,-7.791343312841900737e-01,-1.586073653578482068e+00,9.812543979399387939e-13,7.243164401593560342e-14,-5.358148820466812623e-14,-1.290911821882900767e-12,-1.701104313883049457e+01,1.011199776907432124e+01
1.216864299774169922e+01,1.571897115786524246e+00,-7.791343312841889635e-01,-1.586073653578482068e+00,9.545956283470505288e-13,7.039898178295977971e-14,-5.363504779198891015e-14,-1.259731983440856573e-12,-1.701104313883055497e+01,1.011199776907429815e+01
1.217909932136535645e+01,1.571897115786533128e+00,-7.791343312841878532e-01,-1.586073653578482068e+00,9.290725334247865175e-13,6.815208120070082032e-14,-5.367256118715690860e-14,-1.195186311031548598e-12,-1.701104313883068642e+01,1.011199776907425907e+01
1.218852329254150391e+01,1.571897115786542010e+00,-7.791343312841867430e-01,-1.586073653578482068e+00,9.037274373941903138e-13,6.612072001033197921e-14,-5.369229366669614478e-14,-1.195193168610289569e-12,-1.701104313883068642e+01,1.011199776907425907e+01
1.220432329177856445e+01,1.571897115786550891e+00,-7.791343312841856328e-01,-1.586073653578482068e+00,8.792161605968712434e-13,6.412405328948267424e-14,-5.372395237013272151e-14,-1.154146223036889296e-12,-1.701104313883075392e+01,1.011199776907423953e+01
1.221516394615173340e+01,1.571897115786559773e+00,-7.791343312841845226e-01,-1.586073653578482068e+00,8.548622286398341319e-13,6.233945651357153395e-14,-5.372698813621568092e-14,-1.154149611168678313e-12,-1.701104313883075392e+01,1.011199776907423953e+01
1.223069381713867188e+01,1.571897115786568655e+00,-7.791343312841834123e-01,-1.586073653578482068e+00,8.317634233277748645e-13,6.031590157884458847e-14,-5.380570121393812855e-14,-1.082071932057004915e-12,-1.701104313883089958e+01,1.011199776907419157e+01
1.224126076698303223e+01,1.571897115786577537e+00,-7.791343312841823021e-01,-1.586073653578482068e+00,8.097596079998173324e-13,5.806553154963367547e-14,-5.383670939607121397e-14,-1.018979957920565504e-12,-1.701104313883102748e+01,1.011199776907415426e+01
1.225076389312744141e+01,1.571897115786586419e+00,-7.791343312841811919e-01,-1.586073653578482068e+00,7.879297258053807873e-13,5.605715544532152705e-14,-5.386728389733530520e-14,-1.018973100341824534e-12,-1.701104313883102748e+01,1.011199776907415426e+01
1.226130008697509766e+01,1.571897115786594190e+00,-7.791343312841809698e-01,-1.586073653578482068e+00,7.665516984188547323e-13,5.390479729250330365e-14,-5.386403129081784869e-14,-9.919113328014234066e-13,-1.701104313883110208e+01,1.011199776907413295e+01
1.227418708801269531e+01,1.571897115786600851e+00,-7.791343312841809698e-01,-1.586073653578482068e+00,7.451796748018588157e-13,5.176501588488591210e-14,-5.387704171688767474e-14,-9.919079446696343894e-13,-1.701104313883110208e+01,1.011199776907413295e+01
1.228623461723327637e+01,1.571897115786607513e+00,-7.791343312841809698e-01,-1.586073653578482068e+00,7.242778967721241745e-13,4.910438375360648422e-14,-5.387313858906672692e-14,-9.491191740960275292e-13,-1.701104313883122643e+01,1.011199776907409564e+01
1.230046272277832031e+01,1.571897115786614174e+00,-7.791343312841809698e-01,-1.586073653578482068e+00,7.046482673614754000e-13,4.676771123146572506e-14,-5.386056184386589507e-14,-8.974903340040057964e-13,-1.701104313883120511e+01,1.011199776907410275e+01
1.231133031845092773e+01,1.571897115786620835e+00,-7.791343312841809698e-01,-1.586073653578482068e+00,6.850171065152579897e-13,4.442930398584898910e-14,-5.384581669432009221e-14,-8.974903340040057964e-13,-1.701104313883120511e+01,1.011199776907410275e+01
1.232216072082519531e+01,1.571897115786627497e+00,-7.791343312841809698e-01,-1.586073653578482068e+00,6.660507784412086907e-13,4.228865521649360915e-14,-5.383150522564328355e-14,-8.704911791390657072e-13,-1.701104313883118735e+01,1.011199776907410808e+01
1.233113503456115723e+01,1.571897115786634158e+00,-7.791343312841809698e-01,-1.586073653578482068e+00,6.470905625569067787e-13,4.015321061756615961e-14,-5.382088004435292561e-14,-8.704877096921137536e-13,-1.701104313883118735e+01,1.011199776907410808e+01
1.234068512916564941e+01,1.571897115786640819e+00,-7.791343312841809698e-01,-1.586073653578482068e+00,6.293474584789099380e-13,3.844060486590805681e-14,-5.382218108695990821e-14,-8.250344851745694541e-13,-1.701104313883114472e+01,1.011199776907412051e+01
1.235055184364318848e+01,1.571897115786647481e+00,-7.791343312841809698e-01,-1.586073653578482068e+00,6.116041646655329123e-13,3.672843279511894821e-14,-5.382391581043588502e-14,-8.250344851745694541e-13,-1.701104313883114472e+01,1.011199776907412051e+01
1.236094427108764648e+01,1.571897115786654142e+00,-7.791343312841809698e-01,-1.586073653578482068e+00,5.949327673299836805e-13,3.539529780383077195e-14,-5.385383979039648494e-14,-7.862564765925839083e-13,-1.701104313883110564e+01,1.011199776907413117e+01
1.237041592597961426e+01,1.571897115786660803e+00,-7.791343312841809698e-01,-1.586073653578482068e+00,5.782634164260350151e-13,3.406476489775656091e-14,-5.388506481296406747e-14,-7.862598647243729255e-13,-1.701104313883110564e+01,1.011199776907413117e+01
1.238151788711547852e+01,1.571897115786667465e+00,-7.791343312841809698e-01,-1.586073653578482068e+00,5.624555861208704877e-13,3.307380411210480986e-14,-5.390956778206223987e-14,-7.547088767736326309e-13,-1.701104313883106656e+01,1.011199776907414360e+01
1.239394092559814453e+01,1.571897115786672794e+00,-7.791343312841809698e-01,-1.586073653578482068e+00,5.466497344846707462e-13,3.208631277340501242e-14,-5.393732335767786878e-14,-7.547088767736326309e-13,-1.701104313883106656e+01,1.011199776907414360e+01
1.240515303611755371e+01,1.571897115786677235e+00,-7.791343312841809698e-01,-1.586073653578482068e+00,5.315398051179351380e-13,3.134081535960397957e-14,-5.395835687982408757e-14,-7.303429508300623985e-13,-1.701104313883103814e+01,1.011199776907415249e+01
1.241671586036682129e+01,1.571897115786681676e+00,-7.791343312841809698e-01,-1.586073653578482068e+00,5.164318408676371597e-13,3.059965475449288874e-14,-5.398979874282616720e-14,-7.303463389618514157e-13,-1.701104313883103814e+01,1.011199776907415249e+01
1.242657113075256348e+01,1.571897115786686117e+00,-7.791343312841809698e-01,-1.586073653578482068e+00,5.020489097151345503e-13,3.008227347778280603e-14,-5.405593507534778297e-14,-7.006096278214940520e-13,-1.701104313883102037e+01,1.011199776907415604e+01
1.243768310546875000e+01,1.571897115786690557e+00,-7.791343312841809698e-01,-1.586073653578482068e+00,4.888251397628176620e-13,2.973142565476649679e-14,-5.411491567353099441e-14,-6.492271184630610259e-13,-1.701104313883102748e+01,1.011199776907415426e+01
1.244726276397705078e+01,1.571897115786694998e+00,-7.791343312841809698e-01,-1.586073653578482068e+00,4.756015053357723343e-13,2.938578200217811798e-14,-5.417953412301113048e-14,-6.492237303312720087e-13,-1.701104313883102748e+01,1.011199776907415426e+01
1.245757579803466797e+01,1.571897115786699439e+00,-7.791343312841809698e-01,-1.586073653578482068e+00,4.633336357813544470e-13,2.913771654511343456e-14,-5.423439475293889700e-14,-6.050090983755751495e-13,-1.701104313883104169e+01,1.011199776907415071e+01
1.246892595291137695e+01,1.571897115786703880e+00,-7.791343312841809698e-01,-1.586073653578482068e+00,4.510636113751187448e-13,2.888271219414484392e-14,-5.427082394593440995e-14,-6.050056289286231959e-13,-1.701104313883104169e+01,1.011199776907415071e+01
1.247864103317260742e+01,1.571897115786708321e+00,-7.791343312841809698e-01,-1.586073653578482068e+00,4.395509157388913235e-13,2.871401033610609943e-14,-5.431484255413732143e-14,-5.695652283144170269e-13,-1.701104313883105235e+01,1.011199776907414716e+01
1.249003553390502930e+01,1.571897115786712762e+00,-7.791343312841809698e-01,-1.586073653578482068e+00,4.280366073519323300e-13,2.855138001023327377e-14,-5.437729259927248648e-14,-5.695652283144170269e-13,-1.701104313883105235e+01,1.011199776907414716e+01
1.250032639503479004e+01,1.571897115786717203e+00,-7.791343312841809698e-01,-1.586073653578482068e+00,4.171525592403663163e-13,2.843515353734282769e-14,-5.442781642051031099e-14,-5.415945469877669893e-13,-1.701104313883106300e+01,1.011199776907414360e+01
1.251274061203002930e+01,1.571897115786721644e+00,-7.791343312841809698e-01,-1.586073653578482068e+00,4.062687008641804876e-13,2.831762602184539901e-14,-5.447595499696866739e-14,-5.415945469877669893e-13,-1.701104313883106300e+01,1.011199776907414360e+01
1.252282524108886719e+01,1.571897115786726085e+00,-7.791343312841809698e-01,-1.586073653578482068e+00,3.956203311998585104e-13,2.821874678371472100e-14,-5.450024112563234269e-14,-5.297741412224610258e-13,-1.701104313883106656e+01,1.011199776907414360e+01
1.253136825561523438e+01,1.571897115786730525e+00,-7.791343312841809698e-01,-1.586073653578482068e+00,3.849720292981723135e-13,2.812550539688096762e-14,-5.453515243558637593e-14,-5.297741412224610258e-13,-1.701104313883106656e+01,1.011199776907414360e+01
1.254156112670898438e+01,1.571897115786734966e+00,-7.791343312841809698e-01,-1.586073653578482068e+00,3.747186886953954299e-13,2.803486609526117945e-14,-5.451867256256459626e-14,-5.106610392793115016e-13,-1.701104313883107721e+01,1.011199776907414183e+01
1.255355668067932129e+01,1.571897115786739407e+00,-7.791343312841809698e-01,-1.586073653578482068e+00,3.644662696644651589e-13,2.794509415537937969e-14,-5.450652949823275861e-14,-5.106712849898414897e-13,-1.701104313883107721e+01,1.011199776907414183e+01
1.256609439849853516e+01,1.571897115786743848e+00,-7.791343312841809698e-01,-1.586073653578482068e+00,3.545406156157948629e-13,2.788654723806516245e-14,-5.452127464777856147e-14,-4.947708909242010122e-13,-1.701104313883108432e+01,1.011199776907413828e+01
1.258160305023193359e+01,1.571897115786748289e+00,-7.791343312841809698e-01,-1.586073653578482068e+00,3.449001067384882546e-13,2.786616423722243496e-14,-5.455445123425661791e-14,-4.819512844367324078e-13,-1.701104313883108787e+01,1.011199776907413650e+01
1.259469842910766602e+01,1.571897115786752730e+00,-7.791343312841809698e-01,-1.586073653578482068e+00,3.352595978611816463e-13,2.784578123637970748e-14,-5.458762782073467434e-14,-4.819478149897804542e-13,-1.701104313883108787e+01,1.011199776907413650e+01
1.260480093955993652e+01,1.571897115786755394e+00,-7.791343312841809698e-01,-1.586073653578482068e+00,3.257239042289000741e-13,2.781368885207413655e-14,-5.458806150160366855e-14,-4.767297667740422185e-13,-1.701104313883109143e+01,1.011199776907413650e+01
1.261647844314575195e+01,1.571897115786757615e+00,-7.791343312841809698e-01,-1.586073653578482068e+00,3.163519522297181252e-13,2.781455621381212495e-14,-5.461386551330882355e-14,-4.688645305339633751e-13,-1.701104313883109498e+01,1.011199776907413472e+01
1.262608432769775391e+01,1.571897115786759835e+00,-7.791343312841809698e-01,-1.586073653578482068e+00,3.069851366383283264e-13,2.781282149033614814e-14,-5.463316431197906553e-14,-4.688611424021743579e-13,-1.701104313883109498e+01,1.011199776907413472e+01
1.263771271705627441e+01,1.571897115786762056e+00,-7.791343312841809698e-01,-1.586073653578482068e+00,2.984069154970958593e-13,2.780328051121827571e-14,-5.463880216327599015e-14,-4.287820912132062068e-13,-1.701104313883112340e+01,1.011199776907412762e+01
1.264753818511962891e+01,1.571897115786764276e+00,-7.791343312841809698e-01,-1.586073653578482068e+00,2.898350911486810566e-13,2.779373953210040327e-14,-5.463663375893101914e-14,-4.287820098980432704e-13,-1.701104313883112340e+01,1.011199776907412762e+01
1.265966558456420898e+01,1.571897115786766497e+00,-7.791343312841809698e-01,-1.586073653578482068e+00,2.821210062439738486e-13,2.782800032075094521e-14,-5.466330513237416255e-14,-3.878806184662991763e-13,-1.701104313883114827e+01,1.011199776907411874e+01
1.267171573638916016e+01,1.571897115786768717e+00,-7.791343312841809698e-01,-1.586073653578482068e+00,2.744019340092732073e-13,2.786139374766349874e-14,-5.469453015494174508e-14,-3.878738422027211419e-13,-1.701104313883114827e+01,1.011199776907411874e+01
1.268266820907592773e+01,1.571897115786770938e+00,-7.791343312841809698e-01,-1.586073653578482068e+00,2.670824986953507230e-13,2.789348613196906967e-14,-5.471361211317748996e-14,-3.692671981993939090e-13,-1.701104313883116248e+01,1.011199776907411518e+01
1.269419193267822266e+01,1.571897115786773158e+00,-7.791343312841809698e-01,-1.586073653578482068e+00,2.597577372382559036e-13,2.791647121802576237e-14,-5.471317843230849576e-14,-3.692671981993939090e-13,-1.701104313883116248e+01,1.011199776907411518e+01
1.270584559440612793e+01,1.571897115786775379e+00,-7.791343312841809698e-01,-1.586073653578482068e+00,2.530425006900052787e-13,2.795290041102127532e-14,-5.474136768879311887e-14,-3.376811905184823326e-13,-1.701104313883118380e+01,1.011199776907410808e+01
1.271594715118408203e+01,1.571897115786777599e+00,-7.791343312841809698e-01,-1.586073653578482068e+00,2.468706391655500765e-13,2.797762022055394482e-14,-5.474570449748306089e-14,-3.107374654896105648e-13,-1.701104313883120511e+01,1.011199776907410275e+01
1.272659039497375488e+01,1.571897115786779819e+00,-7.791343312841809698e-01,-1.586073653578482068e+00,2.407025181385899493e-13,2.799887058313466071e-14,-5.472575517750932761e-14,-3.107409349365625184e-13,-1.701104313883120511e+01,1.011199776907410275e+01
1.273469901084899902e+01,1.571897115786782040e+00,-7.791343312841809698e-01,-1.586073653578482068e+00,2.349654487903557465e-13,2.801621781789442878e-14,-5.470623953840458853e-14,-2.897785364528587815e-13,-1.701104313883121932e+01,1.011199776907409920e+01
1.274590611457824707e+01,1.571897115786784260e+00,-7.791343312841809698e-01,-1.586073653578482068e+00,2.292330686165175435e-13,2.804050394655810408e-14,-5.468542285669286684e-14,-2.897785364528587815e-13,-1.701104313883121932e+01,1.011199776907409920e+01
1.275604939460754395e+01,1.571897115786786481e+00,-7.791343312841809698e-01,-1.586073653578482068e+00,2.238009446818220449e-13,2.806825952217373299e-14,-5.466417249411215096e-14,-2.742424343171734336e-13,-1.701104313883122998e+01,1.011199776907409564e+01
1.276536297798156738e+01,1.571897115786788701e+00,-7.791343312841809698e-01,-1.586073653578482068e+00,2.183631964483567778e-13,2.809341301257539669e-14,-5.464595789761439448e-14,-2.742424343171734336e-13,-1.701104313883122998e+01,1.011199776907409564e+01
1.277643656730651855e+01,1.571897115786790922e+00,-7.791343312841809698e-01,-1.586073653578482068e+00,2.131367863233632476e-13,2.811119392820415896e-14,-5.463554955675853364e-14,-2.625538675360417074e-13,-1.701104313883124064e+01,1.011199776907409209e+01
1.278513908386230469e+01,1.571897115786793142e+00,-7.791343312841809698e-01,-1.586073653578482068e+00,2.079164477305356362e-13,2.813461269512984586e-14,-5.463620007806202494e-14,-2.625538675360417074e-13,-1.701104313883124064e+01,1.011199776907409209e+01
1.279598855972290039e+01,1.571897115786795363e+00,-7.791343312841809698e-01,-1.586073653578482068e+00,2.028750838113310695e-13,2.815803146205553276e-14,-5.463273063111007133e-14,-2.535610610365779394e-13,-1.701104313883124775e+01,1.011199776907409031e+01
1.280503940582275391e+01,1.571897115786797583e+00,-7.791343312841809698e-01,-1.586073653578482068e+00,1.978441146804552075e-13,2.818231759071920806e-14,-5.462340649242669599e-14,-2.535644491683669566e-13,-1.701104313883124775e+01,1.011199776907409031e+01
1.281619167327880859e+01,1.571897115786799803e+00,-7.791343312841809698e-01,-1.586073653578482068e+00,1.929589165316700217e-13,2.821657837936975000e-14,-5.463164642893758582e-14,-2.465771456374582504e-13,-1.701104313883125130e+01,1.011199776907408854e+01
1.282578539848327637e+01,1.571897115786802024e+00,-7.791343312841809698e-01,-1.586073653578482068e+00,1.880755073164694369e-13,2.825474229584123975e-14,-5.465072838717333070e-14,-2.465770643222953140e-13,-1.701104313883125130e+01,1.011199776907408854e+01
1.283490300178527832e+01,1.571897115786804244e+00,-7.791343312841809698e-01,-1.586073653578482068e+00,1.833111163947534483e-13,2.829117148883675270e-14,-5.466915982410558428e-14,-2.412167687815269801e-13,-1.701104313883125485e+01,1.011199776907408676e+01
1.284594678878784180e+01,1.571897115786806465e+00,-7.791343312841809698e-01,-1.586073653578482068e+00,1.785493411107785811e-13,2.833367221399818447e-14,-5.469171122929328277e-14,-2.412168500966899165e-13,-1.701104313883125485e+01,1.011199776907408676e+01
1.285582113265991211e+01,1.571897115786808685e+00,-7.791343312841809698e-01,-1.586073653578482068e+00,1.738775275020656985e-13,2.838744864175346549e-14,-5.474331925270359278e-14,-2.371471075068853906e-13,-1.701104313883125840e+01,1.011199776907408499e+01
1.286695051193237305e+01,1.571897115786810906e+00,-7.791343312841809698e-01,-1.586073653578482068e+00,1.692078145350620066e-13,2.844556187819868853e-14,-5.479796304219686220e-14,-2.371471075068853906e-13,-1.701104313883125840e+01,1.011199776907408499e+01
1.287559700012207031e+01,1.571897115786813126e+00,-7.791343312841809698e-01,-1.586073653578482068e+00,1.645894385409255034e-13,2.847938898598023627e-14,-5.480663665957674624e-14,-2.341009330830701174e-13,-1.701104313883126196e+01,1.011199776907408499e+01
1.288572716712951660e+01,1.571897115786815347e+00,-7.791343312841809698e-01,-1.586073653578482068e+00,1.599674575745654859e-13,2.851364977463077821e-14,-5.482810386259195923e-14,-2.340975449512811002e-13,-1.701104313883126196e+01,1.011199776907408499e+01
1.289621114730834961e+01,1.571897115786817567e+00,-7.791343312841809698e-01,-1.586073653578482068e+00,1.553973827872132119e-13,2.852882860504557527e-14,-5.481335871304615637e-14,-2.318110980947807320e-13,-1.701104313883126551e+01,1.011199776907408499e+01
1.290554642677307129e+01,1.571897115786819787e+00,-7.791343312841809698e-01,-1.586073653578482068e+00,1.508195559543276665e-13,2.853316541373551729e-14,-5.478256737134756804e-14,-2.318076286478287784e-13,-1.701104313883126551e+01,1.011199776907408499e+01
1.291624784469604492e+01,1.571897115786822008e+00,-7.791343312841809698e-01,-1.586073653578482068e+00,1.462341803638161908e-13,2.853576749894948250e-14,-5.479514411654839989e-14,-2.300695170400629541e-13,-1.701104313883126906e+01,1.011199776907408321e+01
1.292499446868896484e+01,1.571897115786824228e+00,-7.791343312841809698e-01,-1.586073653578482068e+00,1.416552422237038478e-13,2.854314007372238393e-14,-5.481140714913568246e-14,-2.300762933036409885e-13,-1.701104313883126906e+01,1.011199776907408321e+01
1.293543457984924316e+01,1.571897115786826449e+00,-7.791343312841809698e-01,-1.586073653578482068e+00,1.370992620645938853e-13,2.855051264849528536e-14,-5.481574395782562448e-14,-2.287197395454271254e-13,-1.701104313883126906e+01,1.011199776907408321e+01
1.294580245018005371e+01,1.571897115786828669e+00,-7.791343312841809698e-01,-1.586073653578482068e+00,1.325450030764327436e-13,2.856092098935114620e-14,-5.482962174563343893e-14,-2.287197395454271254e-13,-1.701104313883126906e+01,1.011199776907408321e+01
1.295553803443908691e+01,1.571897115786830890e+00,-7.791343312841809698e-01,-1.586073653578482068e+00,1.280231075231202942e-13,2.857870190497990848e-14,-5.483959640562030557e-14,-2.275089025591953140e-13,-1.701104313883126906e+01,1.011199776907408321e+01
1.296662521362304688e+01,1.571897115786833110e+00,-7.791343312841809698e-01,-1.586073653578482068e+00,1.234987860674469085e-13,2.859171233104973453e-14,-5.483916272475131137e-14,-2.275089025591953140e-13,-1.701104313883126906e+01,1.011199776907408321e+01
1.297533488273620605e+01,1.571897115786835331e+00,-7.791343312841809698e-01,-1.586073653578482068e+00,1.189927469709070595e-13,2.858130399019387369e-14,-5.481856288347408679e-14,-2.265098644673585460e-13,-1.701104313883127261e+01,1.011199776907408321e+01
1.299033808708190918e+01,1.571897115786837551e+00,-7.791343312841809698e-01,-1.586073653578482068e+00,1.144960320130505860e-13,2.857696718150393167e-14,-5.479124098872745208e-14,-2.265131712839846267e-13,-1.701104313883127261e+01,1.011199776907408321e+01
1.300081348419189453e+01,1.571897115786839105e+00,-7.791343312841809698e-01,-1.586073653578482068e+00,1.100097525011042854e-13,2.857306405368298385e-14,-5.476565381745679417e-14,-2.257292389031689828e-13,-1.701104313883127261e+01,1.011199776907408321e+01
1.301305460929870605e+01,1.571897115786839105e+00,-7.791343312841809698e-01,-1.586073653578482068e+00,1.055195292037555688e-13,2.857046196846901864e-14,-5.474787290182803190e-14,-2.257292389031689828e-13,-1.701104313883127261e+01,1.011199776907408321e+01
1.302453088760375977e+01,1.571897115786839105e+00,-7.791343312841809698e-01,-1.586073653578482068e+00,1.010360821699848866e-13,2.856872724499304184e-14,-5.473095934793725803e-14,-2.254343359122529256e-13,-1.701104313883127261e+01,1.011199776907408321e+01
1.303659105300903320e+01,1.571897115786839105e+00,-7.791343312841809698e-01,-1.586073653578482068e+00,9.655263513621420435e-14,2.856612515977907663e-14,-5.471317843230849576e-14,-2.254343359122529256e-13,-1.701104313883127261e+01,1.011199776907408321e+01
1.304704999923706055e+01,1.571897115786839105e+00,-7.791343312841809698e-01,-1.586073653578482068e+00,9.254253721842353730e-14,2.854704320154333175e-14,-5.468412181408588424e-14,-2.002147633881762312e-13,-1.701104313883129038e+01,1.011199776907407788e+01
1.306232690811157227e+01,1.571897115786839105e+00,-7.791343312841809698e-01,-1.586073653578482068e+00,8.935320745025870925e-14,2.855658418066120419e-14,-5.468021868626493642e-14,-1.617214120865767546e-13,-1.701104313883131525e+01,1.011199776907406900e+01
1.307202792167663574e+01,1.571897115786839105e+00,-7.791343312841809698e-01,-1.586073653578482068e+00,8.616406741747406617e-14,2.856525779804108822e-14,-5.467631555844398861e-14,-1.617214120865767546e-13,-1.701104313883131525e+01,1.011199776907406900e+01
1.308430719375610352e+01,1.571897115786839105e+00,-7.791343312841809698e-01,-1.586073653578482068e+00,8.333213134294192859e-14,2.856482411717209402e-14,-5.465419783412528432e-14,-1.435241628235800482e-13,-1.701104313883132946e+01,1.011199776907406545e+01
1.309542894363403320e+01,1.571897115786839105e+00,-7.791343312841809698e-01,-1.586073653578482068e+00,8.050038500378997597e-14,2.856569147891008242e-14,-5.463273063111007133e-14,-1.435241628235800482e-13,-1.701104313883132946e+01,1.011199776907406545e+01
1.310853481292724609e+01,1.571897115786839105e+00,-7.791343312841809698e-01,-1.586073653578482068e+00,7.827042508047610259e-14,2.857523245802795486e-14,-5.463121274806859162e-14,-1.127777613050412464e-13,-1.701104313883135077e+01,1.011199776907405834e+01
1.311933708190917969e+01,1.571897115786839105e+00,-7.791343312841809698e-01,-1.586073653578482068e+00,7.660095702275576679e-14,2.860081962929861277e-14,-5.461906968373675397e-14,-8.646200617447308279e-14,-1.701104313883136854e+01,1.011199776907405301e+01
1.313188672065734863e+01,1.571897115786839105e+00,-7.791343312841809698e-01,-1.586073653578482068e+00,7.493128567712808996e-14,2.862684048143826487e-14,-5.460714345983941342e-14,-8.646200617447308279e-14,-1.701104313883136854e+01,1.011199776907405301e+01
1.314132666587829590e+01,1.571897115786839105e+00,-7.791343312841809698e-01,-1.586073653578482068e+00,7.343870520384876421e-14,2.865806550400584740e-14,-5.463121274806859162e-14,-7.525924328177779898e-14,-1.701104313883137564e+01,1.011199776907404946e+01
1.315151262283325195e+01,1.571897115786839105e+00,-7.791343312841809698e-01,-1.586073653578482068e+00,7.194623315078668702e-14,2.869015788831141833e-14,-5.465593255760126112e-14,-7.525924328177779898e-14,-1.701104313883137564e+01,1.011199776907404946e+01
1.316139078140258789e+01,1.571897115786839105e+00,-7.791343312841809698e-01,-1.586073653578482068e+00,7.083399079961527622e-14,2.872225027261698926e-14,-5.466243777063617415e-14,-5.781131324524013682e-14,-1.701104313883138985e+01,1.011199776907404591e+01
1.317109298706054688e+01,1.571897115786839105e+00,-7.791343312841809698e-01,-1.586073653578482068e+00,6.972173489591670936e-14,2.875477633779155440e-14,-5.466894298367108718e-14,-5.781131324524013682e-14,-1.701104313883138985e+01,1.011199776907404591e+01
1.318484520912170410e+01,1.571897115786839105e+00,-7.791343312841809698e-01,-1.586073653578482068e+00,6.887518983964002750e-14,2.877515933863428188e-14,-5.464140424848995536e-14,-4.354841682575882889e-14,-1.701104313883140051e+01,1.011199776907404413e+01
1.319935536384582520e+01,1.571897115786839105e+00,-7.791343312841809698e-01,-1.586073653578482068e+00,6.802895649148793522e-14,2.879380761600103256e-14,-5.461148026852935544e-14,-4.354841682575882889e-14,-1.701104313883140051e+01,1.011199776907404413e+01
1.321326756477355957e+01,1.571897115786839105e+00,-7.791343312841809698e-01,-1.586073653578482068e+00,6.741806277740097775e-14,2.882069582987867307e-14,-5.460627609810142502e-14,-3.230740870142911891e-14,-1.701104313883140762e+01,1.011199776907404058e+01
1.322841858863830566e+01,1.571897115786839105e+00,-7.791343312841809698e-01,-1.586073653578482068e+00,6.700733988940915653e-14,2.884931876723229038e-14,-5.459239831029361056e-14,-2.363040318975606624e-14,-1.701104313883141472e+01,1.011199776907403880e+01
1.323372459411621094e+01,1.571897115786839105e+00,-7.791343312841809698e-01,-1.586073653578482068e+00,6.659661700141733531e-14,2.888054378979987291e-14,-5.457982156509277871e-14,-2.363040318975606624e-14,-1.701104313883141472e+01,1.011199776907403880e+01
1.324383664131164551e+01,1.571897115786839105e+00,-7.791343312841809698e-01,-1.586073653578482068e+00,6.626486468916392703e-14,2.890569728020153661e-14,-5.457505107553384249e-14,-2.021993683598566349e-14,-1.701104313883141828e+01,1.011199776907403702e+01
1.325463914871215820e+01,1.571897115786839105e+00,-7.791343312841809698e-01,-1.586073653578482068e+00,6.602585232023949757e-14,2.892868236625822931e-14,-5.455271651078064110e-14,-1.532801663373106749e-14,-1.701104313883142183e+01,1.011199776907403702e+01
1.326573491096496582e+01,1.571897115786839105e+00,-7.791343312841809698e-01,-1.586073653578482068e+00,6.578671797857066350e-14,2.895036640970793940e-14,-5.452994826515844551e-14,-1.532801663373106749e-14,-1.701104313883142183e+01,1.011199776907403702e+01
1.327540850639343262e+01,1.571897115786839105e+00,-7.791343312841809698e-01,-1.586073653578482068e+00,6.560332518109474043e-14,2.896424419751575385e-14,-5.452127464777856147e-14,-1.196265309033606172e-14,-1.701104313883142538e+01,1.011199776907403525e+01
1.328545379638671875e+01,1.571897115786839105e+00,-7.791343312841809698e-01,-1.586073653578482068e+00,6.541937673000541853e-14,2.897898934706155671e-14,-5.451368523257116294e-14,-1.195926495854704452e-14,-1.701104313883142538e+01,1.011199776907403525e+01
1.329571938514709473e+01,1.571897115786839105e+00,-7.791343312841809698e-01,-1.586073653578482068e+00,6.528867615811229097e-14,2.900587756093919722e-14,-5.453103246733093101e-14,-9.599959716055650460e-15,-1.701104313883142893e+01,1.011199776907403347e+01
1.330700469017028809e+01,1.571897115786839105e+00,-7.791343312841809698e-01,-1.586073653578482068e+00,6.515929018135330208e-14,2.903189841307884933e-14,-5.454924706382868749e-14,-9.603347847844667662e-15,-1.701104313883142893e+01,1.011199776907403347e+01
1.331583642959594727e+01,1.571897115786839105e+00,-7.791343312841809698e-01,-1.586073653578482068e+00,6.507027718299224217e-14,2.906052135043246665e-14,-5.456312485163650194e-14,-7.858297346174936138e-15,-1.701104313883142893e+01,1.011199776907403347e+01
1.332582044601440430e+01,1.571897115786839105e+00,-7.791343312841809698e-01,-1.586073653578482068e+00,6.498050524311044240e-14,2.909131269213105497e-14,-5.457656895857532220e-14,-7.858297346174936138e-15,-1.701104313883142893e+01,1.011199776907403347e+01
1.333597683906555176e+01,1.571897115786839105e+00,-7.791343312841809698e-01,-1.586073653578482068e+00,6.491951887090813278e-14,2.911733354427070708e-14,-5.459174778899011926e-14,-6.578152736066988915e-15,-1.701104313883142893e+01,1.011199776907403347e+01
1.334558606147766113e+01,1.571897115786839105e+00,-7.791343312841809698e-01,-1.586073653578482068e+00,6.485853249870582315e-14,2.914335439641035919e-14,-5.460692661940491632e-14,-6.578152736066988915e-15,-1.701104313883142893e+01,1.011199776907403347e+01
1.335506486892700195e+01,1.571897115786839105e+00,-7.791343312841809698e-01,-1.586073653578482068e+00,6.477808469750739873e-14,2.915289537552823163e-14,-5.459304883159710187e-14,-5.644708875665593872e-15,-1.701104313883143249e+01,1.011199776907403347e+01
1.336532020568847656e+01,1.571897115786839105e+00,-7.791343312841809698e-01,-1.586073653578482068e+00,6.469763689630897430e-14,2.916243635464610406e-14,-5.457917104378928741e-14,-5.644708875665593872e-15,-1.701104313883143249e+01,1.011199776907403347e+01
1.337675046920776367e+01,1.571897115786839105e+00,-7.791343312841809698e-01,-1.586073653578482068e+00,6.463448211976169366e-14,2.917110997202598810e-14,-5.456182380902951934e-14,-4.881511861398735164e-15,-1.701104313883143249e+01,1.011199776907403347e+01
1.338596701622009277e+01,1.571897115786839105e+00,-7.791343312841809698e-01,-1.586073653578482068e+00,6.457132734321441303e-14,2.917978358940587214e-14,-5.454447657426975127e-14,-4.881511861398735164e-15,-1.701104313883143249e+01,1.011199776907403347e+01
1.339614844322204590e+01,1.571897115786839105e+00,-7.791343312841809698e-01,-1.586073653578482068e+00,6.456373792800701450e-14,2.921014125023546626e-14,-5.457049742640940337e-14,-4.152928001488476184e-15,-1.701104313883143249e+01,1.011199776907403169e+01
1.340575051307678223e+01,1.571897115786839105e+00,-7.791343312841809698e-01,-1.586073653578482068e+00,6.455614851279961597e-14,2.924049891106506038e-14,-5.459651827854905548e-14,-4.152928001488476184e-15,-1.701104313883143249e+01,1.011199776907403169e+01
1.341847610473632812e+01,1.571897115786839105e+00,-7.791343312841809698e-01,-1.586073653578482068e+00,6.452187417162191796e-14,2.924049891106506038e-14,-5.459868668289402649e-14,-3.618551855724683186e-15,-1.701104313883143604e+01,1.011199776907403169e+01
1.342741632461547852e+01,1.571897115786839105e+00,-7.791343312841809698e-01,-1.586073653578482068e+00,6.448759983044421995e-14,2.924049891106506038e-14,-5.460085508723899750e-14,-3.618551855724683186e-15,-1.701104313883143604e+01,1.011199776907403169e+01
1.343827867507934570e+01,1.571897115786839105e+00,-7.791343312841809698e-01,-1.586073653578482068e+00,6.446050832865923841e-14,2.924049891106506038e-14,-5.459868668289402649e-14,-3.306301630048857909e-15,-1.701104313883143604e+01,1.011199776907403169e+01
1.344875621795654297e+01,1.571897115786839105e+00,-7.791343312841809698e-01,-1.586073653578482068e+00,6.443298314600526266e-14,2.924049891106506038e-14,-5.459651827854905548e-14,-3.306301630048857909e-15,-1.701104313883143604e+01,1.011199776907403169e+01
1.345949506759643555e+01,1.571897115786839105e+00,-7.791343312841809698e-01,-1.586073653578482068e+00,6.441226133198363346e-14,2.924917252844494442e-14,-5.460302349158396851e-14,-3.028745873892568774e-15,-1.701104313883143604e+01,1.011199776907403169e+01
1.347173190116882324e+01,1.571897115786839105e+00,-7.791343312841809698e-01,-1.586073653578482068e+00,6.439110583709301006e-14,2.925784614582482845e-14,-5.460952870461888153e-14,-3.028745873892568774e-15,-1.701104313883143604e+01,1.011199776907403169e+01
1.348283553123474121e+01,1.571897115786839105e+00,-7.791343312841809698e-01,-1.586073653578482068e+00,6.437323005377415530e-14,2.926651976320471249e-14,-5.461603391765379456e-14,-2.903845783622238663e-15,-1.701104313883143604e+01,1.011199776907403169e+01
1.349556183815002441e+01,1.571897115786839105e+00,-7.791343312841809698e-01,-1.586073653578482068e+00,6.435492058958630635e-14,2.927519338058459653e-14,-5.462253913068870759e-14,-2.903845783622238663e-15,-1.701104313883143604e+01,1.011199776907403169e+01
1.350779008865356445e+01,1.571897115786839105e+00,-7.791343312841809698e-01,-1.586073653578482068e+00,6.434203213626088491e-14,2.928386699796448056e-14,-5.462904434372362061e-14,-2.664535259100375697e-15,-1.701104313883143604e+01,1.011199776907403169e+01
1.351794481277465820e+01,1.571897115786839105e+00,-7.791343312841809698e-01,-1.586073653578482068e+00,6.433413101292889680e-14,2.929254061534436460e-14,-5.463164642893758582e-14,-2.466776782839019688e-15,-1.701104313883143604e+01,1.011199776907403169e+01
1.352871990203857422e+01,1.571897115786839105e+00,-7.791343312841809698e-01,-1.586073653578482068e+00,6.432597239158094338e-14,2.930208159446223704e-14,-5.463424851415155103e-14,-2.470164914628036890e-15,-1.701104313883143604e+01,1.011199776907403169e+01
1.353926587104797363e+01,1.571897115786839105e+00,-7.791343312841809698e-01,-1.586073653578482068e+00,6.432162203036384529e-14,2.931075521184212107e-14,-5.463641691849652204e-14,-2.300162013982309794e-15,-1.701104313883143604e+01,1.011199776907403169e+01
1.355054402351379395e+01,1.571897115786839105e+00,-7.791343312841809698e-01,-1.586073653578482068e+00,6.431765113990711713e-14,2.931942882922200511e-14,-5.463901900371048725e-14,-2.300162013982309794e-15,-1.701104313883143604e+01,1.011199776907403169e+01
1.355926847457885742e+01,1.571897115786839105e+00,-7.791343312841809698e-01,-1.586073653578482068e+00,6.431587575884967212e-14,2.932810244660188914e-14,-5.464118740805545826e-14,-2.182282132778823325e-15,-1.701104313883143604e+01,1.011199776907403169e+01
1.357000136375427246e+01,1.571897115786839105e+00,-7.791343312841809698e-01,-1.586073653578482068e+00,6.431447984855259703e-14,2.933677606398177318e-14,-5.464378949326942347e-14,-2.182282132778823325e-15,-1.701104313883143604e+01,1.011199776907403169e+01
1.358070373535156250e+01,1.571897115786839105e+00,-7.791343312841809698e-01,-1.586073653578482068e+00,6.431485931931296696e-14,2.934631704309964562e-14,-5.464639157848338868e-14,-2.102403537720953786e-15,-1.701104313883143604e+01,1.011199776907403169e+01
1.358986759185791016e+01,1.571897115786839105e+00,-7.791343312841809698e-01,-1.586073653578482068e+00,6.431549628808930219e-14,2.935455697961053545e-14,-5.464899366369735390e-14,-2.102403537720953786e-15,-1.701104313883143604e+01,1.011199776907403169e+01
1.360111975669860840e+01,1.571897115786839105e+00,-7.791343312841809698e-01,-1.586073653578482068e+00,6.431670246300619231e-14,2.936323059699041949e-14,-5.465116206804232490e-14,-2.057382042508493214e-15,-1.701104313883143604e+01,1.011199776907403169e+01
1.360982155799865723e+01,1.571897115786839105e+00,-7.791343312841809698e-01,-1.586073653578482068e+00,6.431834231879207664e-14,2.937190421437030352e-14,-5.465333047238729591e-14,-2.060770174297510415e-15,-1.701104313883143604e+01,1.011199776907403169e+01
1.362132215499877930e+01,1.571897115786839105e+00,-7.791343312841809698e-01,-1.586073653578482068e+00,6.432037519786548696e-14,2.935455697961053545e-14,-5.462947802459261482e-14,-2.012197916970159817e-15,-1.701104313883143959e+01,1.011199776907403169e+01
1.363166999816894531e+01,1.571897115786839105e+00,-7.791343312841809698e-01,-1.586073653578482068e+00,6.432240807693889728e-14,2.933720974485076738e-14,-5.460562557679793372e-14,-2.012197916970159817e-15,-1.701104313883143959e+01,1.011199776907403169e+01
1.364154577255249023e+01,1.571897115786839105e+00,-7.791343312841809698e-01,-1.586073653578482068e+00,6.432552515818479311e-14,2.931986251009099931e-14,-5.458177312900325262e-14,-1.963625659642809218e-15,-1.701104313883143959e+01,1.011199776907403169e+01
1.365437698364257812e+01,1.571897115786839105e+00,-7.791343312841809698e-01,-1.586073653578482068e+00,6.432864223943068893e-14,2.930251527533123124e-14,-5.455792068120857152e-14,-1.963625659642809218e-15,-1.701104313883143959e+01,1.011199776907403169e+01
1.366392564773559570e+01,1.571897115786839105e+00,-7.791343312841809698e-01,-1.586073653578482068e+00,6.433094616904722063e-14,2.928516804057146317e-14,-5.453406823341389043e-14,-1.998320129162345360e-15,-1.701104313883143959e+01,1.011199776907403169e+01
1.367336249351501465e+01,1.571897115786839105e+00,-7.791343312841809698e-01,-1.586073653578482068e+00,6.433148827013346338e-14,2.926782080581169510e-14,-5.451021578561920933e-14,-2.078117409057278486e-15,-1.701104313883143959e+01,1.011199776907403169e+01
1.368543481826782227e+01,1.571897115786839105e+00,-7.791343312841809698e-01,-1.586073653578482068e+00,6.433203037121970613e-14,2.925047357105192702e-14,-5.448636333782452823e-14,-2.078117409057278486e-15,-1.701104313883143959e+01,1.011199776907403169e+01
1.369656562805175781e+01,1.571897115786839105e+00,-7.791343312841809698e-01,-1.586073653578482068e+00,6.433106814179162525e-14,2.925914718843181106e-14,-5.448853174216949924e-14,-2.150975795048304384e-15,-1.701104313883143604e+01,1.011199776907403169e+01
1.371010327339172363e+01,1.571897115786839105e+00,-7.791343312841809698e-01,-1.586073653578482068e+00,6.433053959323253856e-14,2.926782080581169510e-14,-5.449070014651447025e-14,-2.150975795048304384e-15,-1.701104313883143604e+01,1.011199776907403169e+01
1.372110009193420410e+01,1.571897115786839105e+00,-7.791343312841809698e-01,-1.586073653578482068e+00,6.432876421217509355e-14,2.927649442319157913e-14,-5.449286855085944126e-14,-2.185670264567840526e-15,-1.701104313883143604e+01,1.011199776907403169e+01
1.373231506347656250e+01,1.571897115786839105e+00,-7.791343312841809698e-01,-1.586073653578482068e+00,6.432742251198664274e-14,2.928516804057146317e-14,-5.449503695520441227e-14,-2.185670264567840526e-15,-1.701104313883143604e+01,1.011199776907403169e+01
1.374430823326110840e+01,1.571897115786839105e+00,-7.791343312841809698e-01,-1.586073653578482068e+00,6.432591818147231910e-14,2.929384165795134720e-14,-5.449720535954938327e-14,-2.175261923711979684e-15,-1.701104313883143604e+01,1.011199776907403169e+01
1.375396180152893066e+01,1.571897115786839105e+00,-7.791343312841809698e-01,-1.586073653578482068e+00,6.432606725927103586e-14,2.930251527533123124e-14,-5.449937376389435428e-14,-2.126689666384629085e-15,-1.701104313883143604e+01,1.011199776907403169e+01
1.376505231857299805e+01,1.571897115786839105e+00,-7.791343312841809698e-01,-1.586073653578482068e+00,6.432578265620075841e-14,2.931118889271111527e-14,-5.450154216823932529e-14,-2.126689666384629085e-15,-1.701104313883143604e+01,1.011199776907403169e+01
1.377519488334655762e+01,1.571897115786839105e+00,-7.791343312841809698e-01,-1.586073653578482068e+00,6.432632475728700117e-14,2.929384165795134720e-14,-5.447768972044464419e-14,-2.078117409057278486e-15,-1.701104313883143959e+01,1.011199776907403169e+01
1.378483843803405762e+01,1.571897115786839105e+00,-7.791343312841809698e-01,-1.586073653578482068e+00,6.432686685837324392e-14,2.927649442319157913e-14,-5.445383727264996310e-14,-2.078117409057278486e-15,-1.701104313883143959e+01,1.011199776907403169e+01
1.379703164100646973e+01,1.571897115786839105e+00,-7.791343312841809698e-01,-1.586073653578482068e+00,6.432808658581729011e-14,2.925914718843181106e-14,-5.442998482485528200e-14,-2.046892386489695959e-15,-1.701104313883143959e+01,1.011199776907403169e+01
1.380692172050476074e+01,1.571897115786839105e+00,-7.791343312841809698e-01,-1.586073653578482068e+00,6.432930631326133630e-14,2.924179995367204299e-14,-5.440613237706060090e-14,-2.046892386489695959e-15,-1.701104313883143959e+01,1.011199776907403169e+01
1.381713938713073730e+01,1.571897115786839105e+00,-7.791343312841809698e-01,-1.586073653578482068e+00,6.432930631326133630e-14,2.922445271891227492e-14,-5.438227992926591980e-14,-2.102403537720953786e-15,-1.701104313883143959e+01,1.011199776907403169e+01
1.382659435272216797e+01,1.571897115786839105e+00,-7.791343312841809698e-01,-1.586073653578482068e+00,6.432930631326133630e-14,2.920710548415250685e-14,-5.435842748147123871e-14,-2.102403537720953786e-15,-1.701104313883143959e+01,1.011199776907403169e+01
1.383964848518371582e+01,1.571897115786839105e+00,-7.791343312841809698e-01,-1.586073653578482068e+00,6.432820855856169473e-14,2.922878952760221694e-14,-5.440179556837065888e-14,-2.154445242000257998e-15,-1.701104313883143604e+01,1.011199776907402992e+01
1.384807777404785156e+01,1.571897115786839105e+00,-7.791343312841809698e-01,-1.586073653578482068e+00,6.432711080386205316e-14,2.925047357105192702e-14,-5.444516365527007906e-14,-2.151057110211240797e-15,-1.701104313883143604e+01,1.011199776907402992e+01
1.385993528366088867e+01,1.571897115786839105e+00,-7.791343312841809698e-01,-1.586073653578482068e+00,6.432571489356497807e-14,2.927215761450163711e-14,-5.448896542303849344e-14,-2.182282132778823325e-15,-1.701104313883143604e+01,1.011199776907402992e+01
1.387253975868225098e+01,1.571897115786839105e+00,-7.791343312841809698e-01,-1.586073653578482068e+00,6.432406148525193768e-14,2.929470901968933561e-14,-5.453276719080690782e-14,-2.185670264567840526e-15,-1.701104313883143604e+01,1.011199776907402992e+01
1.388527607917785645e+01,1.571897115786839105e+00,-7.791343312841809698e-01,-1.586073653578482068e+00,6.432307215076954465e-14,2.930294895620022544e-14,-5.453536927602087303e-14,-2.168323029808072455e-15,-1.701104313883143604e+01,1.011199776907403169e+01
1.389781498908996582e+01,1.571897115786839105e+00,-7.791343312841809698e-01,-1.586073653578482068e+00,6.432278754769926721e-14,2.931162257358010947e-14,-5.453753768036584404e-14,-2.123301534595611884e-15,-1.701104313883143604e+01,1.011199776907403169e+01
1.390998864173889160e+01,1.571897115786839105e+00,-7.791343312841809698e-01,-1.586073653578482068e+00,6.432293662549798396e-14,2.932029619095999351e-14,-5.453970608471081505e-14,-2.126689666384629085e-15,-1.701104313883143604e+01,1.011199776907403169e+01
1.392201495170593262e+01,1.571897115786839105e+00,-7.791343312841809698e-01,-1.586073653578482068e+00,6.432361425185578740e-14,2.930294895620022544e-14,-5.451585363691613395e-14,-2.071178515153371258e-15,-1.701104313883143959e+01,1.011199776907403169e+01
1.393241500854492188e+01,1.571897115786839105e+00,-7.791343312841809698e-01,-1.586073653578482068e+00,6.432429187821359085e-14,2.928560172144045737e-14,-5.449200118912145285e-14,-2.071178515153371258e-15,-1.701104313883143959e+01,1.011199776907403169e+01
1.394265413284301758e+01,1.571897115786839105e+00,-7.791343312841809698e-01,-1.586073653578482068e+00,6.432564713092919773e-14,2.926825448668068930e-14,-5.446814874132677176e-14,-2.039953492585788730e-15,-1.701104313883143959e+01,1.011199776907403169e+01
1.395231509208679199e+01,1.571897115786839105e+00,-7.791343312841809698e-01,-1.586073653578482068e+00,6.432700238364480461e-14,2.925090725192092123e-14,-5.444429629353209066e-14,-2.039953492585788730e-15,-1.701104313883143959e+01,1.011199776907403169e+01
1.396281790733337402e+01,1.571897115786839105e+00,-7.791343312841809698e-01,-1.586073653578482068e+00,6.432781553527416873e-14,2.923356001716115316e-14,-5.442044384573740956e-14,-2.064239621249464030e-15,-1.701104313883143959e+01,1.011199776907403169e+01
1.397709822654724121e+01,1.571897115786839105e+00,-7.791343312841809698e-01,-1.586073653578482068e+00,6.432862868690353286e-14,2.921621278240138508e-14,-5.439659139794272846e-14,-2.064239621249464030e-15,-1.701104313883143959e+01,1.011199776907403169e+01
1.398711967468261719e+01,1.571897115786839105e+00,-7.791343312841809698e-01,-1.586073653578482068e+00,6.432820855856169473e-14,2.922488639978126912e-14,-5.439875980228769947e-14,-2.130159113336582699e-15,-1.701104313883143604e+01,1.011199776907403169e+01
1.399868822097778320e+01,1.571897115786839105e+00,-7.791343312841809698e-01,-1.586073653578482068e+00,6.432673133310168323e-14,2.923356001716115316e-14,-5.440092820663267048e-14,-2.192609158471747755e-15,-1.701104313883143604e+01,1.011199776907403169e+01
1.401447701454162598e+01,1.571897115786839105e+00,-7.791343312841809698e-01,-1.586073653578482068e+00,6.432482042677267753e-14,2.924223363454103719e-14,-5.440309661097764149e-14,-2.189221026682730553e-15,-1.701104313883143604e+01,1.011199776907403169e+01
1.402723741531372070e+01,1.571897115786839105e+00,-7.791343312841809698e-01,-1.586073653578482068e+00,6.432334320131266603e-14,2.925090725192092123e-14,-5.440526501532261250e-14,-2.192609158471747755e-15,-1.701104313883143604e+01,1.011199776907403169e+01
1.404029726982116699e+01,1.571897115786839105e+00,-7.791343312841809698e-01,-1.586073653578482068e+00,6.432224544661302446e-14,2.925958086930080526e-14,-5.440743341966758351e-14,-2.154445242000257998e-15,-1.701104313883143604e+01,1.011199776907403169e+01
1.405065488815307617e+01,1.571897115786839105e+00,-7.791343312841809698e-01,-1.586073653578482068e+00,6.432158137278237708e-14,2.926825448668068930e-14,-5.440960182401255452e-14,-2.154445242000257998e-15,-1.701104313883143604e+01,1.011199776907403169e+01
1.406180000305175781e+01,1.571897115786839105e+00,-7.791343312841809698e-01,-1.586073653578482068e+00,6.432129676971209964e-14,2.928993853013039939e-14,-5.445296991091197469e-14,-2.123301534595611884e-15,-1.701104313883143604e+01,1.011199776907402992e+01
1.407383584976196289e+01,1.571897115786839105e+00,-7.791343312841809698e-01,-1.586073653578482068e+00,6.432144584751081640e-14,2.931162257358010947e-14,-5.449633799781139487e-14,-2.126689666384629085e-15,-1.701104313883143604e+01,1.011199776907402992e+01
1.408615732192993164e+01,1.571897115786839105e+00,-7.791343312841809698e-01,-1.586073653578482068e+00,6.432185242332549846e-14,2.930728576489016746e-14,-5.451151682822619193e-14,-2.081586856009232100e-15,-1.701104313883143959e+01,1.011199776907402992e+01
1.410169363021850586e+01,1.571897115786839105e+00,-7.791343312841809698e-01,-1.586073653578482068e+00,6.432347872658422672e-14,2.930294895620022544e-14,-5.452669565864098900e-14,-2.029545151729927888e-15,-1.701104313883143959e+01,1.011199776907402992e+01
1.411614298820495605e+01,1.571897115786839105e+00,-7.791343312841809698e-01,-1.586073653578482068e+00,6.432510502984295497e-14,2.929861214751028342e-14,-5.454187448905578606e-14,-2.029545151729927888e-15,-1.701104313883143959e+01,1.011199776907402992e+01
1.412611699104309082e+01,1.571897115786839105e+00,-7.791343312841809698e-01,-1.586073653578482068e+00,6.432673133310168323e-14,2.928126491275051535e-14,-5.451802204126110496e-14,-2.029545151729927888e-15,-1.701104313883143959e+01,1.011199776907403169e+01
1.413779020309448242e+01,1.571897115786839105e+00,-7.791343312841809698e-01,-1.586073653578482068e+00,6.432727343418792598e-14,2.926391767799074728e-14,-5.449416959346642386e-14,-2.078117409057278486e-15,-1.701104313883143959e+01,1.011199776907403169e+01
1.415145516395568848e+01,1.571897115786839105e+00,-7.791343312841809698e-01,-1.586073653578482068e+00,6.432781553527416873e-14,2.924657044323097921e-14,-5.447031714567174276e-14,-2.078117409057278486e-15,-1.701104313883143959e+01,1.011199776907403169e+01
1.416228508949279785e+01,1.571897115786839105e+00,-7.791343312841809698e-01,-1.586073653578482068e+00,6.432739540693233060e-14,2.925524406061086324e-14,-5.447248555001671377e-14,-2.130159113336582699e-15,-1.701104313883143604e+01,1.011199776907403169e+01
1.417241096496582031e+01,1.571897115786839105e+00,-7.791343312841809698e-01,-1.586073653578482068e+00,6.432740895945948667e-14,2.926391767799074728e-14,-5.447465395436168478e-14,-2.130159113336582699e-15,-1.701104313883143604e+01,1.011199776907403169e+01
1.418279218673706055e+01,1.571897115786839105e+00,-7.791343312841809698e-01,-1.586073653578482068e+00,6.432617567948828441e-14,2.927259129537063131e-14,-5.447682235870665579e-14,-2.157996004115148025e-15,-1.701104313883143604e+01,1.011199776907403169e+01
1.419443225860595703e+01,1.571897115786839105e+00,-7.791343312841809698e-01,-1.586073653578482068e+00,6.432537608038607635e-14,2.928126491275051535e-14,-5.447899076305162680e-14,-2.161384135904165227e-15,-1.701104313883143604e+01,1.011199776907403169e+01
1.420434761047363281e+01,1.571897115786839105e+00,-7.791343312841809698e-01,-1.586073653578482068e+00,6.432427832568643478e-14,2.928993853013039939e-14,-5.448115916739659781e-14,-2.154445242000257998e-15,-1.701104313883143604e+01,1.011199776907403169e+01
1.421416091918945312e+01,1.571897115786839105e+00,-7.791343312841809698e-01,-1.586073653578482068e+00,6.432469845402827291e-14,2.929861214751028342e-14,-5.448332757174156882e-14,-2.112811878576814628e-15,-1.701104313883143604e+01,1.011199776907403169e+01
1.422497320175170898e+01,1.571897115786839105e+00,-7.791343312841809698e-01,-1.586073653578482068e+00,6.432468490150111684e-14,2.930728576489016746e-14,-5.448549597608653983e-14,-2.109423746787797427e-15,-1.701104313883143604e+01,1.011199776907403169e+01
1.423546600341796875e+01,1.571897115786839105e+00,-7.791343312841809698e-01,-1.586073653578482068e+00,6.432563357840204166e-14,2.928993853013039939e-14,-5.446164352829185873e-14,-2.060770174297510415e-15,-1.701104313883143959e+01,1.011199776907403169e+01
1.424536871910095215e+01,1.571897115786839105e+00,-7.791343312841809698e-01,-1.586073653578482068e+00,6.432658225530296647e-14,2.927259129537063131e-14,-5.443779108049717763e-14,-2.060770174297510415e-15,-1.701104313883143959e+01,1.011199776907403169e+01
1.425731539726257324e+01,1.571897115786839105e+00,-7.791343312841809698e-01,-1.586073653578482068e+00,6.432780198274701267e-14,2.925524406061086324e-14,-5.441393863270249653e-14,-2.046892386489695959e-15,-1.701104313883143959e+01,1.011199776907403169e+01
1.427141427993774414e+01,1.571897115786839105e+00,-7.791343312841809698e-01,-1.586073653578482068e+00,6.432902171019105886e-14,2.923789682585109517e-14,-5.439008618490781544e-14,-2.046892386489695959e-15,-1.701104313883143959e+01,1.011199776907403169e+01
1.428299880027770996e+01,1.571897115786839105e+00,-7.791343312841809698e-01,-1.586073653578482068e+00,6.432929276073418023e-14,2.922054959109132710e-14,-5.436623373711313434e-14,-2.088525749913139329e-15,-1.701104313883143959e+01,1.011199776907403169e+01
1.429751873016357422e+01,1.571897115786839105e+00,-7.791343312841809698e-01,-1.586073653578482068e+00,6.432956381127730161e-14,2.920320235633155903e-14,-5.434238128931845324e-14,-2.088525749913139329e-15,-1.701104313883143959e+01,1.011199776907403169e+01
1.430768895149230957e+01,1.571897115786839105e+00,-7.791343312841809698e-01,-1.586073653578482068e+00,6.432941473347858485e-14,2.922488639978126912e-14,-5.438574937621787342e-14,-2.119750772480721857e-15,-1.701104313883143604e+01,1.011199776907402992e+01
1.431997179985046387e+01,1.571897115786839105e+00,-7.791343312841809698e-01,-1.586073653578482068e+00,6.432820855856169473e-14,2.924657044323097921e-14,-5.442911746311729360e-14,-2.178731370663933298e-15,-1.701104313883143604e+01,1.011199776907402992e+01
1.433025097846984863e+01,1.571897115786839105e+00,-7.791343312841809698e-01,-1.586073653578482068e+00,6.432700238364480461e-14,2.926825448668068930e-14,-5.447248555001671377e-14,-2.178731370663933298e-15,-1.701104313883143604e+01,1.011199776907402992e+01
1.434022831916809082e+01,1.571897115786839105e+00,-7.791343312841809698e-01,-1.586073653578482068e+00,6.432566068345635379e-14,2.928993853013039939e-14,-5.451585363691613395e-14,-2.185670264567840526e-15,-1.701104313883143604e+01,1.011199776907402992e+01
1.435114574432373047e+01,1.571897115786839105e+00,-7.791343312841809698e-01,-1.586073653578482068e+00,6.432431898326790298e-14,2.931162257358010947e-14,-5.455922172381555413e-14,-2.185670264567840526e-15,-1.701104313883143604e+01,1.011199776907402992e+01
1.436474156379699707e+01,1.571897115786839105e+00,-7.791343312841809698e-01,-1.586073653578482068e+00,6.432379043470881630e-14,2.932029619095999351e-14,-5.456139012816052514e-14,-2.150975795048304384e-15,-1.701104313883143604e+01,1.011199776907403169e+01
1.437597346305847168e+01,1.571897115786839105e+00,-7.791343312841809698e-01,-1.586073653578482068e+00,6.432326188614972962e-14,2.932896980833987755e-14,-5.456355853250549615e-14,-2.150975795048304384e-15,-1.701104313883143604e+01,1.011199776907403169e+01
1.438713622093200684e+01,1.571897115786839105e+00,-7.791343312841809698e-01,-1.586073653578482068e+00,6.432351938416569492e-14,2.933764342571976158e-14,-5.456572693685046715e-14,-2.102403537720953786e-15,-1.701104313883143604e+01,1.011199776907403169e+01
1.439556574821472168e+01,1.571897115786839105e+00,-7.791343312841809698e-01,-1.586073653578482068e+00,6.432487463688130180e-14,2.932029619095999351e-14,-5.454187448905578606e-14,-2.039953492585788730e-15,-1.701104313883143959e+01,1.011199776907403169e+01
1.440516471862792969e+01,1.571897115786839105e+00,-7.791343312841809698e-01,-1.586073653578482068e+00,6.432622988959690868e-14,2.930294895620022544e-14,-5.451802204126110496e-14,-2.039953492585788730e-15,-1.701104313883143959e+01,1.011199776907403169e+01
1.441776919364929199e+01,1.571897115786839105e+00,-7.791343312841809698e-01,-1.586073653578482068e+00,6.432799171812719763e-14,2.928560172144045737e-14,-5.449416959346642386e-14,-2.022606257826020659e-15,-1.701104313883143959e+01,1.011199776907403169e+01
1.442808651924133301e+01,1.571897115786839105e+00,-7.791343312841809698e-01,-1.586073653578482068e+00,6.432975354665748657e-14,2.926825448668068930e-14,-5.447031714567174276e-14,-2.022606257826020659e-15,-1.701104313883143959e+01,1.011199776907403169e+01
1.443758535385131836e+01,1.571897115786839105e+00,-7.791343312841809698e-01,-1.586073653578482068e+00,6.433029564774372933e-14,2.925090725192092123e-14,-5.444646469787706167e-14,-2.078117409057278486e-15,-1.701104313883143959e+01,1.011199776907403169e+01
1.444759416580200195e+01,1.571897115786839105e+00,-7.791343312841809698e-01,-1.586073653578482068e+00,6.433083774882997208e-14,2.923356001716115316e-14,-5.442261225008238057e-14,-2.078117409057278486e-15,-1.701104313883143959e+01,1.011199776907403169e+01
1.445844864845275879e+01,1.571897115786839105e+00,-7.791343312841809698e-01,-1.586073653578482068e+00,6.433028209521657326e-14,2.924223363454103719e-14,-5.442478065442735158e-14,-2.137098007240489927e-15,-1.701104313883143604e+01,1.011199776907403169e+01
1.446890592575073242e+01,1.571897115786839105e+00,-7.791343312841809698e-01,-1.586073653578482068e+00,6.432972644160317444e-14,2.925090725192092123e-14,-5.442694905877232259e-14,-2.133709875451472726e-15,-1.701104313883143604e+01,1.011199776907403169e+01
1.447869348526000977e+01,1.571897115786839105e+00,-7.791343312841809698e-01,-1.586073653578482068e+00,6.432873710712078141e-14,2.925958086930080526e-14,-5.442955114398628780e-14,-2.164934898019055254e-15,-1.701104313883143604e+01,1.011199776907403169e+01
1.448951292037963867e+01,1.571897115786839105e+00,-7.791343312841809698e-01,-1.586073653578482068e+00,6.432749027462242308e-14,2.926912184841867770e-14,-5.443215322920025301e-14,-2.168323029808072455e-15,-1.701104313883143604e+01,1.011199776907403169e+01
1.449815130233764648e+01,1.571897115786839105e+00,-7.791343312841809698e-01,-1.586073653578482068e+00,6.432679909573746357e-14,2.927779546579856174e-14,-5.443432163354522402e-14,-2.144036901144397156e-15,-1.701104313883143604e+01,1.011199776907403169e+01
1.450838017463684082e+01,1.571897115786839105e+00,-7.791343312841809698e-01,-1.586073653578482068e+00,6.432648738761287399e-14,2.928646908317844577e-14,-5.443692371875918923e-14,-2.144036901144397156e-15,-1.701104313883143604e+01,1.011199776907403169e+01
1.452098679542541504e+01,1.571897115786839105e+00,-7.791343312841809698e-01,-1.586073653578482068e+00,6.432675843815599537e-14,2.928213227448850375e-14,-5.445210254917398629e-14,-2.088525749913139329e-15,-1.701104313883143959e+01,1.011199776907402992e+01
1.453118443489074707e+01,1.571897115786839105e+00,-7.791343312841809698e-01,-1.586073653578482068e+00,6.432702948869911674e-14,2.927779546579856174e-14,-5.446728137958878335e-14,-2.088525749913139329e-15,-1.701104313883143959e+01,1.011199776907402992e+01
1.454369997978210449e+01,1.571897115786839105e+00,-7.791343312841809698e-01,-1.586073653578482068e+00,6.432797816560004156e-14,2.927345865710861972e-14,-5.448246021000358041e-14,-2.060770174297510415e-15,-1.701104313883143959e+01,1.011199776907402992e+01
1.455661153793334961e+01,1.571897115786839105e+00,-7.791343312841809698e-01,-1.586073653578482068e+00,6.432892684250096638e-14,2.926912184841867770e-14,-5.449763904041837748e-14,-2.060770174297510415e-15,-1.701104313883143959e+01,1.011199776907402992e+01
1.456857228279113770e+01,1.571897115786839105e+00,-7.791343312841809698e-01,-1.586073653578482068e+00,6.432933341831564844e-14,2.925177461365890963e-14,-5.447378659262369638e-14,-2.081586856009232100e-15,-1.701104313883143959e+01,1.011199776907403169e+01
1.457844638824462891e+01,1.571897115786839105e+00,-7.791343312841809698e-01,-1.586073653578482068e+00,6.432891328997381031e-14,2.926044823103879366e-14,-5.447595499696866739e-14,-2.126770981547565498e-15,-1.701104313883143604e+01,1.011199776907403169e+01
1.458822822570800781e+01,1.571897115786839105e+00,-7.791343312841809698e-01,-1.586073653578482068e+00,6.432892684250096638e-14,2.926912184841867770e-14,-5.447812340131363840e-14,-2.130159113336582699e-15,-1.701104313883143604e+01,1.011199776907403169e+01
1.459977340698242188e+01,1.571897115786839105e+00,-7.791343312841809698e-01,-1.586073653578482068e+00,6.432769356252976412e-14,2.927779546579856174e-14,-5.448029180565860941e-14,-2.157996004115148025e-15,-1.701104313883143604e+01,1.011199776907403169e+01
1.460897707939147949e+01,1.571897115786839105e+00,-7.791343312841809698e-01,-1.586073653578482068e+00,6.432689396342755606e-14,2.928646908317844577e-14,-5.448246021000358041e-14,-2.161384135904165227e-15,-1.701104313883143604e+01,1.011199776907403169e+01
1.462412357330322266e+01,1.571897115786839105e+00,-7.791343312841809698e-01,-1.586073653578482068e+00,6.432593173399947517e-14,2.929514270055832981e-14,-5.448462861434855142e-14,-2.147587663259287183e-15,-1.701104313883143604e+01,1.011199776907403169e+01
1.463618898391723633e+01,1.571897115786839105e+00,-7.791343312841809698e-01,-1.586073653578482068e+00,6.432648738761287399e-14,2.930381631793821384e-14,-5.448679701869352243e-14,-2.105872984672907400e-15,-1.701104313883143604e+01,1.011199776907403169e+01
1.465219068527221680e+01,1.571897115786839105e+00,-7.791343312841809698e-01,-1.586073653578482068e+00,6.432660936035727861e-14,2.931248993531809788e-14,-5.448896542303849344e-14,-2.102484852883890198e-15,-1.701104313883143604e+01,1.011199776907403169e+01
1.466031169891357422e+01,1.571897115786839105e+00,-7.791343312841809698e-01,-1.586073653578482068e+00,6.432769356252976412e-14,2.929514270055832981e-14,-5.446511297524381234e-14,-2.053831280393603187e-15,-1.701104313883143959e+01,1.011199776907403169e+01
1.467444825172424316e+01,1.571897115786839105e+00,-7.791343312841809698e-01,-1.586073653578482068e+00,6.432877776470224962e-14,2.927779546579856174e-14,-5.444126052744913125e-14,-2.053831280393603187e-15,-1.701104313883143959e+01,1.011199776907403169e+01
1.468431091308593750e+01,1.571897115786839105e+00,-7.791343312841809698e-01,-1.586073653578482068e+00,6.433040406796097788e-14,2.926044823103879366e-14,-5.441740807965445015e-14,-2.029545151729927888e-15,-1.701104313883143959e+01,1.011199776907403169e+01
1.469614362716674805e+01,1.571897115786839105e+00,-7.791343312841809698e-01,-1.586073653578482068e+00,6.433135274486190269e-14,2.924310099627902559e-14,-5.439355563185976905e-14,-2.060770174297510415e-15,-1.701104313883143959e+01,1.011199776907403169e+01
1.470615363121032715e+01,1.571897115786839105e+00,-7.791343312841809698e-01,-1.586073653578482068e+00,6.433230142176282751e-14,2.922575376151925752e-14,-5.436970318406508795e-14,-2.060770174297510415e-15,-1.701104313883143959e+01,1.011199776907403169e+01
1.471633386611938477e+01,1.571897115786839105e+00,-7.791343312841809698e-01,-1.586073653578482068e+00,6.433215234396411075e-14,2.924743780496896761e-14,-5.441307127096450813e-14,-2.119750772480721857e-15,-1.701104313883143604e+01,1.011199776907402992e+01
1.473097324371337891e+01,1.571897115786839105e+00,-7.791343312841809698e-01,-1.586073653578482068e+00,6.433200326616539400e-14,2.926912184841867770e-14,-5.445643935786392831e-14,-2.116362640691704655e-15,-1.701104313883143604e+01,1.011199776907402992e+01
1.474189877510070801e+01,1.571897115786839105e+00,-7.791343312841809698e-01,-1.586073653578482068e+00,6.433142050749768304e-14,2.929080589186838779e-14,-5.450024112563234269e-14,-2.150975795048304384e-15,-1.701104313883143604e+01,1.011199776907402992e+01
1.475375127792358398e+01,1.571897115786839105e+00,-7.791343312841809698e-01,-1.586073653578482068e+00,6.433058025081400677e-14,2.931335729705608628e-14,-5.454404289340075707e-14,-2.150975795048304384e-15,-1.701104313883143604e+01,1.011199776907402992e+01
1.476238274574279785e+01,1.571897115786839105e+00,-7.791343312841809698e-01,-1.586073653578482068e+00,6.433040406796097788e-14,2.932159723356697612e-14,-5.454664497861472228e-14,-2.137098007240489927e-15,-1.701104313883143604e+01,1.011199776907403169e+01
1.477323317527770996e+01,1.571897115786839105e+00,-7.791343312841809698e-01,-1.586073653578482068e+00,6.432984841434757906e-14,2.933027085094686015e-14,-5.454881338295969329e-14,-2.133709875451472726e-15,-1.701104313883143604e+01,1.011199776907403169e+01
1.478183889389038086e+01,1.571897115786839105e+00,-7.791343312841809698e-01,-1.586073653578482068e+00,6.432984841434757906e-14,2.931292361618709208e-14,-5.452496093516501219e-14,-2.102403537720953786e-15,-1.701104313883143959e+01,1.011199776907403169e+01
1.479159259796142578e+01,1.571897115786839105e+00,-7.791343312841809698e-01,-1.586073653578482068e+00,6.432984841434757906e-14,2.929557638142732401e-14,-5.450110848737033109e-14,-2.102403537720953786e-15,-1.701104313883143959e+01,1.011199776907403169e+01
1.480193758010864258e+01,1.571897115786839105e+00,-7.791343312841809698e-01,-1.586073653578482068e+00,6.433093261652006456e-14,2.927822914666755594e-14,-5.447725603957564999e-14,-2.053831280393603187e-15,-1.701104313883143959e+01,1.011199776907403169e+01
1.481309103965759277e+01,1.571897115786839105e+00,-7.791343312841809698e-01,-1.586073653578482068e+00,6.433201681869255006e-14,2.926088191190778787e-14,-5.445340359178096890e-14,-2.053831280393603187e-15,-1.701104313883143959e+01,1.011199776907403169e+01
1.482203912734985352e+01,1.571897115786839105e+00,-7.791343312841809698e-01,-1.586073653578482068e+00,6.433282997032191419e-14,2.924353467714801980e-14,-5.442955114398628780e-14,-2.064239621249464030e-15,-1.701104313883143959e+01,1.011199776907403169e+01
1.483281970024108887e+01,1.571897115786839105e+00,-7.791343312841809698e-01,-1.586073653578482068e+00,6.433364312195127832e-14,2.922618744238825172e-14,-5.440569869619160670e-14,-2.064239621249464030e-15,-1.701104313883143959e+01,1.011199776907403169e+01
1.484324955940246582e+01,1.571897115786839105e+00,-7.791343312841809698e-01,-1.586073653578482068e+00,6.433349404415256156e-14,2.923486105976813576e-14,-5.440786710053657771e-14,-2.119750772480721857e-15,-1.701104313883143604e+01,1.011199776907403169e+01
1.485318827629089355e+01,1.571897115786839105e+00,-7.791343312841809698e-01,-1.586073653578482068e+00,6.433334496635384481e-14,2.924353467714801980e-14,-5.441003550488154872e-14,-2.119750772480721857e-15,-1.701104313883143604e+01,1.011199776907403169e+01
1.486225676536560059e+01,1.571897115786839105e+00,-7.791343312841809698e-01,-1.586073653578482068e+00,6.433186774089383331e-14,2.925220829452790383e-14,-5.441220390922651973e-14,-2.192609158471747755e-15,-1.701104313883143604e+01,1.011199776907403169e+01
1.487555074691772461e+01,1.571897115786839105e+00,-7.791343312841809698e-01,-1.586073653578482068e+00,6.432995683456482761e-14,2.926088191190778787e-14,-5.441437231357149074e-14,-2.192609158471747755e-15,-1.701104313883143604e+01,1.011199776907403169e+01
1.488518190383911133e+01,1.571897115786839105e+00,-7.791343312841809698e-01,-1.586073653578482068e+00,6.432861513437637679e-14,2.926955552928767190e-14,-5.441654071791646174e-14,-2.185670264567840526e-15,-1.701104313883143604e+01,1.011199776907403169e+01
1.489716529846191406e+01,1.571897115786839105e+00,-7.791343312841809698e-01,-1.586073653578482068e+00,6.432805948076297797e-14,2.929123957273738199e-14,-5.445990880481588192e-14,-2.133709875451472726e-15,-1.701104313883143604e+01,1.011199776907402992e+01
1.490920805931091309e+01,1.571897115786839105e+00,-7.791343312841809698e-01,-1.586073653578482068e+00,6.432793750801857335e-14,2.931292361618709208e-14,-5.450327689171530210e-14,-2.137098007240489927e-15,-1.701104313883143604e+01,1.011199776907402992e+01
1.492661690711975098e+01,1.571897115786839105e+00,-7.791343312841809698e-01,-1.586073653578482068e+00,6.432834408383325542e-14,2.930858680749715006e-14,-5.451845572213009916e-14,-2.081586856009232100e-15,-1.701104313883143959e+01,1.011199776907402992e+01
1.493630242347717285e+01,1.571897115786839105e+00,-7.791343312841809698e-01,-1.586073653578482068e+00,6.432942828600574092e-14,2.929123957273738199e-14,-5.449460327433541806e-14,-2.053831280393603187e-15,-1.701104313883143959e+01,1.011199776907403169e+01
1.495030379295349121e+01,1.571897115786839105e+00,-7.791343312841809698e-01,-1.586073653578482068e+00,6.433051248817822643e-14,2.927389233797761392e-14,-5.447075082654073697e-14,-2.053831280393603187e-15,-1.701104313883143959e+01,1.011199776907403169e+01
1.496032094955444336e+01,1.571897115786839105e+00,-7.791343312841809698e-01,-1.586073653578482068e+00,6.433105458926446918e-14,2.925654510321784585e-14,-5.444689837874605587e-14,-2.078117409057278486e-15,-1.701104313883143959e+01,1.011199776907403169e+01
1.497027587890625000e+01,1.571897115786839105e+00,-7.791343312841809698e-01,-1.586073653578482068e+00,6.433159669035071193e-14,2.923919786845807778e-14,-5.442304593095137477e-14,-2.078117409057278486e-15,-1.701104313883143959e+01,1.011199776907403169e+01
1.498154473304748535e+01,1.571897115786839105e+00,-7.791343312841809698e-01,-1.586073653578482068e+00,6.433159669035071193e-14,2.922185063369830971e-14,-5.439919348315669367e-14,-2.102403537720953786e-15,-1.701104313883143959e+01,1.011199776907403169e+01
1.499294924736022949e+01,1.571897115786839105e+00,-7.791343312841809698e-01,-1.586073653578482068e+00,6.433159669035071193e-14,2.920450339893854164e-14,-5.437534103536201258e-14,-2.102403537720953786e-15,-1.701104313883143959e+01,1.011199776907403169e+01
1.500356531143188477e+01,1.571897115786839105e+00,-7.791343312841809698e-01,-1.586073653578482068e+00,6.433036341037950967e-14,2.921317701631842567e-14,-5.437750943970698358e-14,-2.157996004115148025e-15,-1.701104313883143604e+01,1.011199776907403169e+01
1.501342892646789551e+01,1.571897115786839105e+00,-7.791343312841809698e-01,-1.586073653578482068e+00,6.432956381127730161e-14,2.922185063369830971e-14,-5.437967784405195459e-14,-2.161384135904165227e-15,-1.701104313883143604e+01,1.011199776907403169e+01
1.502558898925781250e+01,1.571897115786839105e+00,-7.791343312841809698e-01,-1.586073653578482068e+00,6.432697527859049247e-14,2.923052425107819374e-14,-5.438184624839692560e-14,-2.216976602298359467e-15,-1.701104313883143604e+01,1.011199776907403169e+01
1.503643941879272461e+01,1.571897115786839105e+00,-7.791343312841809698e-01,-1.586073653578482068e+00,6.432536252785892028e-14,2.923919786845807778e-14,-5.438401465274189661e-14,-2.196078605423701369e-15,-1.701104313883143604e+01,1.011199776907403169e+01
1.504709625244140625e+01,1.571897115786839105e+00,-7.791343312841809698e-01,-1.586073653578482068e+00,6.432331609625835389e-14,2.924787148583796181e-14,-5.438618305708686762e-14,-2.192690473634684167e-15,-1.701104313883143604e+01,1.011199776907403169e+01
1.505731892585754395e+01,1.571897115786839105e+00,-7.791343312841809698e-01,-1.586073653578482068e+00,6.432265202242770652e-14,2.926955552928767190e-14,-5.442955114398628780e-14,-2.154445242000257998e-15,-1.701104313883143604e+01,1.011199776907402992e+01
1.506798768043518066e+01,1.571897115786839105e+00,-7.791343312841809698e-01,-1.586073653578482068e+00,6.432155426772806495e-14,2.929123957273738199e-14,-5.447291923088570798e-14,-2.151057110211240797e-15,-1.701104313883143604e+01,1.011199776907402992e+01
1.508273220062255859e+01,1.571897115786839105e+00,-7.791343312841809698e-01,-1.586073653578482068e+00,6.432224544661302446e-14,2.931292361618709208e-14,-5.451628731778512815e-14,-2.102403537720953786e-15,-1.701104313883143604e+01,1.011199776907402992e+01
1.509366917610168457e+01,1.571897115786839105e+00,-7.791343312841809698e-01,-1.586073653578482068e+00,6.432250294462898976e-14,2.933460765963680217e-14,-5.455965540468454833e-14,-2.099015405931936584e-15,-1.701104313883143604e+01,1.011199776907402992e+01
1.510354542732238770e+01,1.571897115786839105e+00,-7.791343312841809698e-01,-1.586073653578482068e+00,6.432331609625835389e-14,2.933027085094686015e-14,-5.457483423509934539e-14,-2.064239621249464030e-15,-1.701104313883143959e+01,1.011199776907402992e+01
1.511491990089416504e+01,1.571897115786839105e+00,-7.791343312841809698e-01,-1.586073653578482068e+00,6.432412924788771802e-14,2.932593404225691813e-14,-5.459001306551414245e-14,-2.064239621249464030e-15,-1.701104313883143959e+01,1.011199776907402992e+01
1.512982368469238281e+01,1.571897115786839105e+00,-7.791343312841809698e-01,-1.586073653578482068e+00,6.432589107641800696e-14,2.930858680749715006e-14,-5.456616061771946136e-14,-2.022606257826020659e-15,-1.701104313883143959e+01,1.011199776907403169e+01
1.515268611907958984e+01,1.571897115786839105e+00,-7.791343312841809698e-01,-1.586073653578482068e+00,6.432738185440517453e-14,2.929123957273738199e-14,-5.454230816992478026e-14,-2.036484045633835116e-15,-1.701104313883143959e+01,1.011199776907403169e+01
1.517249178886413574e+01,1.571897115786839105e+00,-7.791343312841809698e-01,-1.586073653578482068e+00,6.432833053130609935e-14,2.927389233797761392e-14,-5.451845572213009916e-14,-2.060770174297510415e-15,-1.701104313883143959e+01,1.011199776907403169e+01
1.518724346160888672e+01,1.571897115786839105e+00,-7.791343312841809698e-01,-1.586073653578482068e+00,6.432872355459362534e-14,2.928256595535749796e-14,-5.452062412647507017e-14,-2.095464643817046557e-15,-1.701104313883143604e+01,1.011199776907403169e+01
1.519732475280761719e+01,1.571897115786839105e+00,-7.791343312841809698e-01,-1.586073653578482068e+00,6.432843895152334790e-14,2.929123957273738199e-14,-5.452279253082004118e-14,-2.126689666384629085e-15,-1.701104313883143604e+01,1.011199776907403169e+01
1.520660972595214844e+01,1.571897115786839105e+00,-7.791343312841809698e-01,-1.586073653578482068e+00,6.432858802932206466e-14,2.929991319011726603e-14,-5.452496093516501219e-14,-2.126689666384629085e-15,-1.701104313883143604e+01,1.011199776907403169e+01
1.521728658676147461e+01,1.571897115786839105e+00,-7.791343312841809698e-01,-1.586073653578482068e+00,6.432843895152334790e-14,2.930858680749715006e-14,-5.452712933950998320e-14,-2.116362640691704655e-15,-1.701104313883143604e+01,1.011199776907403169e+01
1.522829747200012207e+01,1.571897115786839105e+00,-7.791343312841809698e-01,-1.586073653578482068e+00,6.432872355459362534e-14,2.931726042487703410e-14,-5.452929774385495421e-14,-2.119750772480721857e-15,-1.701104313883143604e+01,1.011199776907403169e+01
1.523759937286376953e+01,1.571897115786839105e+00,-7.791343312841809698e-01,-1.586073653578482068e+00,6.432913013040830741e-14,2.929991319011726603e-14,-5.450544529606027311e-14,-2.081586856009232100e-15,-1.701104313883143959e+01,1.011199776907403169e+01
1.524670386314392090e+01,1.571897115786839105e+00,-7.791343312841809698e-01,-1.586073653578482068e+00,6.432953670622298947e-14,2.928256595535749796e-14,-5.448159284826559201e-14,-2.081586856009232100e-15,-1.701104313883143959e+01,1.011199776907403169e+01
1.525703120231628418e+01,1.571897115786839105e+00,-7.791343312841809698e-01,-1.586073653578482068e+00,6.433034985785235360e-14,2.926521872059772988e-14,-5.445774040047091091e-14,-2.064239621249464030e-15,-1.701104313883143959e+01,1.011199776907403169e+01
1.526731276512145996e+01,1.571897115786839105e+00,-7.791343312841809698e-01,-1.586073653578482068e+00,6.433116300948171773e-14,2.924787148583796181e-14,-5.443388795267622982e-14,-2.064239621249464030e-15,-1.701104313883143959e+01,1.011199776907403169e+01
1.527998065948486328e+01,1.571897115786839105e+00,-7.791343312841809698e-01,-1.586073653578482068e+00,6.433128498222612235e-14,2.925654510321784585e-14,-5.443605635702120082e-14,-2.102484852883890198e-15,-1.701104313883143604e+01,1.011199776907403169e+01
1.529493951797485352e+01,1.571897115786839105e+00,-7.791343312841809698e-01,-1.586073653578482068e+00,6.433184063583952117e-14,2.926521872059772988e-14,-5.443822476136617183e-14,-2.105872984672907400e-15,-1.701104313883143604e+01,1.011199776907403169e+01
1.530688738822937012e+01,1.571897115786839105e+00,-7.791343312841809698e-01,-1.586073653578482068e+00,6.433114945695456166e-14,2.927389233797761392e-14,-5.444039316571114284e-14,-2.140648769355379955e-15,-1.701104313883143604e+01,1.011199776907403169e+01
1.531741571426391602e+01,1.571897115786839105e+00,-7.791343312841809698e-01,-1.586073653578482068e+00,6.433116300948171773e-14,2.928256595535749796e-14,-5.444256157005611385e-14,-2.130159113336582699e-15,-1.701104313883143604e+01,1.011199776907403169e+01
1.532780671119689941e+01,1.571897115786839105e+00,-7.791343312841809698e-01,-1.586073653578482068e+00,6.433074288113987960e-14,2.929123957273738199e-14,-5.444472997440108486e-14,-2.126770981547565498e-15,-1.701104313883143604e+01,1.011199776907403169e+01
1.534087705612182617e+01,1.571897115786839105e+00,-7.791343312841809698e-01,-1.586073653578482068e+00,6.433074288113987960e-14,2.927389233797761392e-14,-5.442087752660640376e-14,-2.102403537720953786e-15,-1.701104313883143959e+01,1.011199776907403169e+01
1.535607790946960449e+01,1.571897115786839105e+00,-7.791343312841809698e-01,-1.586073653578482068e+00,6.433074288113987960e-14,2.925654510321784585e-14,-5.439702507881172266e-14,-2.102403537720953786e-15,-1.701104313883143959e+01,1.011199776907403169e+01
1.536462163925170898e+01,1.571897115786839105e+00,-7.791343312841809698e-01,-1.586073653578482068e+00,6.433142050749768304e-14,2.925220829452790383e-14,-5.441220390922651973e-14,-2.071178515153371258e-15,-1.701104313883143959e+01,1.011199776907402992e+01
1.537604570388793945e+01,1.571897115786839105e+00,-7.791343312841809698e-01,-1.586073653578482068e+00,6.433155603276924372e-14,2.924787148583796181e-14,-5.442738273964131679e-14,-2.095464643817046557e-15,-1.701104313883143959e+01,1.011199776907402992e+01
1.538523435592651367e+01,1.571897115786839105e+00,-7.791343312841809698e-01,-1.586073653578482068e+00,6.433169155804080441e-14,2.924353467714801980e-14,-5.444256157005611385e-14,-2.095464643817046557e-15,-1.701104313883143959e+01,1.011199776907402992e+01
1.539623522758483887e+01,1.571897115786839105e+00,-7.791343312841809698e-01,-1.586073653578482068e+00,6.433100037915584490e-14,2.926521872059772988e-14,-5.448592965695553403e-14,-2.144036901144397156e-15,-1.701104313883143604e+01,1.011199776907402992e+01
1.540570902824401855e+01,1.571897115786839105e+00,-7.791343312841809698e-01,-1.586073653578482068e+00,6.433030920027088539e-14,2.928690276404743997e-14,-5.452929774385495421e-14,-2.144036901144397156e-15,-1.701104313883143604e+01,1.011199776907402992e+01
1.541762733459472656e+01,1.571897115786839105e+00,-7.791343312841809698e-01,-1.586073653578482068e+00,6.432923855062555596e-14,2.929557638142732401e-14,-5.453146614819992521e-14,-2.175261923711979684e-15,-1.701104313883143604e+01,1.011199776907403169e+01
1.542695808410644531e+01,1.571897115786839105e+00,-7.791343312841809698e-01,-1.586073653578482068e+00,6.432773422011123232e-14,2.930424999880720804e-14,-5.453363455254489622e-14,-2.175261923711979684e-15,-1.701104313883143604e+01,1.011199776907403169e+01
1.543721604347229004e+01,1.571897115786839105e+00,-7.791343312841809698e-01,-1.586073653578482068e+00,6.432788329790994908e-14,2.931292361618709208e-14,-5.453580295688986723e-14,-2.126689666384629085e-15,-1.701104313883143604e+01,1.011199776907403169e+01
1.544771003723144531e+01,1.571897115786839105e+00,-7.791343312841809698e-01,-1.586073653578482068e+00,6.432759869483967163e-14,2.932159723356697612e-14,-5.453797136123483824e-14,-2.123301534595611884e-15,-1.701104313883143604e+01,1.011199776907403169e+01
1.545654416084289551e+01,1.571897115786839105e+00,-7.791343312841809698e-01,-1.586073653578482068e+00,6.432800527065435370e-14,2.930424999880720804e-14,-5.451411891344015714e-14,-2.081586856009232100e-15,-1.701104313883143959e+01,1.011199776907403169e+01
1.546893692016601562e+01,1.571897115786839105e+00,-7.791343312841809698e-01,-1.586073653578482068e+00,6.432841184646903576e-14,2.928690276404743997e-14,-5.449026646564547605e-14,-2.081586856009232100e-15,-1.701104313883143959e+01,1.011199776907403169e+01
1.548942613601684570e+01,1.571897115786839105e+00,-7.791343312841809698e-01,-1.586073653578482068e+00,6.432936052336996058e-14,2.926955552928767190e-14,-5.446641401785079495e-14,-2.060770174297510415e-15,-1.701104313883143959e+01,1.011199776907403169e+01
1.549825286865234375e+01,1.571897115786839105e+00,-7.791343312841809698e-01,-1.586073653578482068e+00,6.432990262445620333e-14,2.925220829452790383e-14,-5.444256157005611385e-14,-2.078117409057278486e-15,-1.701104313883143959e+01,1.011199776907403169e+01
1.550970125198364258e+01,1.571897115786839105e+00,-7.791343312841809698e-01,-1.586073653578482068e+00,6.433044472554244608e-14,2.923486105976813576e-14,-5.441870912226143275e-14,-2.078117409057278486e-15,-1.701104313883143959e+01,1.011199776907403169e+01
1.552018284797668457e+01,1.571897115786839105e+00,-7.791343312841809698e-01,-1.586073653578482068e+00,6.433002459720060795e-14,2.924353467714801980e-14,-5.442087752660640376e-14,-2.130159113336582699e-15,-1.701104313883143604e+01,1.011199776907403169e+01
1.552887773513793945e+01,1.571897115786839105e+00,-7.791343312841809698e-01,-1.586073653578482068e+00,6.433003814972776402e-14,2.925220829452790383e-14,-5.442304593095137477e-14,-2.130159113336582699e-15,-1.701104313883143604e+01,1.011199776907403169e+01
1.554198241233825684e+01,1.571897115786839105e+00,-7.791343312841809698e-01,-1.586073653578482068e+00,6.432923855062555596e-14,2.926088191190778787e-14,-5.442521433529634578e-14,-2.161384135904165227e-15,-1.701104313883143604e+01,1.011199776907403169e+01
1.555474686622619629e+01,1.571897115786839105e+00,-7.791343312841809698e-01,-1.586073653578482068e+00,6.432800527065435370e-14,2.926955552928767190e-14,-5.442738273964131679e-14,-2.161384135904165227e-15,-1.701104313883143604e+01,1.011199776907403169e+01
1.556489324569702148e+01,1.571897115786839105e+00,-7.791343312841809698e-01,-1.586073653578482068e+00,6.432734119682370633e-14,2.927822914666755594e-14,-5.442955114398628780e-14,-2.154445242000257998e-15,-1.701104313883143604e+01,1.011199776907403169e+01
1.560441684722900391e+01,1.571897115786839105e+00,-7.791343312841809698e-01,-1.586073653578482068e+00,6.432746316956811095e-14,2.929991319011726603e-14,-5.447291923088570798e-14,-2.102484852883890198e-15,-1.701104313883143604e+01,1.011199776907402992e+01
1.562358546257019043e+01,1.571897115786839105e+00,-7.791343312841809698e-01,-1.586073653578482068e+00,6.432773422011123232e-14,2.929557638142732401e-14,-5.448809806130050504e-14,-2.088525749913139329e-15,-1.701104313883143959e+01,1.011199776907402992e+01
1.563382697105407715e+01,1.571897115786839105e+00,-7.791343312841809698e-01,-1.586073653578482068e+00,6.432800527065435370e-14,2.929123957273738199e-14,-5.450327689171530210e-14,-2.088525749913139329e-15,-1.701104313883143959e+01,1.011199776907402992e+01
1.564558625221252441e+01,1.571897115786839105e+00,-7.791343312841809698e-01,-1.586073653578482068e+00,6.432881842228371783e-14,2.928690276404743997e-14,-5.451845572213009916e-14,-2.064239621249464030e-15,-1.701104313883143959e+01,1.011199776907402992e+01
1.565471124649047852e+01,1.571897115786839105e+00,-7.791343312841809698e-01,-1.586073653578482068e+00,6.432936052336996058e-14,2.926955552928767190e-14,-5.449460327433541806e-14,-2.078117409057278486e-15,-1.701104313883143959e+01,1.011199776907403169e+01
1.566548252105712891e+01,1.571897115786839105e+00,-7.791343312841809698e-01,-1.586073653578482068e+00,6.432990262445620333e-14,2.925220829452790383e-14,-5.447075082654073697e-14,-2.078117409057278486e-15,-1.701104313883143959e+01,1.011199776907403169e+01
1.567650437355041504e+01,1.571897115786839105e+00,-7.791343312841809698e-01,-1.586073653578482068e+00,6.432961802138592589e-14,2.926088191190778787e-14,-5.447291923088570798e-14,-2.126689666384629085e-15,-1.701104313883143604e+01,1.011199776907403169e+01
1.568463277816772461e+01,1.571897115786839105e+00,-7.791343312841809698e-01,-1.586073653578482068e+00,6.432933341831564844e-14,2.926955552928767190e-14,-5.447508763523067898e-14,-2.126689666384629085e-15,-1.701104313883143604e+01,1.011199776907403169e+01
1.569483661651611328e+01,1.571897115786839105e+00,-7.791343312841809698e-01,-1.586073653578482068e+00,6.432948249611436520e-14,2.927822914666755594e-14,-5.447725603957564999e-14,-2.126689666384629085e-15,-1.701104313883143604e+01,1.011199776907403169e+01
1.570450210571289062e+01,1.571897115786839105e+00,-7.791343312841809698e-01,-1.586073653578482068e+00,6.432838474141472362e-14,2.928690276404743997e-14,-5.447942444392062100e-14,-2.154445242000257998e-15,-1.701104313883143604e+01,1.011199776907403169e+01
1.571679878234863281e+01,1.571897115786839105e+00,-7.791343312841809698e-01,-1.586073653578482068e+00,6.432839829394187969e-14,2.929557638142732401e-14,-5.448159284826559201e-14,-2.130159113336582699e-15,-1.701104313883143604e+01,1.011199776907403169e+01
1.572632145881652832e+01,1.571897115786839105e+00,-7.791343312841809698e-01,-1.586073653578482068e+00,6.432797816560004156e-14,2.930424999880720804e-14,-5.448376125261056302e-14,-2.126770981547565498e-15,-1.701104313883143604e+01,1.011199776907403169e+01
1.573900866508483887e+01,1.571897115786839105e+00,-7.791343312841809698e-01,-1.586073653578482068e+00,6.432824921614316294e-14,2.928690276404743997e-14,-5.445990880481588192e-14,-2.088525749913139329e-15,-1.701104313883143959e+01,1.011199776907403169e+01
1.575074434280395508e+01,1.571897115786839105e+00,-7.791343312841809698e-01,-1.586073653578482068e+00,6.432852026668628431e-14,2.926955552928767190e-14,-5.443605635702120082e-14,-2.088525749913139329e-15,-1.701104313883143959e+01,1.011199776907403169e+01
1.576036190986633301e+01,1.571897115786839105e+00,-7.791343312841809698e-01,-1.586073653578482068e+00,6.432946894358720913e-14,2.925220829452790383e-14,-5.441220390922651973e-14,-2.060770174297510415e-15,-1.701104313883143959e+01,1.011199776907403169e+01
1.577136969566345215e+01,1.571897115786839105e+00,-7.791343312841809698e-01,-1.586073653578482068e+00,6.433041762048813395e-14,2.923486105976813576e-14,-5.438835146143183863e-14,-2.060770174297510415e-15,-1.701104313883143959e+01,1.011199776907403169e+01
1.578130722045898438e+01,1.571897115786839105e+00,-7.791343312841809698e-01,-1.586073653578482068e+00,6.433082419630281601e-14,2.921751382500836769e-14,-5.436449901363715753e-14,-2.081586856009232100e-15,-1.701104313883143959e+01,1.011199776907403169e+01
1.579204702377319336e+01,1.571897115786839105e+00,-7.791343312841809698e-01,-1.586073653578482068e+00,6.433123077211749807e-14,2.920016659024859962e-14,-5.434064656584247643e-14,-2.081586856009232100e-15,-1.701104313883143959e+01,1.011199776907403169e+01
1.580229878425598145e+01,1.571897115786839105e+00,-7.791343312841809698e-01,-1.586073653578482068e+00,6.433081064377565994e-14,2.922185063369830971e-14,-5.438401465274189661e-14,-2.130159113336582699e-15,-1.701104313883143604e+01,1.011199776907402992e+01
1.581752753257751465e+01,1.571897115786839105e+00,-7.791343312841809698e-01,-1.586073653578482068e+00,6.433082419630281601e-14,2.924353467714801980e-14,-5.442738273964131679e-14,-2.130159113336582699e-15,-1.701104313883143604e+01,1.011199776907402992e+01
1.582705640792846680e+01,1.571897115786839105e+00,-7.791343312841809698e-01,-1.586073653578482068e+00,6.432921144557124382e-14,2.926521872059772988e-14,-5.447075082654073697e-14,-2.196078605423701369e-15,-1.701104313883143604e+01,1.011199776907402992e+01
1.583631682395935059e+01,1.571897115786839105e+00,-7.791343312841809698e-01,-1.586073653578482068e+00,6.432786974538279301e-14,2.927389233797761392e-14,-5.447291923088570798e-14,-2.185670264567840526e-15,-1.701104313883143604e+01,1.011199776907403169e+01
1.584731841087341309e+01,1.571897115786839105e+00,-7.791343312841809698e-01,-1.586073653578482068e+00,6.432652804519434220e-14,2.928256595535749796e-14,-5.447508763523067898e-14,-2.185670264567840526e-15,-1.701104313883143604e+01,1.011199776907403169e+01
1.585708832740783691e+01,1.571897115786839105e+00,-7.791343312841809698e-01,-1.586073653578482068e+00,6.432597239158094338e-14,2.929123957273738199e-14,-5.447725603957564999e-14,-2.137098007240489927e-15,-1.701104313883143604e+01,1.011199776907403169e+01
1.586650514602661133e+01,1.571897115786839105e+00,-7.791343312841809698e-01,-1.586073653578482068e+00,6.432585041883653876e-14,2.929991319011726603e-14,-5.447942444392062100e-14,-2.137098007240489927e-15,-1.701104313883143604e+01,1.011199776907403169e+01
1.587771868705749512e+01,1.571897115786839105e+00,-7.791343312841809698e-01,-1.586073653578482068e+00,6.432625699465122082e-14,2.928256595535749796e-14,-5.445557199612593990e-14,-2.081586856009232100e-15,-1.701104313883143959e+01,1.011199776907403169e+01
1.588687801361083984e+01,1.571897115786839105e+00,-7.791343312841809698e-01,-1.586073653578482068e+00,6.432666357046590289e-14,2.926521872059772988e-14,-5.443171954833125881e-14,-2.081586856009232100e-15,-1.701104313883143959e+01,1.011199776907403169e+01
1.589704060554504395e+01,1.571897115786839105e+00,-7.791343312841809698e-01,-1.586073653578482068e+00,6.432747672209526701e-14,2.924787148583796181e-14,-5.440786710053657771e-14,-2.064239621249464030e-15,-1.701104313883143959e+01,1.011199776907403169e+01
1.590678858757019043e+01,1.571897115786839105e+00,-7.791343312841809698e-01,-1.586073653578482068e+00,6.432828987372463114e-14,2.923052425107819374e-14,-5.438401465274189661e-14,-2.064239621249464030e-15,-1.701104313883143959e+01,1.011199776907403169e+01
1.591862654685974121e+01,1.571897115786839105e+00,-7.791343312841809698e-01,-1.586073653578482068e+00,6.432827632119747507e-14,2.925220829452790383e-14,-5.442738273964131679e-14,-2.109423746787797427e-15,-1.701104313883143604e+01,1.011199776907402992e+01
1.592853236198425293e+01,1.571897115786839105e+00,-7.791343312841809698e-01,-1.586073653578482068e+00,6.432869644953931321e-14,2.927389233797761392e-14,-5.447075082654073697e-14,-2.112811878576814628e-15,-1.701104313883143604e+01,1.011199776907402992e+01
1.594069099426269531e+01,1.571897115786839105e+00,-7.791343312841809698e-01,-1.586073653578482068e+00,6.432814079592591439e-14,2.928256595535749796e-14,-5.447291923088570798e-14,-2.133709875451472726e-15,-1.701104313883143604e+01,1.011199776907403169e+01
1.595206832885742188e+01,1.571897115786839105e+00,-7.791343312841809698e-01,-1.586073653578482068e+00,6.432801882318150977e-14,2.929123957273738199e-14,-5.447508763523067898e-14,-2.137098007240489927e-15,-1.701104313883143604e+01,1.011199776907403169e+01
1.596166586875915527e+01,1.571897115786839105e+00,-7.791343312841809698e-01,-1.586073653578482068e+00,6.432773422011123232e-14,2.929991319011726603e-14,-5.447725603957564999e-14,-2.123301534595611884e-15,-1.701104313883143604e+01,1.011199776907403169e+01
1.597251105308532715e+01,1.571897115786839105e+00,-7.791343312841809698e-01,-1.586073653578482068e+00,6.432788329790994908e-14,2.930858680749715006e-14,-5.447942444392062100e-14,-2.126689666384629085e-15,-1.701104313883143604e+01,1.011199776907403169e+01
1.598237466812133789e+01,1.571897115786839105e+00,-7.791343312841809698e-01,-1.586073653578482068e+00,6.432815434845307045e-14,2.929123957273738199e-14,-5.445557199612593990e-14,-2.088525749913139329e-15,-1.701104313883143959e+01,1.011199776907403169e+01
1.599480080604553223e+01,1.571897115786839105e+00,-7.791343312841809698e-01,-1.586073653578482068e+00,6.432842539899619183e-14,2.927389233797761392e-14,-5.443171954833125881e-14,-2.088525749913139329e-15,-1.701104313883143959e+01,1.011199776907403169e+01
1.600226783752441406e+01,1.571897115786839105e+00,-7.791343312841809698e-01,-1.586073653578482068e+00,6.432964512644023802e-14,2.925654510321784585e-14,-5.440786710053657771e-14,-2.046892386489695959e-15,-1.701104313883143959e+01,1.011199776907403169e+01
1.601364111900329590e+01,1.571897115786839105e+00,-7.791343312841809698e-01,-1.586073653578482068e+00,6.433086485388428422e-14,2.923919786845807778e-14,-5.438401465274189661e-14,-2.046892386489695959e-15,-1.701104313883143959e+01,1.011199776907403169e+01
1.602311325073242188e+01,1.571897115786839105e+00,-7.791343312841809698e-01,-1.586073653578482068e+00,6.433167800551364834e-14,2.923486105976813576e-14,-5.439919348315669367e-14,-2.064239621249464030e-15,-1.701104313883143959e+01,1.011199776907402992e+01
1.603325319290161133e+01,1.571897115786839105e+00,-7.791343312841809698e-01,-1.586073653578482068e+00,6.433249115714301247e-14,2.923052425107819374e-14,-5.441437231357149074e-14,-2.064239621249464030e-15,-1.701104313883143959e+01,1.011199776907402992e+01
1.604317855834960938e+01,1.571897115786839105e+00,-7.791343312841809698e-01,-1.586073653578482068e+00,6.433220655407273503e-14,2.925220829452790383e-14,-5.445774040047091091e-14,-2.123301534595611884e-15,-1.701104313883143604e+01,1.011199776907402992e+01
1.605610227584838867e+01,1.571897115786839105e+00,-7.791343312841809698e-01,-1.586073653578482068e+00,6.433235563187145178e-14,2.927389233797761392e-14,-5.450110848737033109e-14,-2.126689666384629085e-15,-1.701104313883143604e+01,1.011199776907402992e+01
1.606571388244628906e+01,1.571897115786839105e+00,-7.791343312841809698e-01,-1.586073653578482068e+00,6.433071577608556746e-14,2.928256595535749796e-14,-5.450327689171530210e-14,-2.175343238874916096e-15,-1.701104313883143604e+01,1.011199776907403169e+01
1.607634115219116211e+01,1.571897115786839105e+00,-7.791343312841809698e-01,-1.586073653578482068e+00,6.432950960116867734e-14,2.929123957273738199e-14,-5.450544529606027311e-14,-2.178731370663933298e-15,-1.701104313883143604e+01,1.011199776907403169e+01
1.608853650093078613e+01,1.571897115786839105e+00,-7.791343312841809698e-01,-1.586073653578482068e+00,6.432786974538279301e-14,2.929991319011726603e-14,-5.450761370040524412e-14,-2.175343238874916096e-15,-1.701104313883143604e+01,1.011199776907403169e+01
1.610043644905090332e+01,1.571897115786839105e+00,-7.791343312841809698e-01,-1.586073653578482068e+00,6.432788329790994908e-14,2.930858680749715006e-14,-5.450978210475021513e-14,-2.130159113336582699e-15,-1.701104313883143604e+01,1.011199776907403169e+01
1.611251330375671387e+01,1.571897115786839105e+00,-7.791343312841809698e-01,-1.586073653578482068e+00,6.432746316956811095e-14,2.931726042487703410e-14,-5.451195050909518613e-14,-2.126770981547565498e-15,-1.701104313883143604e+01,1.011199776907403169e+01
1.612213587760925293e+01,1.571897115786839105e+00,-7.791343312841809698e-01,-1.586073653578482068e+00,6.432759869483967163e-14,2.929991319011726603e-14,-5.448809806130050504e-14,-2.095464643817046557e-15,-1.701104313883143959e+01,1.011199776907403169e+01
1.613531112670898438e+01,1.571897115786839105e+00,-7.791343312841809698e-01,-1.586073653578482068e+00,6.432773422011123232e-14,2.928256595535749796e-14,-5.446424561350582394e-14,-2.095464643817046557e-15,-1.701104313883143959e+01,1.011199776907403169e+01
1.614911937713623047e+01,1.571897115786839105e+00,-7.791343312841809698e-01,-1.586073653578482068e+00,6.432895394755527851e-14,2.926521872059772988e-14,-5.444039316571114284e-14,-2.046892386489695959e-15,-1.701104313883143959e+01,1.011199776907403169e+01
1.615954470634460449e+01,1.571897115786839105e+00,-7.791343312841809698e-01,-1.586073653578482068e+00,6.432963157391308195e-14,2.924787148583796181e-14,-5.441654071791646174e-14,-2.071178515153371258e-15,-1.701104313883143959e+01,1.011199776907403169e+01
1.617188525199890137e+01,1.571897115786839105e+00,-7.791343312841809698e-01,-1.586073653578482068e+00,6.433030920027088539e-14,2.923052425107819374e-14,-5.439268827012178065e-14,-2.071178515153371258e-15,-1.701104313883143959e+01,1.011199776907403169e+01
1.618149709701538086e+01,1.571897115786839105e+00,-7.791343312841809698e-01,-1.586073653578482068e+00,6.433058025081400677e-14,2.921317701631842567e-14,-5.436883582232709955e-14,-2.088525749913139329e-15,-1.701104313883143959e+01,1.011199776907403169e+01
1.619163966178894043e+01,1.571897115786839105e+00,-7.791343312841809698e-01,-1.586073653578482068e+00,6.433085130135712815e-14,2.919582978155865760e-14,-5.434498337453241845e-14,-2.088525749913139329e-15,-1.701104313883143959e+01,1.011199776907403169e+01
1.620126342773437500e+01,1.571897115786839105e+00,-7.791343312841809698e-01,-1.586073653578482068e+00,6.432988907192904726e-14,2.920450339893854164e-14,-5.434715177887738946e-14,-2.150975795048304384e-15,-1.701104313883143604e+01,1.011199776907403169e+01
1.621243858337402344e+01,1.571897115786839105e+00,-7.791343312841809698e-01,-1.586073653578482068e+00,6.432936052336996058e-14,2.921317701631842567e-14,-5.434932018322236047e-14,-2.150975795048304384e-15,-1.701104313883143604e+01,1.011199776907403169e+01
1.622310566902160645e+01,1.571897115786839105e+00,-7.791343312841809698e-01,-1.586073653578482068e+00,6.432747672209526701e-14,2.923486105976813576e-14,-5.439268827012178065e-14,-2.209956393231515825e-15,-1.701104313883143604e+01,1.011199776907402992e+01
1.623407578468322754e+01,1.571897115786839105e+00,-7.791343312841809698e-01,-1.586073653578482068e+00,6.432515923995157925e-14,2.925654510321784585e-14,-5.443605635702120082e-14,-2.209956393231515825e-15,-1.701104313883143604e+01,1.011199776907402992e+01
1.624429726600646973e+01,1.571897115786839105e+00,-7.791343312841809698e-01,-1.586073653578482068e+00,6.432354648922000706e-14,2.927822914666755594e-14,-5.447942444392062100e-14,-2.196078605423701369e-15,-1.701104313883143604e+01,1.011199776907402992e+01
1.625810146331787109e+01,1.571897115786839105e+00,-7.791343312841809698e-01,-1.586073653578482068e+00,6.432258425979192618e-14,2.929991319011726603e-14,-5.452279253082004118e-14,-2.150975795048304384e-15,-1.701104313883143604e+01,1.011199776907402992e+01
1.626769804954528809e+01,1.571897115786839105e+00,-7.791343312841809698e-01,-1.586073653578482068e+00,6.432205571123283949e-14,2.932159723356697612e-14,-5.456616061771946136e-14,-2.150975795048304384e-15,-1.701104313883143604e+01,1.011199776907402992e+01
1.627698349952697754e+01,1.571897115786839105e+00,-7.791343312841809698e-01,-1.586073653578482068e+00,6.432258425979192618e-14,2.933027085094686015e-14,-5.456832902206443237e-14,-2.085137618124122127e-15,-1.701104313883143604e+01,1.011199776907403169e+01
1.628846669197082520e+01,1.571897115786839105e+00,-7.791343312841809698e-01,-1.586073653578482068e+00,6.432311280835101286e-14,2.933894446832674419e-14,-5.457049742640940337e-14,-2.088525749913139329e-15,-1.701104313883143604e+01,1.011199776907403169e+01
1.630044102668762207e+01,1.571897115786839105e+00,-7.791343312841809698e-01,-1.586073653578482068e+00,6.432446806106661974e-14,2.932159723356697612e-14,-5.454664497861472228e-14,-2.039953492585788730e-15,-1.701104313883143959e+01,1.011199776907403169e+01
1.631099343299865723e+01,1.571897115786839105e+00,-7.791343312841809698e-01,-1.586073653578482068e+00,6.432582331378222662e-14,2.930424999880720804e-14,-5.452279253082004118e-14,-2.039953492585788730e-15,-1.701104313883143959e+01,1.011199776907403169e+01
1.631864285469055176e+01,1.571897115786839105e+00,-7.791343312841809698e-01,-1.586073653578482068e+00,6.432772066758407625e-14,2.928690276404743997e-14,-5.449894008302536008e-14,-2.015667363922113431e-15,-1.701104313883143959e+01,1.011199776907403169e+01
1.633210897445678711e+01,1.571897115786839105e+00,-7.791343312841809698e-01,-1.586073653578482068e+00,6.432961802138592589e-14,2.926955552928767190e-14,-5.447508763523067898e-14,-2.015667363922113431e-15,-1.701104313883143959e+01,1.011199776907403169e+01
1.634220814704895020e+01,1.571897115786839105e+00,-7.791343312841809698e-01,-1.586073653578482068e+00,6.433029564774372933e-14,2.925220829452790383e-14,-5.445123518743599789e-14,-2.071178515153371258e-15,-1.701104313883143959e+01,1.011199776907403169e+01
1.635198974609375000e+01,1.571897115786839105e+00,-7.791343312841809698e-01,-1.586073653578482068e+00,6.433097327410153277e-14,2.923486105976813576e-14,-5.442738273964131679e-14,-2.071178515153371258e-15,-1.701104313883143959e+01,1.011199776907403169e+01
1.636272549629211426e+01,1.571897115786839105e+00,-7.791343312841809698e-01,-1.586073653578482068e+00,6.433109524684593739e-14,2.924353467714801980e-14,-5.442955114398628780e-14,-2.102484852883890198e-15,-1.701104313883143604e+01,1.011199776907403169e+01
1.637538003921508789e+01,1.571897115786839105e+00,-7.791343312841809698e-01,-1.586073653578482068e+00,6.433165090045933621e-14,2.925220829452790383e-14,-5.443171954833125881e-14,-2.105872984672907400e-15,-1.701104313883143604e+01,1.011199776907403169e+01
1.638569164276123047e+01,1.571897115786839105e+00,-7.791343312841809698e-01,-1.586073653578482068e+00,6.433028209521657326e-14,2.926088191190778787e-14,-5.443388795267622982e-14,-2.164934898019055254e-15,-1.701104313883143604e+01,1.011199776907403169e+01
1.639695143699645996e+01,1.571897115786839105e+00,-7.791343312841809698e-01,-1.586073653578482068e+00,6.432934697084280451e-14,2.926955552928767190e-14,-5.443605635702120082e-14,-2.168323029808072455e-15,-1.701104313883143604e+01,1.011199776907403169e+01
1.641158223152160645e+01,1.571897115786839105e+00,-7.791343312841809698e-01,-1.586073653578482068e+00,6.432797816560004156e-14,2.927822914666755594e-14,-5.443822476136617183e-14,-2.164934898019055254e-15,-1.701104313883143604e+01,1.011199776907403169e+01
1.642121267318725586e+01,1.571897115786839105e+00,-7.791343312841809698e-01,-1.586073653578482068e+00,6.432826276867031901e-14,2.928690276404743997e-14,-5.444039316571114284e-14,-2.119750772480721857e-15,-1.701104313883143604e+01,1.011199776907403169e+01
1.643064498901367188e+01,1.571897115786839105e+00,-7.791343312841809698e-01,-1.586073653578482068e+00,6.432811369087160225e-14,2.929557638142732401e-14,-5.444256157005611385e-14,-2.116362640691704655e-15,-1.701104313883143604e+01,1.011199776907403169e+01
1.644120097160339355e+01,1.571897115786839105e+00,-7.791343312841809698e-01,-1.586073653578482068e+00,6.432811369087160225e-14,2.927822914666755594e-14,-5.441870912226143275e-14,-2.102403537720953786e-15,-1.701104313883143959e+01,1.011199776907403169e+01
1.645101642608642578e+01,1.571897115786839105e+00,-7.791343312841809698e-01,-1.586073653578482068e+00,6.432811369087160225e-14,2.926088191190778787e-14,-5.439485667446675166e-14,-2.102403537720953786e-15,-1.701104313883143959e+01,1.011199776907403169e+01
1.646242451667785645e+01,1.571897115786839105e+00,-7.791343312841809698e-01,-1.586073653578482068e+00,6.432933341831564844e-14,2.925654510321784585e-14,-5.441003550488154872e-14,-2.046892386489695959e-15,-1.701104313883143959e+01,1.011199776907402992e+01
1.647391724586486816e+01,1.571897115786839105e+00,-7.791343312841809698e-01,-1.586073653578482068e+00,6.433055314575969463e-14,2.925220829452790383e-14,-5.442521433529634578e-14,-2.046892386489695959e-15,-1.701104313883143959e+01,1.011199776907402992e+01
1.648456597328186035e+01,1.571897115786839105e+00,-7.791343312841809698e-01,-1.586073653578482068e+00,6.433136629738905876e-14,2.924787148583796181e-14,-5.444039316571114284e-14,-2.064239621249464030e-15,-1.701104313883143959e+01,1.011199776907402992e+01
1.649449563026428223e+01,1.571897115786839105e+00,-7.791343312841809698e-01,-1.586073653578482068e+00,6.433121721959034200e-14,2.926955552928767190e-14,-5.448376125261056302e-14,-2.119750772480721857e-15,-1.701104313883143604e+01,1.011199776907402992e+01
1.650389313697814941e+01,1.571897115786839105e+00,-7.791343312841809698e-01,-1.586073653578482068e+00,6.433106814179162525e-14,2.929123957273738199e-14,-5.452712933950998320e-14,-2.119750772480721857e-15,-1.701104313883143604e+01,1.011199776907402992e+01
1.651443290710449219e+01,1.571897115786839105e+00,-7.791343312841809698e-01,-1.586073653578482068e+00,6.433135274486190269e-14,2.931292361618709208e-14,-5.457049742640940337e-14,-2.119750772480721857e-15,-1.701104313883143604e+01,1.011199776907402992e+01
1.652491331100463867e+01,1.571897115786839105e+00,-7.791343312841809698e-01,-1.586073653578482068e+00,6.433025499016226112e-14,2.932159723356697612e-14,-5.457266583075437438e-14,-2.151057110211240797e-15,-1.701104313883143604e+01,1.011199776907403169e+01
1.653554677963256836e+01,1.571897115786839105e+00,-7.791343312841809698e-01,-1.586073653578482068e+00,6.433040406796097788e-14,2.933027085094686015e-14,-5.457483423509934539e-14,-2.126689666384629085e-15,-1.701104313883143604e+01,1.011199776907403169e+01
1.654536890983581543e+01,1.571897115786839105e+00,-7.791343312841809698e-01,-1.586073653578482068e+00,6.433011946489070043e-14,2.933894446832674419e-14,-5.457700263944431640e-14,-2.123301534595611884e-15,-1.701104313883143604e+01,1.011199776907403169e+01
1.655526876449584961e+01,1.571897115786839105e+00,-7.791343312841809698e-01,-1.586073653578482068e+00,6.433052604070538250e-14,2.932159723356697612e-14,-5.455315019164963530e-14,-2.081586856009232100e-15,-1.701104313883143959e+01,1.011199776907403169e+01
1.656429052352905273e+01,1.571897115786839105e+00,-7.791343312841809698e-01,-1.586073653578482068e+00,6.433093261652006456e-14,2.930424999880720804e-14,-5.452929774385495421e-14,-2.081586856009232100e-15,-1.701104313883143959e+01,1.011199776907403169e+01
1.657453393936157227e+01,1.571897115786839105e+00,-7.791343312841809698e-01,-1.586073653578482068e+00,6.433188129342098938e-14,2.928690276404743997e-14,-5.450544529606027311e-14,-2.060770174297510415e-15,-1.701104313883143959e+01,1.011199776907403169e+01
1.658418107032775879e+01,1.571897115786839105e+00,-7.791343312841809698e-01,-1.586073653578482068e+00,6.433282997032191419e-14,2.926955552928767190e-14,-5.448159284826559201e-14,-2.060770174297510415e-15,-1.701104313883143959e+01,1.011199776907403169e+01
1.659696769714355469e+01,1.571897115786839105e+00,-7.791343312841809698e-01,-1.586073653578482068e+00,6.433282997032191419e-14,2.925220829452790383e-14,-5.445774040047091091e-14,-2.102403537720953786e-15,-1.701104313883143959e+01,1.011199776907403169e+01
1.660806918144226074e+01,1.571897115786839105e+00,-7.791343312841809698e-01,-1.586073653578482068e+00,6.433282997032191419e-14,2.923486105976813576e-14,-5.443388795267622982e-14,-2.102403537720953786e-15,-1.701104313883143959e+01,1.011199776907403169e+01
1.662047457695007324e+01,1.571897115786839105e+00,-7.791343312841809698e-01,-1.586073653578482068e+00,6.433159669035071193e-14,2.924353467714801980e-14,-5.443605635702120082e-14,-2.161384135904165227e-15,-1.701104313883143604e+01,1.011199776907403169e+01
1.663453578948974609e+01,1.571897115786839105e+00,-7.791343312841809698e-01,-1.586073653578482068e+00,6.433079709124850387e-14,2.925220829452790383e-14,-5.443822476136617183e-14,-2.161384135904165227e-15,-1.701104313883143604e+01,1.011199776907403169e+01
1.664347958564758301e+01,1.571897115786839105e+00,-7.791343312841809698e-01,-1.586073653578482068e+00,6.432959091633161375e-14,2.926088191190778787e-14,-5.444039316571114284e-14,-2.178731370663933298e-15,-1.701104313883143604e+01,1.011199776907403169e+01
1.665461277961730957e+01,1.571897115786839105e+00,-7.791343312841809698e-01,-1.586073653578482068e+00,6.432852026668628431e-14,2.926955552928767190e-14,-5.444256157005611385e-14,-2.175261923711979684e-15,-1.701104313883143604e+01,1.011199776907403169e+01
1.666530132293701172e+01,1.571897115786839105e+00,-7.791343312841809698e-01,-1.586073653578482068e+00,6.432744961704095488e-14,2.927822914666755594e-14,-5.444472997440108486e-14,-2.175261923711979684e-15,-1.701104313883143604e+01,1.011199776907403169e+01
1.667582082748413086e+01,1.571897115786839105e+00,-7.791343312841809698e-01,-1.586073653578482068e+00,6.432716501397067743e-14,2.928690276404743997e-14,-5.444689837874605587e-14,-2.126689666384629085e-15,-1.701104313883143604e+01,1.011199776907403169e+01
1.668529748916625977e+01,1.571897115786839105e+00,-7.791343312841809698e-01,-1.586073653578482068e+00,6.432731409176939419e-14,2.929557638142732401e-14,-5.444906678309102688e-14,-2.126689666384629085e-15,-1.701104313883143604e+01,1.011199776907403169e+01
1.669662380218505859e+01,1.571897115786839105e+00,-7.791343312841809698e-01,-1.586073653578482068e+00,6.432785619285563694e-14,2.929123957273738199e-14,-5.446424561350582394e-14,-2.078117409057278486e-15,-1.701104313883143959e+01,1.011199776907402992e+01
1.670609235763549805e+01,1.571897115786839105e+00,-7.791343312841809698e-01,-1.586073653578482068e+00,6.432839829394187969e-14,2.928690276404743997e-14,-5.447942444392062100e-14,-2.078117409057278486e-15,-1.701104313883143959e+01,1.011199776907402992e+01
1.671765971183776855e+01,1.571897115786839105e+00,-7.791343312841809698e-01,-1.586073653578482068e+00,6.432934697084280451e-14,2.928256595535749796e-14,-5.449460327433541806e-14,-2.060770174297510415e-15,-1.701104313883143959e+01,1.011199776907402992e+01
1.672604775428771973e+01,1.571897115786839105e+00,-7.791343312841809698e-01,-1.586073653578482068e+00,6.433029564774372933e-14,2.927822914666755594e-14,-5.450978210475021513e-14,-2.060770174297510415e-15,-1.701104313883143959e+01,1.011199776907402992e+01
1.673654174804687500e+01,1.571897115786839105e+00,-7.791343312841809698e-01,-1.586073653578482068e+00,6.433043117301529001e-14,2.926088191190778787e-14,-5.448592965695553403e-14,-2.095464643817046557e-15,-1.701104313883143959e+01,1.011199776907403169e+01
1.674870657920837402e+01,1.571897115786839105e+00,-7.791343312841809698e-01,-1.586073653578482068e+00,6.433056669828685070e-14,2.924353467714801980e-14,-5.446207720916085293e-14,-2.095464643817046557e-15,-1.701104313883143959e+01,1.011199776907403169e+01
1.676286673545837402e+01,1.571897115786839105e+00,-7.791343312841809698e-01,-1.586073653578482068e+00,6.432987551940189119e-14,2.925220829452790383e-14,-5.446424561350582394e-14,-2.140648769355379955e-15,-1.701104313883143604e+01,1.011199776907403169e+01
1.677573275566101074e+01,1.571897115786839105e+00,-7.791343312841809698e-01,-1.586073653578482068e+00,6.432961802138592589e-14,2.926088191190778787e-14,-5.446641401785079495e-14,-2.144036901144397156e-15,-1.701104313883143604e+01,1.011199776907403169e+01
1.678363466262817383e+01,1.571897115786839105e+00,-7.791343312841809698e-01,-1.586073653578482068e+00,6.432811369087160225e-14,2.926955552928767190e-14,-5.446858242219576596e-14,-2.171873791922962482e-15,-1.701104313883143604e+01,1.011199776907403169e+01
1.679600024223327637e+01,1.571897115786839105e+00,-7.791343312841809698e-01,-1.586073653578482068e+00,6.432704304122627281e-14,2.927822914666755594e-14,-5.447075082654073697e-14,-2.175261923711979684e-15,-1.701104313883143604e+01,1.011199776907403169e+01
1.680861639976501465e+01,1.571897115786839105e+00,-7.791343312841809698e-01,-1.586073653578482068e+00,6.432580976125507055e-14,2.928690276404743997e-14,-5.447291923088570798e-14,-2.157996004115148025e-15,-1.701104313883143604e+01,1.011199776907403169e+01
1.682406187057495117e+01,1.571897115786839105e+00,-7.791343312841809698e-01,-1.586073653578482068e+00,6.432622988959690868e-14,2.929557638142732401e-14,-5.447508763523067898e-14,-2.112811878576814628e-15,-1.701104313883143604e+01,1.011199776907403169e+01
1.683455181121826172e+01,1.571897115786839105e+00,-7.791343312841809698e-01,-1.586073653578482068e+00,6.432621633706975262e-14,2.930424999880720804e-14,-5.447725603957564999e-14,-2.109423746787797427e-15,-1.701104313883143604e+01,1.011199776907403169e+01
1.684659552574157715e+01,1.571897115786839105e+00,-7.791343312841809698e-01,-1.586073653578482068e+00,6.432717856649783350e-14,2.931292361618709208e-14,-5.447942444392062100e-14,-2.088525749913139329e-15,-1.701104313883143604e+01,1.011199776907403169e+01
1.685702753067016602e+01,1.571897115786839105e+00,-7.791343312841809698e-01,-1.586073653578482068e+00,6.432853381921344038e-14,2.929557638142732401e-14,-5.445557199612593990e-14,-2.039953492585788730e-15,-1.701104313883143959e+01,1.011199776907403169e+01
1.686837363243103027e+01,1.571897115786839105e+00,-7.791343312841809698e-01,-1.586073653578482068e+00,6.432988907192904726e-14,2.927822914666755594e-14,-5.443171954833125881e-14,-2.039953492585788730e-15,-1.701104313883143959e+01,1.011199776907403169e+01
1.687933754920959473e+01,1.571897115786839105e+00,-7.791343312841809698e-01,-1.586073653578482068e+00,6.433124432464465414e-14,2.927389233797761392e-14,-5.444689837874605587e-14,-2.039953492585788730e-15,-1.701104313883143959e+01,1.011199776907402992e+01
1.689010405540466309e+01,1.571897115786839105e+00,-7.791343312841809698e-01,-1.586073653578482068e+00,6.433259957736026102e-14,2.926955552928767190e-14,-5.446207720916085293e-14,-2.039953492585788730e-15,-1.701104313883143959e+01,1.011199776907402992e+01
1.689921045303344727e+01,1.571897115786839105e+00,-7.791343312841809698e-01,-1.586073653578482068e+00,6.433368377953274653e-14,2.926521872059772988e-14,-5.447725603957564999e-14,-2.053831280393603187e-15,-1.701104313883143959e+01,1.011199776907402992e+01
1.691088247299194336e+01,1.571897115786839105e+00,-7.791343312841809698e-01,-1.586073653578482068e+00,6.433476798170523203e-14,2.926088191190778787e-14,-5.449243486999044705e-14,-2.053831280393603187e-15,-1.701104313883143959e+01,1.011199776907402992e+01
1.692027497291564941e+01,1.571897115786839105e+00,-7.791343312841809698e-01,-1.586073653578482068e+00,6.433407680282027252e-14,2.926955552928767190e-14,-5.449460327433541806e-14,-2.140648769355379955e-15,-1.701104313883143604e+01,1.011199776907403169e+01
1.693058371543884277e+01,1.571897115786839105e+00,-7.791343312841809698e-01,-1.586073653578482068e+00,6.433381930480430722e-14,2.927822914666755594e-14,-5.449677167868038907e-14,-2.144036901144397156e-15,-1.701104313883143604e+01,1.011199776907403169e+01
1.693943262100219727e+01,1.571897115786839105e+00,-7.791343312841809698e-01,-1.586073653578482068e+00,6.433231497428998358e-14,2.928690276404743997e-14,-5.449894008302536008e-14,-2.171873791922962482e-15,-1.701104313883143604e+01,1.011199776907403169e+01
1.695252323150634766e+01,1.571897115786839105e+00,-7.791343312841809698e-01,-1.586073653578482068e+00,6.433124432464465414e-14,2.929557638142732401e-14,-5.450110848737033109e-14,-2.175261923711979684e-15,-1.701104313883143604e+01,1.011199776907403169e+01
1.696319723129272461e+01,1.571897115786839105e+00,-7.791343312841809698e-01,-1.586073653578482068e+00,6.433068867103125532e-14,2.930424999880720804e-14,-5.450327689171530210e-14,-2.133709875451472726e-15,-1.701104313883143604e+01,1.011199776907403169e+01
1.697348499298095703e+01,1.571897115786839105e+00,-7.791343312841809698e-01,-1.586073653578482068e+00,6.433056669828685070e-14,2.931292361618709208e-14,-5.450544529606027311e-14,-2.137098007240489927e-15,-1.701104313883143604e+01,1.011199776907403169e+01
1.698838186264038086e+01,1.571897115786839105e+00,-7.791343312841809698e-01,-1.586073653578482068e+00,6.433028209521657326e-14,2.932159723356697612e-14,-5.450761370040524412e-14,-2.123301534595611884e-15,-1.701104313883143604e+01,1.011199776907403169e+01
1.699923157691955566e+01,1.571897115786839105e+00,-7.791343312841809698e-01,-1.586073653578482068e+00,6.433123077211749807e-14,2.930424999880720804e-14,-5.448376125261056302e-14,-2.060770174297510415e-15,-1.701104313883143959e+01,1.011199776907403169e+01
1.701012158393859863e+01,1.571897115786839105e+00,-7.791343312841809698e-01,-1.586073653578482068e+00,6.433217944901842289e-14,2.928690276404743997e-14,-5.445990880481588192e-14,-2.060770174297510415e-15,-1.701104313883143959e+01,1.011199776907403169e+01
1.702230119705200195e+01,1.571897115786839105e+00,-7.791343312841809698e-01,-1.586073653578482068e+00,6.433353470173402977e-14,2.926955552928767190e-14,-5.443605635702120082e-14,-2.039953492585788730e-15,-1.701104313883143959e+01,1.011199776907403169e+01
1.703727173805236816e+01,1.571897115786839105e+00,-7.791343312841809698e-01,-1.586073653578482068e+00,6.433488995444963665e-14,2.925220829452790383e-14,-5.441220390922651973e-14,-2.039953492585788730e-15,-1.701104313883143959e+01,1.011199776907403169e+01
1.705282258987426758e+01,1.571897115786839105e+00,-7.791343312841809698e-01,-1.586073653578482068e+00,6.433583863135056147e-14,2.923486105976813576e-14,-5.438835146143183863e-14,-2.060770174297510415e-15,-1.701104313883143959e+01,1.011199776907403169e+01
1.706446290016174316e+01,1.571897115786839105e+00,-7.791343312841809698e-01,-1.586073653578482068e+00,6.433555402828028402e-14,2.924353467714801980e-14,-5.439051986577680964e-14,-2.126689666384629085e-15,-1.701104313883143604e+01,1.011199776907403169e+01
1.707690048217773438e+01,1.571897115786839105e+00,-7.791343312841809698e-01,-1.586073653578482068e+00,6.433445627358064245e-14,2.926521872059772988e-14,-5.443388795267622982e-14,-2.151057110211240797e-15,-1.701104313883143604e+01,1.011199776907402992e+01
1.708804607391357422e+01,1.571897115786839105e+00,-7.791343312841809698e-01,-1.586073653578482068e+00,6.433379219974999508e-14,2.928690276404743997e-14,-5.447725603957564999e-14,-2.154445242000257998e-15,-1.701104313883143604e+01,1.011199776907402992e+01
1.709788417816162109e+01,1.571897115786839105e+00,-7.791343312841809698e-01,-1.586073653578482068e+00,6.433282997032191419e-14,2.930858680749715006e-14,-5.452062412647507017e-14,-2.147587663259287183e-15,-1.701104313883143604e+01,1.011199776907402992e+01
1.710735416412353516e+01,1.571897115786839105e+00,-7.791343312841809698e-01,-1.586073653578482068e+00,6.433230142176282751e-14,2.933027085094686015e-14,-5.456399221337449035e-14,-2.150975795048304384e-15,-1.701104313883143604e+01,1.011199776907402992e+01
1.711769819259643555e+01,1.571897115786839105e+00,-7.791343312841809698e-01,-1.586073653578482068e+00,6.433230142176282751e-14,2.931292361618709208e-14,-5.454013976557980925e-14,-2.102403537720953786e-15,-1.701104313883143959e+01,1.011199776907403169e+01
1.712802910804748535e+01,1.571897115786839105e+00,-7.791343312841809698e-01,-1.586073653578482068e+00,6.433230142176282751e-14,2.929557638142732401e-14,-5.451628731778512815e-14,-2.102403537720953786e-15,-1.701104313883143959e+01,1.011199776907403169e+01
1.713715791702270508e+01,1.571897115786839105e+00,-7.791343312841809698e-01,-1.586073653578482068e+00,6.433284352284907026e-14,2.927822914666755594e-14,-5.449243486999044705e-14,-2.078117409057278486e-15,-1.701104313883143959e+01,1.011199776907403169e+01
1.714760875701904297e+01,1.571897115786839105e+00,-7.791343312841809698e-01,-1.586073653578482068e+00,6.433338562393531301e-14,2.926088191190778787e-14,-5.446858242219576596e-14,-2.078117409057278486e-15,-1.701104313883143959e+01,1.011199776907403169e+01
1.715762305259704590e+01,1.571897115786839105e+00,-7.791343312841809698e-01,-1.586073653578482068e+00,6.433337207140815694e-14,2.926955552928767190e-14,-5.447075082654073697e-14,-2.109423746787797427e-15,-1.701104313883143604e+01,1.011199776907403169e+01
1.716798138618469238e+01,1.571897115786839105e+00,-7.791343312841809698e-01,-1.586073653578482068e+00,6.433379219974999508e-14,2.927822914666755594e-14,-5.447291923088570798e-14,-2.112811878576814628e-15,-1.701104313883143604e+01,1.011199776907403169e+01
1.717849493026733398e+01,1.571897115786839105e+00,-7.791343312841809698e-01,-1.586073653578482068e+00,6.433282997032191419e-14,2.928690276404743997e-14,-5.447508763523067898e-14,-2.147587663259287183e-15,-1.701104313883143604e+01,1.011199776907403169e+01
1.719057416915893555e+01,1.571897115786839105e+00,-7.791343312841809698e-01,-1.586073653578482068e+00,6.433230142176282751e-14,2.929557638142732401e-14,-5.447725603957564999e-14,-2.150975795048304384e-15,-1.701104313883143604e+01,1.011199776907403169e+01
1.720104718208312988e+01,1.571897115786839105e+00,-7.791343312841809698e-01,-1.586073653578482068e+00,6.433201681869255006e-14,2.930424999880720804e-14,-5.447942444392062100e-14,-2.123301534595611884e-15,-1.701104313883143604e+01,1.011199776907403169e+01
1.721584653854370117e+01,1.571897115786839105e+00,-7.791343312841809698e-01,-1.586073653578482068e+00,6.433216589649126682e-14,2.931292361618709208e-14,-5.448159284826559201e-14,-2.126689666384629085e-15,-1.701104313883143604e+01,1.011199776907403169e+01
1.722675943374633789e+01,1.571897115786839105e+00,-7.791343312841809698e-01,-1.586073653578482068e+00,6.433230142176282751e-14,2.929557638142732401e-14,-5.445774040047091091e-14,-2.095464643817046557e-15,-1.701104313883143959e+01,1.011199776907403169e+01
1.723975062370300293e+01,1.571897115786839105e+00,-7.791343312841809698e-01,-1.586073653578482068e+00,6.433352114920687370e-14,2.927822914666755594e-14,-5.443388795267622982e-14,-2.046892386489695959e-15,-1.701104313883143959e+01,1.011199776907403169e+01
1.725331640243530273e+01,1.571897115786839105e+00,-7.791343312841809698e-01,-1.586073653578482068e+00,6.433474087665091989e-14,2.926088191190778787e-14,-5.441003550488154872e-14,-2.046892386489695959e-15,-1.701104313883143959e+01,1.011199776907403169e+01
1.726368546485900879e+01,1.571897115786839105e+00,-7.791343312841809698e-01,-1.586073653578482068e+00,6.433568955355184471e-14,2.924353467714801980e-14,-5.438618305708686762e-14,-2.060770174297510415e-15,-1.701104313883143959e+01,1.011199776907403169e+01
1.727938985824584961e+01,1.571897115786839105e+00,-7.791343312841809698e-01,-1.586073653578482068e+00,6.433663823045276953e-14,2.922618744238825172e-14,-5.436233060929218652e-14,-2.060770174297510415e-15,-1.701104313883143959e+01,1.011199776907403169e+01
1.729188203811645508e+01,1.571897115786839105e+00,-7.791343312841809698e-01,-1.586073653578482068e+00,6.433650270518120884e-14,2.922185063369830971e-14,-5.437750943970698358e-14,-2.105872984672907400e-15,-1.701104313883143959e+01,1.011199776907402992e+01
1.730152797698974609e+01,1.571897115786839105e+00,-7.791343312841809698e-01,-1.586073653578482068e+00,6.433513389993844589e-14,2.924353467714801980e-14,-5.442087752660640376e-14,-2.164934898019055254e-15,-1.701104313883143604e+01,1.011199776907402992e+01
1.731482052803039551e+01,1.571897115786839105e+00,-7.791343312841809698e-01,-1.586073653578482068e+00,6.433419877556467714e-14,2.926521872059772988e-14,-5.446424561350582394e-14,-2.168323029808072455e-15,-1.701104313883143604e+01,1.011199776907402992e+01
1.732946562767028809e+01,1.571897115786839105e+00,-7.791343312841809698e-01,-1.586073653578482068e+00,6.433228786923567144e-14,2.928690276404743997e-14,-5.450761370040524412e-14,-2.189221026682730553e-15,-1.701104313883143604e+01,1.011199776907402992e+01
1.733965849876403809e+01,1.571897115786839105e+00,-7.791343312841809698e-01,-1.586073653578482068e+00,6.433121721959034200e-14,2.929557638142732401e-14,-5.450978210475021513e-14,-2.175261923711979684e-15,-1.701104313883143604e+01,1.011199776907403169e+01
1.734976029396057129e+01,1.571897115786839105e+00,-7.791343312841809698e-01,-1.586073653578482068e+00,6.432971288907601837e-14,2.930424999880720804e-14,-5.451195050909518613e-14,-2.171873791922962482e-15,-1.701104313883143604e+01,1.011199776907403169e+01
1.736023354530334473e+01,1.571897115786839105e+00,-7.791343312841809698e-01,-1.586073653578482068e+00,6.432918434051693168e-14,2.931292361618709208e-14,-5.451411891344015714e-14,-2.150975795048304384e-15,-1.701104313883143604e+01,1.011199776907403169e+01
1.736965322494506836e+01,1.571897115786839105e+00,-7.791343312841809698e-01,-1.586073653578482068e+00,6.432822211108885080e-14,2.932159723356697612e-14,-5.451628731778512815e-14,-2.147587663259287183e-15,-1.701104313883143604e+01,1.011199776907403169e+01
1.738060021400451660e+01,1.571897115786839105e+00,-7.791343312841809698e-01,-1.586073653578482068e+00,6.432822211108885080e-14,2.930424999880720804e-14,-5.449243486999044705e-14,-2.102403537720953786e-15,-1.701104313883143959e+01,1.011199776907403169e+01
1.738932418823242188e+01,1.571897115786839105e+00,-7.791343312841809698e-01,-1.586073653578482068e+00,6.432822211108885080e-14,2.928690276404743997e-14,-5.446858242219576596e-14,-2.102403537720953786e-15,-1.701104313883143959e+01,1.011199776907403169e+01
1.740113353729248047e+01,1.571897115786839105e+00,-7.791343312841809698e-01,-1.586073653578482068e+00,6.432957736380445768e-14,2.926955552928767190e-14,-5.444472997440108486e-14,-2.039953492585788730e-15,-1.701104313883143959e+01,1.011199776907403169e+01
1.741365528106689453e+01,1.571897115786839105e+00,-7.791343312841809698e-01,-1.586073653578482068e+00,6.433093261652006456e-14,2.925220829452790383e-14,-5.442087752660640376e-14,-2.039953492585788730e-15,-1.701104313883143959e+01,1.011199776907403169e+01
1.742394876480102539e+01,1.571897115786839105e+00,-7.791343312841809698e-01,-1.586073653578482068e+00,6.433201681869255006e-14,2.923486105976813576e-14,-5.439702507881172266e-14,-2.053831280393603187e-15,-1.701104313883143959e+01,1.011199776907403169e+01
1.743446493148803711e+01,1.571897115786839105e+00,-7.791343312841809698e-01,-1.586073653578482068e+00,6.433310102086503557e-14,2.921751382500836769e-14,-5.437317263101704157e-14,-2.053831280393603187e-15,-1.701104313883143959e+01,1.011199776907403169e+01
1.744596266746520996e+01,1.571897115786839105e+00,-7.791343312841809698e-01,-1.586073653578482068e+00,6.433308746833787950e-14,2.922618744238825172e-14,-5.437534103536201258e-14,-2.112811878576814628e-15,-1.701104313883143604e+01,1.011199776907403169e+01
1.745701456069946289e+01,1.571897115786839105e+00,-7.791343312841809698e-01,-1.586073653578482068e+00,6.433350759667971763e-14,2.923486105976813576e-14,-5.437750943970698358e-14,-2.112811878576814628e-15,-1.701104313883143604e+01,1.011199776907403169e+01
1.746822762489318848e+01,1.571897115786839105e+00,-7.791343312841809698e-01,-1.586073653578482068e+00,6.433216589649126682e-14,2.925654510321784585e-14,-5.442087752660640376e-14,-2.185670264567840526e-15,-1.701104313883143604e+01,1.011199776907402992e+01
1.747994709014892578e+01,1.571897115786839105e+00,-7.791343312841809698e-01,-1.586073653578482068e+00,6.433066156597694318e-14,2.927822914666755594e-14,-5.446424561350582394e-14,-2.175261923711979684e-15,-1.701104313883143604e+01,1.011199776907402992e+01
1.749063515663146973e+01,1.571897115786839105e+00,-7.791343312841809698e-01,-1.586073653578482068e+00,6.432959091633161375e-14,2.929991319011726603e-14,-5.450761370040524412e-14,-2.175261923711979684e-15,-1.701104313883143604e+01,1.011199776907402992e+01
1.750228095054626465e+01,1.571897115786839105e+00,-7.791343312841809698e-01,-1.586073653578482068e+00,6.432903526271821493e-14,2.930858680749715006e-14,-5.450978210475021513e-14,-2.133709875451472726e-15,-1.701104313883143604e+01,1.011199776907403169e+01
1.751731657981872559e+01,1.571897115786839105e+00,-7.791343312841809698e-01,-1.586073653578482068e+00,6.432891328997381031e-14,2.931726042487703410e-14,-5.451195050909518613e-14,-2.137098007240489927e-15,-1.701104313883143604e+01,1.011199776907403169e+01
1.752865338325500488e+01,1.571897115786839105e+00,-7.791343312841809698e-01,-1.586073653578482068e+00,6.432877776470224962e-14,2.929991319011726603e-14,-5.448809806130050504e-14,-2.105872984672907400e-15,-1.701104313883143959e+01,1.011199776907403169e+01
1.754159641265869141e+01,1.571897115786839105e+00,-7.791343312841809698e-01,-1.586073653578482068e+00,6.432986196687473512e-14,2.928256595535749796e-14,-5.446424561350582394e-14,-2.053831280393603187e-15,-1.701104313883143959e+01,1.011199776907403169e+01
1.754983544349670410e+01,1.571897115786839105e+00,-7.791343312841809698e-01,-1.586073653578482068e+00,6.433094616904722063e-14,2.926521872059772988e-14,-5.444039316571114284e-14,-2.053831280393603187e-15,-1.701104313883143959e+01,1.011199776907403169e+01
1.756090426445007324e+01,1.571897115786839105e+00,-7.791343312841809698e-01,-1.586073653578482068e+00,6.433189484594814544e-14,2.924787148583796181e-14,-5.441654071791646174e-14,-2.060770174297510415e-15,-1.701104313883143959e+01,1.011199776907403169e+01
1.757365036010742188e+01,1.571897115786839105e+00,-7.791343312841809698e-01,-1.586073653578482068e+00,6.433284352284907026e-14,2.923052425107819374e-14,-5.439268827012178065e-14,-2.060770174297510415e-15,-1.701104313883143959e+01,1.011199776907403169e+01
1.758539056777954102e+01,1.571897115786839105e+00,-7.791343312841809698e-01,-1.586073653578482068e+00,6.433297904812063095e-14,2.921317701631842567e-14,-5.436883582232709955e-14,-2.095464643817046557e-15,-1.701104313883143959e+01,1.011199776907403169e+01
1.759552073478698730e+01,1.571897115786839105e+00,-7.791343312841809698e-01,-1.586073653578482068e+00,6.433174576814942869e-14,2.922185063369830971e-14,-5.437100422667207056e-14,-2.157996004115148025e-15,-1.701104313883143604e+01,1.011199776907403169e+01
1.760608315467834473e+01,1.571897115786839105e+00,-7.791343312841809698e-01,-1.586073653578482068e+00,6.433094616904722063e-14,2.923052425107819374e-14,-5.437317263101704157e-14,-2.161384135904165227e-15,-1.701104313883143604e+01,1.011199776907403169e+01
1.761883592605590820e+01,1.571897115786839105e+00,-7.791343312841809698e-01,-1.586073653578482068e+00,6.432889973744665424e-14,2.925220829452790383e-14,-5.441654071791646174e-14,-2.192690473634684167e-15,-1.701104313883143604e+01,1.011199776907402992e+01
1.762831997871398926e+01,1.571897115786839105e+00,-7.791343312841809698e-01,-1.586073653578482068e+00,6.432728698671508205e-14,2.927389233797761392e-14,-5.445990880481588192e-14,-2.196078605423701369e-15,-1.701104313883143604e+01,1.011199776907402992e+01
1.763996052742004395e+01,1.571897115786839105e+00,-7.791343312841809698e-01,-1.586073653578482068e+00,6.432618923201544048e-14,2.929557638142732401e-14,-5.450327689171530210e-14,-2.151057110211240797e-15,-1.701104313883143604e+01,1.011199776907402992e+01
1.765015363693237305e+01,1.571897115786839105e+00,-7.791343312841809698e-01,-1.586073653578482068e+00,6.432552515818479311e-14,2.931726042487703410e-14,-5.454664497861472228e-14,-2.154445242000257998e-15,-1.701104313883143604e+01,1.011199776907402992e+01
1.766305780410766602e+01,1.571897115786839105e+00,-7.791343312841809698e-01,-1.586073653578482068e+00,6.432524055511451566e-14,2.932593404225691813e-14,-5.454881338295969329e-14,-2.123301534595611884e-15,-1.701104313883143604e+01,1.011199776907403169e+01
1.767448616027832031e+01,1.571897115786839105e+00,-7.791343312841809698e-01,-1.586073653578482068e+00,6.432495595204423822e-14,2.933460765963680217e-14,-5.455098178730466429e-14,-2.126689666384629085e-15,-1.701104313883143604e+01,1.011199776907403169e+01
1.768398976325988770e+01,1.571897115786839105e+00,-7.791343312841809698e-01,-1.586073653578482068e+00,6.432563357840204166e-14,2.931726042487703410e-14,-5.452712933950998320e-14,-2.071178515153371258e-15,-1.701104313883143959e+01,1.011199776907403169e+01
1.769406390190124512e+01,1.571897115786839105e+00,-7.791343312841809698e-01,-1.586073653578482068e+00,6.432753093220389129e-14,2.929991319011726603e-14,-5.450327689171530210e-14,-2.015667363922113431e-15,-1.701104313883143959e+01,1.011199776907403169e+01
1.770391035079956055e+01,1.571897115786839105e+00,-7.791343312841809698e-01,-1.586073653578482068e+00,6.432942828600574092e-14,2.928256595535749796e-14,-5.447942444392062100e-14,-2.015667363922113431e-15,-1.701104313883143959e+01,1.011199776907403169e+01
1.771369600296020508e+01,1.571897115786839105e+00,-7.791343312841809698e-01,-1.586073653578482068e+00,6.433078353872134780e-14,2.926521872059772988e-14,-5.445557199612593990e-14,-2.039953492585788730e-15,-1.701104313883143959e+01,1.011199776907403169e+01
1.772361946105957031e+01,1.571897115786839105e+00,-7.791343312841809698e-01,-1.586073653578482068e+00,6.433213879143695468e-14,2.924787148583796181e-14,-5.443171954833125881e-14,-2.039953492585788730e-15,-1.701104313883143959e+01,1.011199776907403169e+01
1.773442912101745605e+01,1.571897115786839105e+00,-7.791343312841809698e-01,-1.586073653578482068e+00,6.433349404415256156e-14,2.923052425107819374e-14,-5.440786710053657771e-14,-2.039953492585788730e-15,-1.701104313883143959e+01,1.011199776907403169e+01
1.774608159065246582e+01,1.571897115786839105e+00,-7.791343312841809698e-01,-1.586073653578482068e+00,6.433361601689696618e-14,2.923919786845807778e-14,-5.441003550488154872e-14,-2.102484852883890198e-15,-1.701104313883143604e+01,1.011199776907403169e+01
1.775848364830017090e+01,1.571897115786839105e+00,-7.791343312841809698e-01,-1.586073653578482068e+00,6.433240984198007606e-14,2.924787148583796181e-14,-5.441220390922651973e-14,-2.178731370663933298e-15,-1.701104313883143604e+01,1.011199776907403169e+01
1.777113986015319824e+01,1.571897115786839105e+00,-7.791343312841809698e-01,-1.586073653578482068e+00,6.433076998619419173e-14,2.925654510321784585e-14,-5.441437231357149074e-14,-2.175343238874916096e-15,-1.701104313883143604e+01,1.011199776907403169e+01
1.778449702262878418e+01,1.571897115786839105e+00,-7.791343312841809698e-01,-1.586073653578482068e+00,6.432997038709198367e-14,2.926521872059772988e-14,-5.441654071791646174e-14,-2.161384135904165227e-15,-1.701104313883143604e+01,1.011199776907403169e+01
1.779489517211914062e+01,1.571897115786839105e+00,-7.791343312841809698e-01,-1.586073653578482068e+00,6.432900815766390279e-14,2.928690276404743997e-14,-5.445990880481588192e-14,-2.147587663259287183e-15,-1.701104313883143604e+01,1.011199776907402992e+01
1.780749130249023438e+01,1.571897115786839105e+00,-7.791343312841809698e-01,-1.586073653578482068e+00,6.432847960910481611e-14,2.930858680749715006e-14,-5.450327689171530210e-14,-2.150975795048304384e-15,-1.701104313883143604e+01,1.011199776907402992e+01
1.781787896156311035e+01,1.571897115786839105e+00,-7.791343312841809698e-01,-1.586073653578482068e+00,6.432861513437637679e-14,2.930424999880720804e-14,-5.451845572213009916e-14,-2.095464643817046557e-15,-1.701104313883143959e+01,1.011199776907402992e+01
1.782865452766418457e+01,1.571897115786839105e+00,-7.791343312841809698e-01,-1.586073653578482068e+00,6.432875065964793748e-14,2.929991319011726603e-14,-5.453363455254489622e-14,-2.095464643817046557e-15,-1.701104313883143959e+01,1.011199776907402992e+01
1.784282779693603516e+01,1.571897115786839105e+00,-7.791343312841809698e-01,-1.586073653578482068e+00,6.432956381127730161e-14,2.928256595535749796e-14,-5.450978210475021513e-14,-2.064239621249464030e-15,-1.701104313883143959e+01,1.011199776907403169e+01
1.785426020622253418e+01,1.571897115786839105e+00,-7.791343312841809698e-01,-1.586073653578482068e+00,6.433037696290666574e-14,2.926521872059772988e-14,-5.448592965695553403e-14,-2.064239621249464030e-15,-1.701104313883143959e+01,1.011199776907403169e+01
1.786616158485412598e+01,1.571897115786839105e+00,-7.791343312841809698e-01,-1.586073653578482068e+00,6.433078353872134780e-14,2.924787148583796181e-14,-5.446207720916085293e-14,-2.081586856009232100e-15,-1.701104313883143959e+01,1.011199776907403169e+01
1.787531208992004395e+01,1.571897115786839105e+00,-7.791343312841809698e-01,-1.586073653578482068e+00,6.433119011453602987e-14,2.923052425107819374e-14,-5.443822476136617183e-14,-2.081586856009232100e-15,-1.701104313883143959e+01,1.011199776907403169e+01
1.788509941101074219e+01,1.571897115786839105e+00,-7.791343312841809698e-01,-1.586073653578482068e+00,6.433076998619419173e-14,2.923919786845807778e-14,-5.444039316571114284e-14,-2.126770981547565498e-15,-1.701104313883143604e+01,1.011199776907403169e+01
1.789684343338012695e+01,1.571897115786839105e+00,-7.791343312841809698e-01,-1.586073653578482068e+00,6.432915723546261955e-14,2.924787148583796181e-14,-5.444256157005611385e-14,-2.196078605423701369e-15,-1.701104313883143604e+01,1.011199776907403169e+01
1.790755963325500488e+01,1.571897115786839105e+00,-7.791343312841809698e-01,-1.586073653578482068e+00,6.432711080386205316e-14,2.925654510321784585e-14,-5.444472997440108486e-14,-2.192690473634684167e-15,-1.701104313883143604e+01,1.011199776907403169e+01
1.791806769371032715e+01,1.571897115786839105e+00,-7.791343312841809698e-01,-1.586073653578482068e+00,6.432590462894516303e-14,2.926521872059772988e-14,-5.444689837874605587e-14,-2.178731370663933298e-15,-1.701104313883143604e+01,1.011199776907403169e+01
1.793014049530029297e+01,1.571897115786839105e+00,-7.791343312841809698e-01,-1.586073653578482068e+00,6.432426477315927871e-14,2.927389233797761392e-14,-5.444906678309102688e-14,-2.175343238874916096e-15,-1.701104313883143604e+01,1.011199776907403169e+01
1.794550514221191406e+01,1.571897115786839105e+00,-7.791343312841809698e-01,-1.586073653578482068e+00,6.432427832568643478e-14,2.928256595535749796e-14,-5.445123518743599789e-14,-2.130159113336582699e-15,-1.701104313883143604e+01,1.011199776907403169e+01
1.795550370216369629e+01,1.571897115786839105e+00,-7.791343312841809698e-01,-1.586073653578482068e+00,6.432385819734459664e-14,2.929123957273738199e-14,-5.445340359178096890e-14,-2.126770981547565498e-15,-1.701104313883143604e+01,1.011199776907403169e+01
1.796959829330444336e+01,1.571897115786839105e+00,-7.791343312841809698e-01,-1.586073653578482068e+00,6.432441385095799546e-14,2.929991319011726603e-14,-5.445557199612593990e-14,-2.105872984672907400e-15,-1.701104313883143604e+01,1.011199776907403169e+01
1.797991466522216797e+01,1.571897115786839105e+00,-7.791343312841809698e-01,-1.586073653578482068e+00,6.432536252785892028e-14,2.928256595535749796e-14,-5.443171954833125881e-14,-2.060770174297510415e-15,-1.701104313883143959e+01,1.011199776907403169e+01
1.799113273620605469e+01,1.571897115786839105e+00,-7.791343312841809698e-01,-1.586073653578482068e+00,6.432631120475984510e-14,2.926521872059772988e-14,-5.440786710053657771e-14,-2.060770174297510415e-15,-1.701104313883143959e+01,1.011199776907403169e+01
1.800128674507141113e+01,1.571897115786839105e+00,-7.791343312841809698e-01,-1.586073653578482068e+00,6.432780198274701267e-14,2.926088191190778787e-14,-5.442304593095137477e-14,-2.036484045633835116e-15,-1.701104313883143959e+01,1.011199776907402992e+01
1.801047158241271973e+01,1.571897115786839105e+00,-7.791343312841809698e-01,-1.586073653578482068e+00,6.432929276073418023e-14,2.925654510321784585e-14,-5.443822476136617183e-14,-2.036484045633835116e-15,-1.701104313883143959e+01,1.011199776907402992e+01
1.802063512802124023e+01,1.571897115786839105e+00,-7.791343312841809698e-01,-1.586073653578482068e+00,6.433024143763510505e-14,2.925220829452790383e-14,-5.445340359178096890e-14,-2.060770174297510415e-15,-1.701104313883143959e+01,1.011199776907402992e+01
1.803147339820861816e+01,1.571897115786839105e+00,-7.791343312841809698e-01,-1.586073653578482068e+00,6.433119011453602987e-14,2.924787148583796181e-14,-5.446858242219576596e-14,-2.060770174297510415e-15,-1.701104313883143959e+01,1.011199776907402992e+01
1.804098701477050781e+01,1.571897115786839105e+00,-7.791343312841809698e-01,-1.586073653578482068e+00,6.433117656200887380e-14,2.925654510321784585e-14,-5.447075082654073697e-14,-2.109423746787797427e-15,-1.701104313883143604e+01,1.011199776907403169e+01
1.805041098594665527e+01,1.571897115786839105e+00,-7.791343312841809698e-01,-1.586073653578482068e+00,6.433159669035071193e-14,2.926521872059772988e-14,-5.447291923088570798e-14,-2.112811878576814628e-15,-1.701104313883143604e+01,1.011199776907403169e+01
1.806131243705749512e+01,1.571897115786839105e+00,-7.791343312841809698e-01,-1.586073653578482068e+00,6.433022788510794898e-14,2.927389233797761392e-14,-5.447508763523067898e-14,-2.164934898019055254e-15,-1.701104313883143604e+01,1.011199776907403169e+01
1.807131886482238770e+01,1.571897115786839105e+00,-7.791343312841809698e-01,-1.586073653578482068e+00,6.432929276073418023e-14,2.928256595535749796e-14,-5.447725603957564999e-14,-2.168323029808072455e-15,-1.701104313883143604e+01,1.011199776907403169e+01
1.808107280731201172e+01,1.571897115786839105e+00,-7.791343312841809698e-01,-1.586073653578482068e+00,6.432778843021985660e-14,2.929123957273738199e-14,-5.447942444392062100e-14,-2.171873791922962482e-15,-1.701104313883143604e+01,1.011199776907403169e+01
1.809235525131225586e+01,1.571897115786839105e+00,-7.791343312841809698e-01,-1.586073653578482068e+00,6.432671778057452716e-14,2.929991319011726603e-14,-5.448159284826559201e-14,-2.175261923711979684e-15,-1.701104313883143604e+01,1.011199776907403169e+01
1.810390257835388184e+01,1.571897115786839105e+00,-7.791343312841809698e-01,-1.586073653578482068e+00,6.432656870277581040e-14,2.930858680749715006e-14,-5.448376125261056302e-14,-2.116362640691704655e-15,-1.701104313883143604e+01,1.011199776907403169e+01
1.811646246910095215e+01,1.571897115786839105e+00,-7.791343312841809698e-01,-1.586073653578482068e+00,6.432641962497709365e-14,2.931726042487703410e-14,-5.448592965695553403e-14,-2.119750772480721857e-15,-1.701104313883143604e+01,1.011199776907403169e+01
1.812679791450500488e+01,1.571897115786839105e+00,-7.791343312841809698e-01,-1.586073653578482068e+00,6.432709725133489709e-14,2.929991319011726603e-14,-5.446207720916085293e-14,-2.071178515153371258e-15,-1.701104313883143959e+01,1.011199776907403169e+01
1.814111542701721191e+01,1.571897115786839105e+00,-7.791343312841809698e-01,-1.586073653578482068e+00,6.432885907986518603e-14,2.928256595535749796e-14,-5.443822476136617183e-14,-2.022606257826020659e-15,-1.701104313883143959e+01,1.011199776907403169e+01
1.815118503570556641e+01,1.571897115786839105e+00,-7.791343312841809698e-01,-1.586073653578482068e+00,6.433062090839547498e-14,2.926521872059772988e-14,-5.441437231357149074e-14,-2.022606257826020659e-15,-1.701104313883143959e+01,1.011199776907403169e+01
1.816598939895629883e+01,1.571897115786839105e+00,-7.791343312841809698e-01,-1.586073653578482068e+00,6.433251826219732461e-14,2.926088191190778787e-14,-5.442955114398628780e-14,-2.015667363922113431e-15,-1.701104313883143959e+01,1.011199776907402992e+01
1.817940902709960938e+01,1.571897115786839105e+00,-7.791343312841809698e-01,-1.586073653578482068e+00,6.433319588855512805e-14,2.925654510321784585e-14,-5.444472997440108486e-14,-2.071178515153371258e-15,-1.701104313883143959e+01,1.011199776907402992e+01
1.818839716911315918e+01,1.571897115786839105e+00,-7.791343312841809698e-01,-1.586073653578482068e+00,6.433387351491293149e-14,2.925220829452790383e-14,-5.445990880481588192e-14,-2.071178515153371258e-15,-1.701104313883143959e+01,1.011199776907402992e+01
1.819900417327880859e+01,1.571897115786839105e+00,-7.791343312841809698e-01,-1.586073653578482068e+00,6.433373798964137080e-14,2.924787148583796181e-14,-5.447508763523067898e-14,-2.105872984672907400e-15,-1.701104313883143959e+01,1.011199776907402992e+01
1.821017217636108398e+01,1.571897115786839105e+00,-7.791343312841809698e-01,-1.586073653578482068e+00,6.433360246436981011e-14,2.924353467714801980e-14,-5.449026646564547605e-14,-2.105872984672907400e-15,-1.701104313883143959e+01,1.011199776907402992e+01
1.822266411781311035e+01,1.571897115786839105e+00,-7.791343312841809698e-01,-1.586073653578482068e+00,6.433169155804080441e-14,2.925220829452790383e-14,-5.449243486999044705e-14,-2.189221026682730553e-15,-1.701104313883143604e+01,1.011199776907403169e+01
1.823716163635253906e+01,1.571897115786839105e+00,-7.791343312841809698e-01,-1.586073653578482068e+00,6.433016012247216864e-14,2.926088191190778787e-14,-5.449503695520441227e-14,-2.189221026682730553e-15,-1.701104313883143604e+01,1.011199776907403169e+01
1.825005197525024414e+01,1.571897115786839105e+00,-7.791343312841809698e-01,-1.586073653578482068e+00,6.432769356252976412e-14,2.927042289102566031e-14,-5.449763904041837748e-14,-2.220364734087376668e-15,-1.701104313883143604e+01,1.011199776907403169e+01
1.826153516769409180e+01,1.571897115786839105e+00,-7.791343312841809698e-01,-1.586073653578482068e+00,6.432564713092919773e-14,2.927909650840554434e-14,-5.449980744476334849e-14,-2.196078605423701369e-15,-1.701104313883143604e+01,1.011199776907403169e+01
1.827681088447570801e+01,1.571897115786839105e+00,-7.791343312841809698e-01,-1.586073653578482068e+00,6.432398017008900126e-14,2.928777012578542838e-14,-5.450240952997731370e-14,-2.196078605423701369e-15,-1.701104313883143604e+01,1.011199776907403169e+01
1.828748250007629395e+01,1.571897115786839105e+00,-7.791343312841809698e-01,-1.586073653578482068e+00,6.432247583957467763e-14,2.929644374316531241e-14,-5.450457793432228470e-14,-2.171873791922962482e-15,-1.701104313883143604e+01,1.011199776907403169e+01
1.830127930641174316e+01,1.571897115786839105e+00,-7.791343312841809698e-01,-1.586073653578482068e+00,6.432284175780789148e-14,2.930511736054519645e-14,-5.450718001953624992e-14,-2.109423746787797427e-15,-1.701104313883143604e+01,1.011199776907403169e+01
1.831396365165710449e+01,1.571897115786839105e+00,-7.791343312841809698e-01,-1.586073653578482068e+00,6.432295017802514003e-14,2.931465833966306889e-14,-5.450978210475021513e-14,-2.112811878576814628e-15,-1.701104313883143604e+01,1.011199776907403169e+01
1.832233929634094238e+01,1.571897115786839105e+00,-7.791343312841809698e-01,-1.586073653578482068e+00,6.432399372261615733e-14,2.932289827617395872e-14,-5.451238418996418034e-14,-2.081586856009232100e-15,-1.701104313883143604e+01,1.011199776907403169e+01
1.833298468589782715e+01,1.571897115786839105e+00,-7.791343312841809698e-01,-1.586073653578482068e+00,6.432465779644680470e-14,2.933157189355384276e-14,-5.451455259430915135e-14,-2.078198724220214899e-15,-1.701104313883143604e+01,1.011199776907403169e+01
1.834392046928405762e+01,1.571897115786839105e+00,-7.791343312841809698e-01,-1.586073653578482068e+00,6.432614857443397227e-14,2.931422465879407468e-14,-5.449070014651447025e-14,-2.036484045633835116e-15,-1.701104313883143959e+01,1.011199776907403169e+01
1.835593938827514648e+01,1.571897115786839105e+00,-7.791343312841809698e-01,-1.586073653578482068e+00,6.432763935242113984e-14,2.929687742403430661e-14,-5.446684769871978915e-14,-2.036484045633835116e-15,-1.701104313883143959e+01,1.011199776907403169e+01
1.836449575424194336e+01,1.571897115786839105e+00,-7.791343312841809698e-01,-1.586073653578482068e+00,6.433021433258079291e-14,2.927953018927453854e-14,-5.444299525092510805e-14,-1.987911788306484517e-15,-1.701104313883143959e+01,1.011199776907403169e+01
1.837355375289916992e+01,1.571897115786839105e+00,-7.791343312841809698e-01,-1.586073653578482068e+00,6.433278931274044599e-14,2.926218295451477047e-14,-5.441914280313042696e-14,-1.987911788306484517e-15,-1.701104313883143959e+01,1.011199776907403169e+01
1.838451838493347168e+01,1.571897115786839105e+00,-7.791343312841809698e-01,-1.586073653578482068e+00,6.433468666654229562e-14,2.924483571975500240e-14,-5.439529035533574586e-14,-2.015667363922113431e-15,-1.701104313883143959e+01,1.011199776907403169e+01
1.839348268508911133e+01,1.571897115786839105e+00,-7.791343312841809698e-01,-1.586073653578482068e+00,6.433509324235697768e-14,2.924049891106506038e-14,-5.441046918575054292e-14,-2.081586856009232100e-15,-1.701104313883143959e+01,1.011199776907402992e+01
1.840369868278503418e+01,1.571897115786839105e+00,-7.791343312841809698e-01,-1.586073653578482068e+00,6.433549981817165975e-14,2.923616210237511837e-14,-5.442564801616533998e-14,-2.081586856009232100e-15,-1.701104313883143959e+01,1.011199776907402992e+01
1.841309642791748047e+01,1.571897115786839105e+00,-7.791343312841809698e-01,-1.586073653578482068e+00,6.433440206347201817e-14,2.925784614582482845e-14,-5.446901610306476016e-14,-2.154445242000257998e-15,-1.701104313883143604e+01,1.011199776907402992e+01
1.842330217361450195e+01,1.571897115786839105e+00,-7.791343312841809698e-01,-1.586073653578482068e+00,6.433330430877237660e-14,2.927953018927453854e-14,-5.451238418996418034e-14,-2.151057110211240797e-15,-1.701104313883143604e+01,1.011199776907402992e+01
1.843525815010070801e+01,1.571897115786839105e+00,-7.791343312841809698e-01,-1.586073653578482068e+00,6.433196260858392579e-14,2.928820380665442258e-14,-5.451455259430915135e-14,-2.185670264567840526e-15,-1.701104313883143604e+01,1.011199776907403169e+01
1.844529151916503906e+01,1.571897115786839105e+00,-7.791343312841809698e-01,-1.586073653578482068e+00,6.433018722752648078e-14,2.929687742403430661e-14,-5.451672099865412235e-14,-2.182282132778823325e-15,-1.701104313883143604e+01,1.011199776907403169e+01
1.845601582527160645e+01,1.571897115786839105e+00,-7.791343312841809698e-01,-1.586073653578482068e+00,6.432965867896739409e-14,2.930555104141419065e-14,-5.451888940299909336e-14,-2.150975795048304384e-15,-1.701104313883143604e+01,1.011199776907403169e+01
1.847006773948669434e+01,1.571897115786839105e+00,-7.791343312841809698e-01,-1.586073653578482068e+00,6.432869644953931321e-14,2.931422465879407468e-14,-5.452105780734406437e-14,-2.147587663259287183e-15,-1.701104313883143604e+01,1.011199776907403169e+01
1.848059988021850586e+01,1.571897115786839105e+00,-7.791343312841809698e-01,-1.586073653578482068e+00,6.432883197481087389e-14,2.929687742403430661e-14,-5.449720535954938327e-14,-2.095464643817046557e-15,-1.701104313883143959e+01,1.011199776907403169e+01
1.849251437187194824e+01,1.571897115786839105e+00,-7.791343312841809698e-01,-1.586073653578482068e+00,6.432896750008243458e-14,2.927953018927453854e-14,-5.447335291175470218e-14,-2.095464643817046557e-15,-1.701104313883143959e+01,1.011199776907403169e+01
1.850257349014282227e+01,1.571897115786839105e+00,-7.791343312841809698e-01,-1.586073653578482068e+00,6.432978065171179871e-14,2.926218295451477047e-14,-5.444950046396002108e-14,-2.064239621249464030e-15,-1.701104313883143959e+01,1.011199776907403169e+01
1.851218557357788086e+01,1.571897115786839105e+00,-7.791343312841809698e-01,-1.586073653578482068e+00,6.433059380334116284e-14,2.924483571975500240e-14,-5.442564801616533998e-14,-2.064239621249464030e-15,-1.701104313883143959e+01,1.011199776907403169e+01
1.852321624755859375e+01,1.571897115786839105e+00,-7.791343312841809698e-01,-1.586073653578482068e+00,6.433086485388428422e-14,2.922748848499523433e-14,-5.440179556837065888e-14,-2.088525749913139329e-15,-1.701104313883143959e+01,1.011199776907403169e+01
1.853606271743774414e+01,1.571897115786839105e+00,-7.791343312841809698e-01,-1.586073653578482068e+00,6.433113590442740559e-14,2.921014125023546626e-14,-5.437794312057597779e-14,-2.088525749913139329e-15,-1.701104313883143959e+01,1.011199776907403169e+01
1.854822158813476562e+01,1.571897115786839105e+00,-7.791343312841809698e-01,-1.586073653578482068e+00,6.433058025081400677e-14,2.921881486761535029e-14,-5.438011152492094880e-14,-2.137098007240489927e-15,-1.701104313883143604e+01,1.011199776907403169e+01
1.855928254127502441e+01,1.571897115786839105e+00,-7.791343312841809698e-01,-1.586073653578482068e+00,6.432839829394187969e-14,2.922748848499523433e-14,-5.438227992926591980e-14,-2.199629367538591396e-15,-1.701104313883143604e+01,1.011199776907403169e+01
1.856890368461608887e+01,1.571897115786839105e+00,-7.791343312841809698e-01,-1.586073653578482068e+00,6.432665001793874682e-14,2.923616210237511837e-14,-5.438444833361089081e-14,-2.203017499327608597e-15,-1.701104313883143604e+01,1.011199776907403169e+01
1.857904791831970215e+01,1.571897115786839105e+00,-7.791343312841809698e-01,-1.586073653578482068e+00,6.432446806106661974e-14,2.924483571975500240e-14,-5.438661673795586182e-14,-2.199629367538591396e-15,-1.701104313883143604e+01,1.011199776907403169e+01
1.859252595901489258e+01,1.571897115786839105e+00,-7.791343312841809698e-01,-1.586073653578482068e+00,6.432271978506348686e-14,2.925350933713488644e-14,-5.438878514230083283e-14,-2.203017499327608597e-15,-1.701104313883143604e+01,1.011199776907403169e+01
1.860753107070922852e+01,1.571897115786839105e+00,-7.791343312841809698e-01,-1.586073653578482068e+00,6.432216413145008804e-14,2.927519338058459653e-14,-5.443215322920025301e-14,-2.133709875451472726e-15,-1.701104313883143604e+01,1.011199776907402992e+01
1.862358903884887695e+01,1.571897115786839105e+00,-7.791343312841809698e-01,-1.586073653578482068e+00,6.432271978506348686e-14,2.929687742403430661e-14,-5.447552131609967319e-14,-2.105872984672907400e-15,-1.701104313883143604e+01,1.011199776907402992e+01
1.863646554946899414e+01,1.571897115786839105e+00,-7.791343312841809698e-01,-1.586073653578482068e+00,6.432284175780789148e-14,2.931856146748401670e-14,-5.451888940299909336e-14,-2.102484852883890198e-15,-1.701104313883143604e+01,1.011199776907402992e+01
1.865034341812133789e+01,1.571897115786839105e+00,-7.791343312841809698e-01,-1.586073653578482068e+00,6.432393951250753306e-14,2.934024551093372679e-14,-5.456225748989851354e-14,-2.081586856009232100e-15,-1.701104313883143604e+01,1.011199776907402992e+01
1.866244411468505859e+01,1.571897115786839105e+00,-7.791343312841809698e-01,-1.586073653578482068e+00,6.432556581576626131e-14,2.932289827617395872e-14,-5.453840504210383244e-14,-2.029545151729927888e-15,-1.701104313883143959e+01,1.011199776907403169e+01
1.867562508583068848e+01,1.571897115786839105e+00,-7.791343312841809698e-01,-1.586073653578482068e+00,6.432719211902498957e-14,2.930555104141419065e-14,-5.451455259430915135e-14,-2.029545151729927888e-15,-1.701104313883143959e+01,1.011199776907403169e+01
1.868433070182800293e+01,1.571897115786839105e+00,-7.791343312841809698e-01,-1.586073653578482068e+00,6.432922499809839989e-14,2.928820380665442258e-14,-5.449070014651447025e-14,-2.012197916970159817e-15,-1.701104313883143959e+01,1.011199776907403169e+01
1.869438004493713379e+01,1.571897115786839105e+00,-7.791343312841809698e-01,-1.586073653578482068e+00,6.433125787717181021e-14,2.927085657189465451e-14,-5.446684769871978915e-14,-2.012197916970159817e-15,-1.701104313883143959e+01,1.011199776907403169e+01
1.870436978340148926e+01,1.571897115786839105e+00,-7.791343312841809698e-01,-1.586073653578482068e+00,6.433261312988741709e-14,2.925350933713488644e-14,-5.444299525092510805e-14,-2.039953492585788730e-15,-1.701104313883143959e+01,1.011199776907403169e+01
1.871522259712219238e+01,1.571897115786839105e+00,-7.791343312841809698e-01,-1.586073653578482068e+00,6.433247760461585640e-14,2.923616210237511837e-14,-5.441914280313042696e-14,-2.105872984672907400e-15,-1.701104313883143959e+01,1.011199776907403169e+01
1.872540807723999023e+01,1.571897115786839105e+00,-7.791343312841809698e-01,-1.586073653578482068e+00,6.433234207934429572e-14,2.921881486761535029e-14,-5.439529035533574586e-14,-2.105872984672907400e-15,-1.701104313883143959e+01,1.011199776907403169e+01
1.874375963211059570e+01,1.571897115786839105e+00,-7.791343312841809698e-01,-1.586073653578482068e+00,6.433110879937309345e-14,2.922748848499523433e-14,-5.439745875968071687e-14,-2.157996004115148025e-15,-1.701104313883143604e+01,1.011199776907403169e+01
1.875891780853271484e+01,1.571897115786839105e+00,-7.791343312841809698e-01,-1.586073653578482068e+00,6.433025499016226112e-14,2.923616210237511837e-14,-5.440006084489468208e-14,-2.157996004115148025e-15,-1.701104313883143604e+01,1.011199776907403169e+01
1.877211642265319824e+01,1.571897115786839105e+00,-7.791343312841809698e-01,-1.586073653578482068e+00,6.432819500603453866e-14,2.924570308149299080e-14,-5.440266293010864729e-14,-2.203017499327608597e-15,-1.701104313883143604e+01,1.011199776907403169e+01
1.878114295005798340e+01,1.571897115786839105e+00,-7.791343312841809698e-01,-1.586073653578482068e+00,6.432652804519434220e-14,2.925394301800388064e-14,-5.440526501532261250e-14,-2.196078605423701369e-15,-1.701104313883143604e+01,1.011199776907403169e+01
1.879114961624145508e+01,1.571897115786839105e+00,-7.791343312841809698e-01,-1.586073653578482068e+00,6.432448161359377581e-14,2.926261663538376467e-14,-5.440743341966758351e-14,-2.192690473634684167e-15,-1.701104313883143604e+01,1.011199776907403169e+01
1.880253195762634277e+01,1.571897115786839105e+00,-7.791343312841809698e-01,-1.586073653578482068e+00,6.432368201449156775e-14,2.928430067883347476e-14,-5.445080150656700368e-14,-2.161384135904165227e-15,-1.701104313883143604e+01,1.011199776907402992e+01
1.881235122680664062e+01,1.571897115786839105e+00,-7.791343312841809698e-01,-1.586073653578482068e+00,6.432244873452036549e-14,2.930598472228318485e-14,-5.449416959346642386e-14,-2.161384135904165227e-15,-1.701104313883143604e+01,1.011199776907402992e+01
1.882099342346191406e+01,1.571897115786839105e+00,-7.791343312841809698e-01,-1.586073653578482068e+00,6.432300438813376431e-14,2.932766876573289494e-14,-5.453753768036584404e-14,-2.105872984672907400e-15,-1.701104313883143604e+01,1.011199776907402992e+01
1.883182954788208008e+01,1.571897115786839105e+00,-7.791343312841809698e-01,-1.586073653578482068e+00,6.432312636087816893e-14,2.934935280918260503e-14,-5.458090576726526422e-14,-2.105872984672907400e-15,-1.701104313883143604e+01,1.011199776907402992e+01
1.884018182754516602e+01,1.571897115786839105e+00,-7.791343312841809698e-01,-1.586073653578482068e+00,6.432434608832221512e-14,2.933200557442283696e-14,-5.455705331947058312e-14,-2.046892386489695959e-15,-1.701104313883143959e+01,1.011199776907403169e+01
1.885097980499267578e+01,1.571897115786839105e+00,-7.791343312841809698e-01,-1.586073653578482068e+00,6.432556581576626131e-14,2.931465833966306889e-14,-5.453320087167590202e-14,-2.046892386489695959e-15,-1.701104313883143959e+01,1.011199776907403169e+01
1.886055397987365723e+01,1.571897115786839105e+00,-7.791343312841809698e-01,-1.586073653578482068e+00,6.432786974538279301e-14,2.929731110490330082e-14,-5.450934842388122092e-14,-1.998320129162345360e-15,-1.701104313883143959e+01,1.011199776907403169e+01
1.887081170082092285e+01,1.571897115786839105e+00,-7.791343312841809698e-01,-1.586073653578482068e+00,6.433017367499932471e-14,2.927996387014353274e-14,-5.448549597608653983e-14,-1.998320129162345360e-15,-1.701104313883143959e+01,1.011199776907403169e+01
1.888058161735534668e+01,1.571897115786839105e+00,-7.791343312841809698e-01,-1.586073653578482068e+00,6.433207102880117434e-14,2.926261663538376467e-14,-5.446164352829185873e-14,-2.015667363922113431e-15,-1.701104313883143959e+01,1.011199776907403169e+01
1.889100790023803711e+01,1.571897115786839105e+00,-7.791343312841809698e-01,-1.586073653578482068e+00,6.433396838260302397e-14,2.924526940062399660e-14,-5.443779108049717763e-14,-2.015667363922113431e-15,-1.701104313883143959e+01,1.011199776907403169e+01
1.890098547935485840e+01,1.571897115786839105e+00,-7.791343312841809698e-01,-1.586073653578482068e+00,6.433437495841770604e-14,2.922792216586422853e-14,-5.441393863270249653e-14,-2.081586856009232100e-15,-1.701104313883143959e+01,1.011199776907403169e+01
1.891149067878723145e+01,1.571897115786839105e+00,-7.791343312841809698e-01,-1.586073653578482068e+00,6.433478153423238810e-14,2.921057493110446046e-14,-5.439008618490781544e-14,-2.081586856009232100e-15,-1.701104313883143959e+01,1.011199776907403169e+01
1.892164969444274902e+01,1.571897115786839105e+00,-7.791343312841809698e-01,-1.586073653578482068e+00,6.433354825426118584e-14,2.921924854848434450e-14,-5.439225458925278645e-14,-2.161384135904165227e-15,-1.701104313883143604e+01,1.011199776907403169e+01
1.893230676651000977e+01,1.571897115786839105e+00,-7.791343312841809698e-01,-1.586073653578482068e+00,6.433231497428998358e-14,2.922792216586422853e-14,-5.439442299359775745e-14,-2.157996004115148025e-15,-1.701104313883143604e+01,1.011199776907403169e+01
1.894494128227233887e+01,1.571897115786839105e+00,-7.791343312841809698e-01,-1.586073653578482068e+00,6.433002459720060795e-14,2.923659578324411257e-14,-5.439659139794272846e-14,-2.227303627991283896e-15,-1.701104313883143604e+01,1.011199776907403169e+01
1.895451712608337402e+01,1.571897115786839105e+00,-7.791343312841809698e-01,-1.586073653578482068e+00,6.432730053924223812e-14,2.924526940062399660e-14,-5.439875980228769947e-14,-2.223915496202266695e-15,-1.701104313883143604e+01,1.011199776907403169e+01
1.896592760086059570e+01,1.571897115786839105e+00,-7.791343312841809698e-01,-1.586073653578482068e+00,6.432522700258735959e-14,2.925394301800388064e-14,-5.440136188750166468e-14,-2.213507155346405852e-15,-1.701104313883143604e+01,1.011199776907403169e+01
1.897787547111511230e+01,1.571897115786839105e+00,-7.791343312841809698e-01,-1.586073653578482068e+00,6.432425122063212264e-14,2.927649442319157913e-14,-5.444516365527007906e-14,-2.154445242000257998e-15,-1.701104313883143604e+01,1.011199776907402992e+01
1.899177765846252441e+01,1.571897115786839105e+00,-7.791343312841809698e-01,-1.586073653578482068e+00,6.432315346593248107e-14,2.929817846664128922e-14,-5.448853174216949924e-14,-2.154445242000257998e-15,-1.701104313883143604e+01,1.011199776907402992e+01
1.900505137443542480e+01,1.571897115786839105e+00,-7.791343312841809698e-01,-1.586073653578482068e+00,6.432379043470881630e-14,2.931986251009099931e-14,-5.453233350993791362e-14,-2.102403537720953786e-15,-1.701104313883143604e+01,1.011199776907402992e+01
1.901659846305847168e+01,1.571897115786839105e+00,-7.791343312841809698e-01,-1.586073653578482068e+00,6.432448161359377581e-14,2.934154655354070940e-14,-5.457570159683733380e-14,-2.102403537720953786e-15,-1.701104313883143604e+01,1.011199776907402992e+01
1.902677559852600098e+01,1.571897115786839105e+00,-7.791343312841809698e-01,-1.586073653578482068e+00,6.432515923995157925e-14,2.932419931878094133e-14,-5.455184914904265270e-14,-2.071178515153371258e-15,-1.701104313883143959e+01,1.011199776907403169e+01
1.903701806068420410e+01,1.571897115786839105e+00,-7.791343312841809698e-01,-1.586073653578482068e+00,6.432692106848186819e-14,2.930685208402117325e-14,-5.452799670124797160e-14,-2.022606257826020659e-15,-1.701104313883143959e+01,1.011199776907403169e+01
1.904580116271972656e+01,1.571897115786839105e+00,-7.791343312841809698e-01,-1.586073653578482068e+00,6.432868289701215714e-14,2.928950484926140518e-14,-5.450414425345329050e-14,-2.022606257826020659e-15,-1.701104313883143959e+01,1.011199776907403169e+01
1.905572628974914551e+01,1.571897115786839105e+00,-7.791343312841809698e-01,-1.586073653578482068e+00,6.433003814972776402e-14,2.927215761450163711e-14,-5.448029180565860941e-14,-2.039953492585788730e-15,-1.701104313883143959e+01,1.011199776907403169e+01
1.906906723976135254e+01,1.571897115786839105e+00,-7.791343312841809698e-01,-1.586073653578482068e+00,6.433139340244337090e-14,2.925481037974186904e-14,-5.445643935786392831e-14,-2.039953492585788730e-15,-1.701104313883143959e+01,1.011199776907403169e+01
1.907896256446838379e+01,1.571897115786839105e+00,-7.791343312841809698e-01,-1.586073653578482068e+00,6.433151537518777552e-14,2.926348399712175308e-14,-5.445860776220889932e-14,-2.105872984672907400e-15,-1.701104313883143604e+01,1.011199776907403169e+01
1.909062075614929199e+01,1.571897115786839105e+00,-7.791343312841809698e-01,-1.586073653578482068e+00,6.433207102880117434e-14,2.927215761450163711e-14,-5.446077616655387033e-14,-2.105872984672907400e-15,-1.701104313883143604e+01,1.011199776907403169e+01
1.909895777702331543e+01,1.571897115786839105e+00,-7.791343312841809698e-01,-1.586073653578482068e+00,6.433154248024208766e-14,2.928083123188152115e-14,-5.446294457089884133e-14,-2.150975795048304384e-15,-1.701104313883143604e+01,1.011199776907403169e+01
1.910875773429870605e+01,1.571897115786839105e+00,-7.791343312841809698e-01,-1.586073653578482068e+00,6.433101393168300097e-14,2.928950484926140518e-14,-5.446511297524381234e-14,-2.150975795048304384e-15,-1.701104313883143604e+01,1.011199776907403169e+01
1.911814785003662109e+01,1.571897115786839105e+00,-7.791343312841809698e-01,-1.586073653578482068e+00,6.433129853475327842e-14,2.929817846664128922e-14,-5.446728137958878335e-14,-2.119750772480721857e-15,-1.701104313883143604e+01,1.011199776907403169e+01
1.912850260734558105e+01,1.571897115786839105e+00,-7.791343312841809698e-01,-1.586073653578482068e+00,6.433158313782355586e-14,2.930685208402117325e-14,-5.446944978393375436e-14,-2.119750772480721857e-15,-1.701104313883143604e+01,1.011199776907403169e+01
1.913881921768188477e+01,1.571897115786839105e+00,-7.791343312841809698e-01,-1.586073653578482068e+00,6.433212523890979861e-14,2.928950484926140518e-14,-5.444559733613907326e-14,-2.078117409057278486e-15,-1.701104313883143959e+01,1.011199776907403169e+01
1.914760851860046387e+01,1.571897115786839105e+00,-7.791343312841809698e-01,-1.586073653578482068e+00,6.433266733999604137e-14,2.927215761450163711e-14,-5.442174488834439217e-14,-2.078117409057278486e-15,-1.701104313883143959e+01,1.011199776907403169e+01
1.915812659263610840e+01,1.571897115786839105e+00,-7.791343312841809698e-01,-1.586073653578482068e+00,6.433361601689696618e-14,2.926782080581169510e-14,-5.443692371875918923e-14,-2.060770174297510415e-15,-1.701104313883143959e+01,1.011199776907402992e+01
1.916840791702270508e+01,1.571897115786839105e+00,-7.791343312841809698e-01,-1.586073653578482068e+00,6.433456469379789100e-14,2.926348399712175308e-14,-5.445210254917398629e-14,-2.060770174297510415e-15,-1.701104313883143959e+01,1.011199776907402992e+01
1.917747592926025391e+01,1.571897115786839105e+00,-7.791343312841809698e-01,-1.586073653578482068e+00,6.433456469379789100e-14,2.925914718843181106e-14,-5.446728137958878335e-14,-2.102403537720953786e-15,-1.701104313883143959e+01,1.011199776907402992e+01
1.918749547004699707e+01,1.571897115786839105e+00,-7.791343312841809698e-01,-1.586073653578482068e+00,6.433456469379789100e-14,2.925481037974186904e-14,-5.448246021000358041e-14,-2.102403537720953786e-15,-1.701104313883143959e+01,1.011199776907402992e+01
1.919773983955383301e+01,1.571897115786839105e+00,-7.791343312841809698e-01,-1.586073653578482068e+00,6.433346693909824943e-14,2.926348399712175308e-14,-5.448462861434855142e-14,-2.154445242000257998e-15,-1.701104313883143604e+01,1.011199776907403169e+01
1.920868468284606934e+01,1.571897115786839105e+00,-7.791343312841809698e-01,-1.586073653578482068e+00,6.433236918439860785e-14,2.927215761450163711e-14,-5.448679701869352243e-14,-2.151057110211240797e-15,-1.701104313883143604e+01,1.011199776907403169e+01
1.921805882453918457e+01,1.571897115786839105e+00,-7.791343312841809698e-01,-1.586073653578482068e+00,6.433102748421015704e-14,2.928083123188152115e-14,-5.448896542303849344e-14,-2.185670264567840526e-15,-1.701104313883143604e+01,1.011199776907403169e+01
1.922869825363159180e+01,1.571897115786839105e+00,-7.791343312841809698e-01,-1.586073653578482068e+00,6.432925210315271203e-14,2.928950484926140518e-14,-5.449113382738346445e-14,-2.182282132778823325e-15,-1.701104313883143604e+01,1.011199776907403169e+01
1.923850917816162109e+01,1.571897115786839105e+00,-7.791343312841809698e-01,-1.586073653578482068e+00,6.432872355459362534e-14,2.929817846664128922e-14,-5.449330223172843546e-14,-2.150975795048304384e-15,-1.701104313883143604e+01,1.011199776907403169e+01
1.924753952026367188e+01,1.571897115786839105e+00,-7.791343312841809698e-01,-1.586073653578482068e+00,6.432776132516554446e-14,2.930685208402117325e-14,-5.449547063607340647e-14,-2.147587663259287183e-15,-1.701104313883143604e+01,1.011199776907403169e+01
1.925799679756164551e+01,1.571897115786839105e+00,-7.791343312841809698e-01,-1.586073653578482068e+00,6.432789685043710515e-14,2.928950484926140518e-14,-5.447161818827872537e-14,-2.095464643817046557e-15,-1.701104313883143959e+01,1.011199776907403169e+01
1.926801300048828125e+01,1.571897115786839105e+00,-7.791343312841809698e-01,-1.586073653578482068e+00,6.432803237570866584e-14,2.927215761450163711e-14,-5.444776574048404427e-14,-2.095464643817046557e-15,-1.701104313883143959e+01,1.011199776907403169e+01
1.927762389183044434e+01,1.571897115786839105e+00,-7.791343312841809698e-01,-1.586073653578482068e+00,6.432884552733802996e-14,2.925481037974186904e-14,-5.442391329268936317e-14,-2.064239621249464030e-15,-1.701104313883143959e+01,1.011199776907403169e+01
1.928766751289367676e+01,1.571897115786839105e+00,-7.791343312841809698e-01,-1.586073653578482068e+00,6.432965867896739409e-14,2.923746314498210097e-14,-5.440006084489468208e-14,-2.064239621249464030e-15,-1.701104313883143959e+01,1.011199776907403169e+01
1.929841852188110352e+01,1.571897115786839105e+00,-7.791343312841809698e-01,-1.586073653578482068e+00,6.432978065171179871e-14,2.924613676236198501e-14,-5.440222924923965309e-14,-2.105872984672907400e-15,-1.701104313883143604e+01,1.011199776907403169e+01
1.930855727195739746e+01,1.571897115786839105e+00,-7.791343312841809698e-01,-1.586073653578482068e+00,6.433033630532519753e-14,2.925481037974186904e-14,-5.440439765358462409e-14,-2.105872984672907400e-15,-1.701104313883143604e+01,1.011199776907403169e+01
1.931784129142761230e+01,1.571897115786839105e+00,-7.791343312841809698e-01,-1.586073653578482068e+00,6.433021433258079291e-14,2.927649442319157913e-14,-5.444776574048404427e-14,-2.137098007240489927e-15,-1.701104313883143604e+01,1.011199776907402992e+01
1.932802534103393555e+01,1.571897115786839105e+00,-7.791343312841809698e-01,-1.586073653578482068e+00,6.433009235983638829e-14,2.929817846664128922e-14,-5.449113382738346445e-14,-2.137098007240489927e-15,-1.701104313883143604e+01,1.011199776907402992e+01
1.933843302726745605e+01,1.571897115786839105e+00,-7.791343312841809698e-01,-1.586073653578482068e+00,6.433064801344978711e-14,2.931986251009099931e-14,-5.453450191428288463e-14,-2.105872984672907400e-15,-1.701104313883143604e+01,1.011199776907402992e+01
1.935043621063232422e+01,1.571897115786839105e+00,-7.791343312841809698e-01,-1.586073653578482068e+00,6.433120366706318594e-14,2.934154655354070940e-14,-5.457787000118230480e-14,-2.105872984672907400e-15,-1.701104313883143604e+01,1.011199776907402992e+01
1.935911107063293457e+01,1.571897115786839105e+00,-7.791343312841809698e-01,-1.586073653578482068e+00,6.433188129342098938e-14,2.932419931878094133e-14,-5.455401755338762371e-14,-2.071178515153371258e-15,-1.701104313883143959e+01,1.011199776907403169e+01
1.936787104606628418e+01,1.571897115786839105e+00,-7.791343312841809698e-01,-1.586073653578482068e+00,6.433255891977879282e-14,2.930685208402117325e-14,-5.453016510559294261e-14,-2.071178515153371258e-15,-1.701104313883143959e+01,1.011199776907403169e+01
1.937866449356079102e+01,1.571897115786839105e+00,-7.791343312841809698e-01,-1.586073653578482068e+00,6.433364312195127832e-14,2.928950484926140518e-14,-5.450631265779826151e-14,-2.053831280393603187e-15,-1.701104313883143959e+01,1.011199776907403169e+01
1.938817214965820312e+01,1.571897115786839105e+00,-7.791343312841809698e-01,-1.586073653578482068e+00,6.433472732412376383e-14,2.927215761450163711e-14,-5.448246021000358041e-14,-2.053831280393603187e-15,-1.701104313883143959e+01,1.011199776907403169e+01
1.939759111404418945e+01,1.571897115786839105e+00,-7.791343312841809698e-01,-1.586073653578482068e+00,6.433486284939532451e-14,2.925481037974186904e-14,-5.445860776220889932e-14,-2.095464643817046557e-15,-1.701104313883143959e+01,1.011199776907403169e+01
1.940725588798522949e+01,1.571897115786839105e+00,-7.791343312841809698e-01,-1.586073653578482068e+00,6.433499837466688520e-14,2.923746314498210097e-14,-5.443475531441421822e-14,-2.095464643817046557e-15,-1.701104313883143959e+01,1.011199776907403169e+01
1.941801333427429199e+01,1.571897115786839105e+00,-7.791343312841809698e-01,-1.586073653578482068e+00,6.433390061996724363e-14,2.924613676236198501e-14,-5.443692371875918923e-14,-2.154445242000257998e-15,-1.701104313883143604e+01,1.011199776907403169e+01
1.942846393585205078e+01,1.571897115786839105e+00,-7.791343312841809698e-01,-1.586073653578482068e+00,6.433280286526760205e-14,2.925481037974186904e-14,-5.443909212310416024e-14,-2.151057110211240797e-15,-1.701104313883143604e+01,1.011199776907403169e+01
1.943750762939453125e+01,1.571897115786839105e+00,-7.791343312841809698e-01,-1.586073653578482068e+00,6.433146116507915124e-14,2.926348399712175308e-14,-5.444126052744913125e-14,-2.185670264567840526e-15,-1.701104313883143604e+01,1.011199776907403169e+01
1.944854569435119629e+01,1.571897115786839105e+00,-7.791343312841809698e-01,-1.586073653578482068e+00,6.432968578402170623e-14,2.927215761450163711e-14,-5.444342893179410225e-14,-2.182282132778823325e-15,-1.701104313883143604e+01,1.011199776907403169e+01
1.945936679840087891e+01,1.571897115786839105e+00,-7.791343312841809698e-01,-1.586073653578482068e+00,6.432902171019105886e-14,2.928083123188152115e-14,-5.444559733613907326e-14,-2.154445242000257998e-15,-1.701104313883143604e+01,1.011199776907403169e+01
1.946823859214782715e+01,1.571897115786839105e+00,-7.791343312841809698e-01,-1.586073653578482068e+00,6.432792395549141728e-14,2.928950484926140518e-14,-5.444776574048404427e-14,-2.151057110211240797e-15,-1.701104313883143604e+01,1.011199776907403169e+01
1.947844076156616211e+01,1.571897115786839105e+00,-7.791343312841809698e-01,-1.586073653578482068e+00,6.432792395549141728e-14,2.927215761450163711e-14,-5.442391329268936317e-14,-2.102403537720953786e-15,-1.701104313883143959e+01,1.011199776907403169e+01
1.948818302154541016e+01,1.571897115786839105e+00,-7.791343312841809698e-01,-1.586073653578482068e+00,6.432792395549141728e-14,2.925481037974186904e-14,-5.440006084489468208e-14,-2.102403537720953786e-15,-1.701104313883143959e+01,1.011199776907403169e+01
1.949792003631591797e+01,1.571897115786839105e+00,-7.791343312841809698e-01,-1.586073653578482068e+00,6.432860158184922073e-14,2.925047357105192702e-14,-5.441523967530947914e-14,-2.071178515153371258e-15,-1.701104313883143959e+01,1.011199776907402992e+01
1.950800371170043945e+01,1.571897115786839105e+00,-7.791343312841809698e-01,-1.586073653578482068e+00,6.432927920820702417e-14,2.924613676236198501e-14,-5.443041850572427620e-14,-2.071178515153371258e-15,-1.701104313883143959e+01,1.011199776907402992e+01
1.951795721054077148e+01,1.571897115786839105e+00,-7.791343312841809698e-01,-1.586073653578482068e+00,6.432940118095142878e-14,2.926782080581169510e-14,-5.447378659262369638e-14,-2.105872984672907400e-15,-1.701104313883143604e+01,1.011199776907402992e+01
1.952784323692321777e+01,1.571897115786839105e+00,-7.791343312841809698e-01,-1.586073653578482068e+00,6.432952315369583340e-14,2.928950484926140518e-14,-5.451715467952311656e-14,-2.102484852883890198e-15,-1.701104313883143604e+01,1.011199776907402992e+01
1.953917360305786133e+01,1.571897115786839105e+00,-7.791343312841809698e-01,-1.586073653578482068e+00,6.432899460513674672e-14,2.929817846664128922e-14,-5.451932308386808756e-14,-2.150975795048304384e-15,-1.701104313883143604e+01,1.011199776907403169e+01
1.954850316047668457e+01,1.571897115786839105e+00,-7.791343312841809698e-01,-1.586073653578482068e+00,6.432803237570866584e-14,2.930685208402117325e-14,-5.452149148821305857e-14,-2.147587663259287183e-15,-1.701104313883143604e+01,1.011199776907403169e+01
1.955845522880554199e+01,1.571897115786839105e+00,-7.791343312841809698e-01,-1.586073653578482068e+00,6.432845250405050397e-14,2.931552570140105729e-14,-5.452365989255802958e-14,-2.112811878576814628e-15,-1.701104313883143604e+01,1.011199776907403169e+01
1.956847858428955078e+01,1.571897115786839105e+00,-7.791343312841809698e-01,-1.586073653578482068e+00,6.432843895152334790e-14,2.932419931878094133e-14,-5.452582829690300059e-14,-2.109423746787797427e-15,-1.701104313883143604e+01,1.011199776907403169e+01
1.957883262634277344e+01,1.571897115786839105e+00,-7.791343312841809698e-01,-1.586073653578482068e+00,6.432925210315271203e-14,2.930685208402117325e-14,-5.450197584910831949e-14,-2.064239621249464030e-15,-1.701104313883143959e+01,1.011199776907403169e+01
1.958768224716186523e+01,1.571897115786839105e+00,-7.791343312841809698e-01,-1.586073653578482068e+00,6.433006525478207616e-14,2.928950484926140518e-14,-5.447812340131363840e-14,-2.064239621249464030e-15,-1.701104313883143959e+01,1.011199776907403169e+01
1.959853816032409668e+01,1.571897115786839105e+00,-7.791343312841809698e-01,-1.586073653578482068e+00,6.433142050749768304e-14,2.927215761450163711e-14,-5.445427095351895730e-14,-2.039953492585788730e-15,-1.701104313883143959e+01,1.011199776907403169e+01
1.960799384117126465e+01,1.571897115786839105e+00,-7.791343312841809698e-01,-1.586073653578482068e+00,6.433277576021328992e-14,2.925481037974186904e-14,-5.443041850572427620e-14,-2.039953492585788730e-15,-1.701104313883143959e+01,1.011199776907403169e+01
1.961806559562683105e+01,1.571897115786839105e+00,-7.791343312841809698e-01,-1.586073653578482068e+00,6.433291128548485061e-14,2.923746314498210097e-14,-5.440656605792959510e-14,-2.095464643817046557e-15,-1.701104313883143959e+01,1.011199776907403169e+01
1.962855124473571777e+01,1.571897115786839105e+00,-7.791343312841809698e-01,-1.586073653578482068e+00,6.433304681075641129e-14,2.922011591022233290e-14,-5.438271361013491401e-14,-2.095464643817046557e-15,-1.701104313883143959e+01,1.011199776907403169e+01
1.963749933242797852e+01,1.571897115786839105e+00,-7.791343312841809698e-01,-1.586073653578482068e+00,6.433194905605676972e-14,2.922878952760221694e-14,-5.438488201447988502e-14,-2.154445242000257998e-15,-1.701104313883143604e+01,1.011199776907403169e+01
1.964781951904296875e+01,1.571897115786839105e+00,-7.791343312841809698e-01,-1.586073653578482068e+00,6.433085130135712815e-14,2.923746314498210097e-14,-5.438705041882485602e-14,-2.151057110211240797e-15,-1.701104313883143604e+01,1.011199776907403169e+01
1.965731573104858398e+01,1.571897115786839105e+00,-7.791343312841809698e-01,-1.586073653578482068e+00,6.432937407589711665e-14,2.925914718843181106e-14,-5.443041850572427620e-14,-2.192609158471747755e-15,-1.701104313883143604e+01,1.011199776907402992e+01
1.966743326187133789e+01,1.571897115786839105e+00,-7.791343312841809698e-01,-1.586073653578482068e+00,6.432746316956811095e-14,2.928083123188152115e-14,-5.447378659262369638e-14,-2.189221026682730553e-15,-1.701104313883143604e+01,1.011199776907402992e+01
1.967769861221313477e+01,1.571897115786839105e+00,-7.791343312841809698e-01,-1.586073653578482068e+00,6.432693462100902426e-14,2.930251527533123124e-14,-5.451715467952311656e-14,-2.150975795048304384e-15,-1.701104313883143604e+01,1.011199776907402992e+01
1.968873500823974609e+01,1.571897115786839105e+00,-7.791343312841809698e-01,-1.586073653578482068e+00,6.432597239158094338e-14,2.932419931878094133e-14,-5.456052276642253673e-14,-2.147587663259287183e-15,-1.701104313883143604e+01,1.011199776907402992e+01
1.969758844375610352e+01,1.571897115786839105e+00,-7.791343312841809698e-01,-1.586073653578482068e+00,6.432624344212406475e-14,2.930685208402117325e-14,-5.453667031862785564e-14,-2.088525749913139329e-15,-1.701104313883143959e+01,1.011199776907403169e+01
1.970728111267089844e+01,1.571897115786839105e+00,-7.791343312841809698e-01,-1.586073653578482068e+00,6.432651449266718613e-14,2.928950484926140518e-14,-5.451281787083317454e-14,-2.088525749913139329e-15,-1.701104313883143959e+01,1.011199776907403169e+01
1.971743679046630859e+01,1.571897115786839105e+00,-7.791343312841809698e-01,-1.586073653578482068e+00,6.432732764429655026e-14,2.927215761450163711e-14,-5.448896542303849344e-14,-2.064239621249464030e-15,-1.701104313883143959e+01,1.011199776907403169e+01
1.972880363464355469e+01,1.571897115786839105e+00,-7.791343312841809698e-01,-1.586073653578482068e+00,6.432814079592591439e-14,2.925481037974186904e-14,-5.446511297524381234e-14,-2.064239621249464030e-15,-1.701104313883143959e+01,1.011199776907403169e+01
1.973812699317932129e+01,1.571897115786839105e+00,-7.791343312841809698e-01,-1.586073653578482068e+00,6.432826276867031901e-14,2.926348399712175308e-14,-5.446728137958878335e-14,-2.105872984672907400e-15,-1.701104313883143604e+01,1.011199776907403169e+01
1.974772977828979492e+01,1.571897115786839105e+00,-7.791343312841809698e-01,-1.586073653578482068e+00,6.432838474141472362e-14,2.927215761450163711e-14,-5.446944978393375436e-14,-2.102484852883890198e-15,-1.701104313883143604e+01,1.011199776907403169e+01
1.975704312324523926e+01,1.571897115786839105e+00,-7.791343312841809698e-01,-1.586073653578482068e+00,6.432812724339875832e-14,2.928083123188152115e-14,-5.447161818827872537e-14,-2.144036901144397156e-15,-1.701104313883143604e+01,1.011199776907403169e+01
1.976759147644042969e+01,1.571897115786839105e+00,-7.791343312841809698e-01,-1.586073653578482068e+00,6.432743606451379881e-14,2.928950484926140518e-14,-5.447378659262369638e-14,-2.140648769355379955e-15,-1.701104313883143604e+01,1.011199776907403169e+01
1.977736997604370117e+01,1.571897115786839105e+00,-7.791343312841809698e-01,-1.586073653578482068e+00,6.432780198274701267e-14,2.929817846664128922e-14,-5.447638867783766159e-14,-2.109423746787797427e-15,-1.701104313883143604e+01,1.011199776907403169e+01
1.978842520713806152e+01,1.571897115786839105e+00,-7.791343312841809698e-01,-1.586073653578482068e+00,6.432791040296426122e-14,2.930771944575916166e-14,-5.447899076305162680e-14,-2.112811878576814628e-15,-1.701104313883143604e+01,1.011199776907403169e+01
1.979745960235595703e+01,1.571897115786839105e+00,-7.791343312841809698e-01,-1.586073653578482068e+00,6.432860158184922073e-14,2.928950484926140518e-14,-5.445470463438795150e-14,-2.064239621249464030e-15,-1.701104313883143959e+01,1.011199776907403169e+01
1.980724883079528809e+01,1.571897115786839105e+00,-7.791343312841809698e-01,-1.586073653578482068e+00,6.432910302535399527e-14,2.927302497623962552e-14,-5.443193638876575591e-14,-2.064239621249464030e-15,-1.701104313883143959e+01,1.011199776907403169e+01
1.981765365600585938e+01,1.571897115786839105e+00,-7.791343312841809698e-01,-1.586073653578482068e+00,6.432987551940189119e-14,2.925654510321784585e-14,-5.440916814314356031e-14,-2.053831280393603187e-15,-1.701104313883143959e+01,1.011199776907403169e+01
1.982834911346435547e+01,1.571897115786839105e+00,-7.791343312841809698e-01,-1.586073653578482068e+00,6.433083774882997208e-14,2.923833050672008937e-14,-5.438488201447988502e-14,-2.053831280393603187e-15,-1.701104313883143959e+01,1.011199776907403169e+01
1.983749866485595703e+01,1.571897115786839105e+00,-7.791343312841809698e-01,-1.586073653578482068e+00,6.433066156597694318e-14,2.923486105976813576e-14,-5.440114504706716758e-14,-2.095464643817046557e-15,-1.701104313883143959e+01,1.011199776907402992e+01
1.984724116325378418e+01,1.571897115786839105e+00,-7.791343312841809698e-01,-1.586073653578482068e+00,6.433079709124850387e-14,2.923052425107819374e-14,-5.441632387748196464e-14,-2.095464643817046557e-15,-1.701104313883143959e+01,1.011199776907402992e+01
1.985748410224914551e+01,1.571897115786839105e+00,-7.791343312841809698e-01,-1.586073653578482068e+00,6.432983486182042299e-14,2.925220829452790383e-14,-5.445969196438138482e-14,-2.150975795048304384e-15,-1.701104313883143604e+01,1.011199776907402992e+01
1.986746287345886230e+01,1.571897115786839105e+00,-7.791343312841809698e-01,-1.586073653578482068e+00,6.432887263239234210e-14,2.927389233797761392e-14,-5.450306005128080500e-14,-2.147587663259287183e-15,-1.701104313883143604e+01,1.011199776907402992e+01
1.987804269790649414e+01,1.571897115786839105e+00,-7.791343312841809698e-01,-1.586073653578482068e+00,6.432788329790994908e-14,2.928256595535749796e-14,-5.450566213649477021e-14,-2.168323029808072455e-15,-1.701104313883143604e+01,1.011199776907403169e+01
1.988741588592529297e+01,1.571897115786839105e+00,-7.791343312841809698e-01,-1.586073653578482068e+00,6.432663646541159075e-14,2.929210693447537039e-14,-5.450826422170873542e-14,-2.168323029808072455e-15,-1.701104313883143604e+01,1.011199776907403169e+01
1.989769005775451660e+01,1.571897115786839105e+00,-7.791343312841809698e-01,-1.586073653578482068e+00,6.432651449266718613e-14,2.930078055185525443e-14,-5.451043262605370643e-14,-2.137098007240489927e-15,-1.701104313883143604e+01,1.011199776907403169e+01
1.990798616409301758e+01,1.571897115786839105e+00,-7.791343312841809698e-01,-1.586073653578482068e+00,6.432633830981415723e-14,2.930902048836614426e-14,-5.451303471126767164e-14,-2.137098007240489927e-15,-1.701104313883143604e+01,1.011199776907403169e+01
1.991790533065795898e+01,1.571897115786839105e+00,-7.791343312841809698e-01,-1.586073653578482068e+00,6.432660936035727861e-14,2.929167325360637619e-14,-5.448918226347299054e-14,-2.088525749913139329e-15,-1.701104313883143959e+01,1.011199776907403169e+01
1.992733979225158691e+01,1.571897115786839105e+00,-7.791343312841809698e-01,-1.586073653578482068e+00,6.432688041090039999e-14,2.927432601884660812e-14,-5.446532981567830944e-14,-2.088525749913139329e-15,-1.701104313883143959e+01,1.011199776907403169e+01
1.993773150444030762e+01,1.571897115786839105e+00,-7.791343312841809698e-01,-1.586073653578482068e+00,6.432769356252976412e-14,2.925697878408684005e-14,-5.444147736788362835e-14,-2.064239621249464030e-15,-1.701104313883143959e+01,1.011199776907403169e+01
1.994745063781738281e+01,1.571897115786839105e+00,-7.791343312841809698e-01,-1.586073653578482068e+00,6.432850671415912824e-14,2.923963154932707198e-14,-5.441762492008894725e-14,-2.064239621249464030e-15,-1.701104313883143959e+01,1.011199776907403169e+01
1.995732498168945312e+01,1.571897115786839105e+00,-7.791343312841809698e-01,-1.586073653578482068e+00,6.432862868690353286e-14,2.924830516670695602e-14,-5.441979332443391826e-14,-2.102484852883890198e-15,-1.701104313883143604e+01,1.011199776907403169e+01
1.996793317794799805e+01,1.571897115786839105e+00,-7.791343312841809698e-01,-1.586073653578482068e+00,6.432913013040830741e-14,2.925697878408684005e-14,-5.442239540964788347e-14,-2.102484852883890198e-15,-1.701104313883143604e+01,1.011199776907403169e+01
1.997800421714782715e+01,1.571897115786839105e+00,-7.791343312841809698e-01,-1.586073653578482068e+00,6.432869644953931321e-14,2.926651976320471249e-14,-5.442499749486184868e-14,-2.137098007240489927e-15,-1.701104313883143604e+01,1.011199776907403169e+01
1.998844766616821289e+01,1.571897115786839105e+00,-7.791343312841809698e-01,-1.586073653578482068e+00,6.432852026668628431e-14,2.927475969971560232e-14,-5.442759958007581389e-14,-2.137098007240489927e-15,-1.701104313883143604e+01,1.011199776907403169e+01
1.999733066558837891e+01,1.571897115786839105e+00,-7.791343312841809698e-01,-1.586073653578482068e+00,6.432850671415912824e-14,2.929644374316531241e-14,-5.447096766697523407e-14,-2.109423746787797427e-15,-1.701104313883143604e+01,1.011199776907402992e+01
2.000707817077636719e+01,1.571897115786839105e+00,-7.791343312841809698e-01,-1.586073653578482068e+00,6.432892684250096638e-14,2.931812778661502250e-14,-5.451433575387465424e-14,-2.112811878576814628e-15,-1.701104313883143604e+01,1.011199776907402992e+01
2.001813340187072754e+01,1.571897115786839105e+00,-7.791343312841809698e-01,-1.586073653578482068e+00,6.432946894358720913e-14,2.931379097792508048e-14,-5.452951458428945131e-14,-2.078117409057278486e-15,-1.701104313883143959e+01,1.011199776907402992e+01
2.002830529212951660e+01,1.571897115786839105e+00,-7.791343312841809698e-01,-1.586073653578482068e+00,6.433001104467345188e-14,2.930945416923513847e-14,-5.454469341470424837e-14,-2.078117409057278486e-15,-1.701104313883143959e+01,1.011199776907402992e+01
2.003756380081176758e+01,1.571897115786839105e+00,-7.791343312841809698e-01,-1.586073653578482068e+00,6.433095972157437670e-14,2.929210693447537039e-14,-5.452084096690956727e-14,-2.060770174297510415e-15,-1.701104313883143959e+01,1.011199776907403169e+01
2.004769492149353027e+01,1.571897115786839105e+00,-7.791343312841809698e-01,-1.586073653578482068e+00,6.433190839847530151e-14,2.927475969971560232e-14,-5.449698851911488617e-14,-2.060770174297510415e-15,-1.701104313883143959e+01,1.011199776907403169e+01
2.005776405334472656e+01,1.571897115786839105e+00,-7.791343312841809698e-01,-1.586073653578482068e+00,6.433204392374686220e-14,2.925741246495583425e-14,-5.447313607132020508e-14,-2.095464643817046557e-15,-1.701104313883143959e+01,1.011199776907403169e+01
2.006845378875732422e+01,1.571897115786839105e+00,-7.791343312841809698e-01,-1.586073653578482068e+00,6.433217944901842289e-14,2.924006523019606618e-14,-5.444928362352552398e-14,-2.095464643817046557e-15,-1.701104313883143959e+01,1.011199776907403169e+01
2.007719540596008301e+01,1.571897115786839105e+00,-7.791343312841809698e-01,-1.586073653578482068e+00,6.433121721959034200e-14,2.924873884757595022e-14,-5.445145202787049499e-14,-2.147587663259287183e-15,-1.701104313883143604e+01,1.011199776907403169e+01
2.008726644515991211e+01,1.571897115786839105e+00,-7.791343312841809698e-01,-1.586073653578482068e+00,6.433063446092263105e-14,2.925741246495583425e-14,-5.445405411308446020e-14,-2.147587663259287183e-15,-1.701104313883143604e+01,1.011199776907403169e+01
2.009781813621520996e+01,1.571897115786839105e+00,-7.791343312841809698e-01,-1.586073653578482068e+00,6.432911657788115134e-14,2.926695344407370669e-14,-5.445665619829842541e-14,-2.178731370663933298e-15,-1.701104313883143604e+01,1.011199776907403169e+01
2.010791635513305664e+01,1.571897115786839105e+00,-7.791343312841809698e-01,-1.586073653578482068e+00,6.432785619285563694e-14,2.927519338058459653e-14,-5.445925828351239062e-14,-2.178731370663933298e-15,-1.701104313883143604e+01,1.011199776907403169e+01
2.011759948730468750e+01,1.571897115786839105e+00,-7.791343312841809698e-01,-1.586073653578482068e+00,6.432689396342755606e-14,2.928386699796448056e-14,-5.446142668785736163e-14,-2.147587663259287183e-15,-1.701104313883143604e+01,1.011199776907403169e+01
2.012731671333312988e+01,1.571897115786839105e+00,-7.791343312841809698e-01,-1.586073653578482068e+00,6.432636541486846937e-14,2.929254061534436460e-14,-5.446359509220233264e-14,-2.150975795048304384e-15,-1.701104313883143604e+01,1.011199776907403169e+01
2.013746738433837891e+01,1.571897115786839105e+00,-7.791343312841809698e-01,-1.586073653578482068e+00,6.432662291288443468e-14,2.930121423272424863e-14,-5.446576349654730365e-14,-2.102403537720953786e-15,-1.701104313883143604e+01,1.011199776907403169e+01
2.014720320701599121e+01,1.571897115786839105e+00,-7.791343312841809698e-01,-1.586073653578482068e+00,6.432731409176939419e-14,2.930988785010413267e-14,-5.446793190089227465e-14,-2.102403537720953786e-15,-1.701104313883143604e+01,1.011199776907403169e+01
2.015814757347106934e+01,1.571897115786839105e+00,-7.791343312841809698e-01,-1.586073653578482068e+00,6.432839829394187969e-14,2.930555104141419065e-14,-5.448311073130707172e-14,-2.053831280393603187e-15,-1.701104313883143959e+01,1.011199776907402992e+01
2.016787743568420410e+01,1.571897115786839105e+00,-7.791343312841809698e-01,-1.586073653578482068e+00,6.432948249611436520e-14,2.930121423272424863e-14,-5.449828956172186878e-14,-2.053831280393603187e-15,-1.701104313883143959e+01,1.011199776907402992e+01
2.017718839645385742e+01,1.571897115786839105e+00,-7.791343312841809698e-01,-1.586073653578482068e+00,6.433110879937309345e-14,2.929687742403430661e-14,-5.451346839213666584e-14,-2.029545151729927888e-15,-1.701104313883143959e+01,1.011199776907402992e+01
2.018710112571716309e+01,1.571897115786839105e+00,-7.791343312841809698e-01,-1.586073653578482068e+00,6.433273510263182171e-14,2.929254061534436460e-14,-5.452864722255146290e-14,-2.029545151729927888e-15,-1.701104313883143959e+01,1.011199776907402992e+01
2.019852995872497559e+01,1.571897115786839105e+00,-7.791343312841809698e-01,-1.586073653578482068e+00,6.433327720371806446e-14,2.927519338058459653e-14,-5.450479477475678181e-14,-2.078117409057278486e-15,-1.701104313883143959e+01,1.011199776907403169e+01
2.020767211914062500e+01,1.571897115786839105e+00,-7.791343312841809698e-01,-1.586073653578482068e+00,6.433381930480430722e-14,2.925784614582482845e-14,-5.448094232696210071e-14,-2.078117409057278486e-15,-1.701104313883143959e+01,1.011199776907403169e+01
2.021753263473510742e+01,1.571897115786839105e+00,-7.791343312841809698e-01,-1.586073653578482068e+00,6.433326365119090839e-14,2.926651976320471249e-14,-5.448311073130707172e-14,-2.137098007240489927e-15,-1.701104313883143604e+01,1.011199776907403169e+01
2.022718501091003418e+01,1.571897115786839105e+00,-7.791343312841809698e-01,-1.586073653578482068e+00,6.433314167844650378e-14,2.927519338058459653e-14,-5.448527913565204273e-14,-2.137098007240489927e-15,-1.701104313883143604e+01,1.011199776907403169e+01
2.023826336860656738e+01,1.571897115786839105e+00,-7.791343312841809698e-01,-1.586073653578482068e+00,6.433190839847530151e-14,2.928386699796448056e-14,-5.448744753999701373e-14,-2.157996004115148025e-15,-1.701104313883143604e+01,1.011199776907403169e+01
2.024747896194458008e+01,1.571897115786839105e+00,-7.791343312841809698e-01,-1.586073653578482068e+00,6.433110879937309345e-14,2.929254061534436460e-14,-5.448961594434198474e-14,-2.161384135904165227e-15,-1.701104313883143604e+01,1.011199776907403169e+01
2.025718641281127930e+01,1.571897115786839105e+00,-7.791343312841809698e-01,-1.586073653578482068e+00,6.433068867103125532e-14,2.930121423272424863e-14,-5.449178434868695575e-14,-2.130159113336582699e-15,-1.701104313883143604e+01,1.011199776907403169e+01
2.026809120178222656e+01,1.571897115786839105e+00,-7.791343312841809698e-01,-1.586073653578482068e+00,6.433070222355841139e-14,2.930988785010413267e-14,-5.449395275303192676e-14,-2.130159113336582699e-15,-1.701104313883143604e+01,1.011199776907403169e+01
2.027747058868408203e+01,1.571897115786839105e+00,-7.791343312841809698e-01,-1.586073653578482068e+00,6.433083774882997208e-14,2.929254061534436460e-14,-5.447010030523724566e-14,-2.095464643817046557e-15,-1.701104313883143959e+01,1.011199776907403169e+01
2.028854894638061523e+01,1.571897115786839105e+00,-7.791343312841809698e-01,-1.586073653578482068e+00,6.433097327410153277e-14,2.927519338058459653e-14,-5.444624785744256457e-14,-2.095464643817046557e-15,-1.701104313883143959e+01,1.011199776907403169e+01
2.029760885238647461e+01,1.571897115786839105e+00,-7.791343312841809698e-01,-1.586073653578482068e+00,6.433178642573089689e-14,2.925784614582482845e-14,-5.442239540964788347e-14,-2.064239621249464030e-15,-1.701104313883143959e+01,1.011199776907403169e+01
2.030736637115478516e+01,1.571897115786839105e+00,-7.791343312841809698e-01,-1.586073653578482068e+00,6.433259957736026102e-14,2.924049891106506038e-14,-5.439854296185320237e-14,-2.064239621249464030e-15,-1.701104313883143959e+01,1.011199776907403169e+01
2.031748890876770020e+01,1.571897115786839105e+00,-7.791343312841809698e-01,-1.586073653578482068e+00,6.433246405208870033e-14,2.922315167630529231e-14,-5.437469051405852127e-14,-2.105872984672907400e-15,-1.701104313883143959e+01,1.011199776907403169e+01
2.032752251625061035e+01,1.571897115786839105e+00,-7.791343312841809698e-01,-1.586073653578482068e+00,6.433232852681713965e-14,2.920580444154552424e-14,-5.435083806626384018e-14,-2.105872984672907400e-15,-1.701104313883143959e+01,1.011199776907403169e+01
2.033774662017822266e+01,1.571897115786839105e+00,-7.791343312841809698e-01,-1.586073653578482068e+00,6.433125787717181021e-14,2.922748848499523433e-14,-5.439420615316326035e-14,-2.175261923711979684e-15,-1.701104313883143604e+01,1.011199776907402992e+01
2.034709954261779785e+01,1.571897115786839105e+00,-7.791343312841809698e-01,-1.586073653578482068e+00,6.433018722752648078e-14,2.924917252844494442e-14,-5.443757424006268053e-14,-2.175261923711979684e-15,-1.701104313883143604e+01,1.011199776907402992e+01
2.035747027397155762e+01,1.571897115786839105e+00,-7.791343312841809698e-01,-1.586073653578482068e+00,6.432814079592591439e-14,2.927085657189465451e-14,-5.448094232696210071e-14,-2.196078605423701369e-15,-1.701104313883143604e+01,1.011199776907402992e+01
2.036761832237243652e+01,1.571897115786839105e+00,-7.791343312841809698e-01,-1.586073653578482068e+00,6.432652804519434220e-14,2.929254061534436460e-14,-5.452431041386152089e-14,-2.196078605423701369e-15,-1.701104313883143604e+01,1.011199776907402992e+01
2.037756705284118652e+01,1.571897115786839105e+00,-7.791343312841809698e-01,-1.586073653578482068e+00,6.432543029049470062e-14,2.930121423272424863e-14,-5.452647881820649189e-14,-2.154445242000257998e-15,-1.701104313883143604e+01,1.011199776907403169e+01
2.038714551925659180e+01,1.571897115786839105e+00,-7.791343312841809698e-01,-1.586073653578482068e+00,6.432476621666405325e-14,2.930988785010413267e-14,-5.452864722255146290e-14,-2.154445242000257998e-15,-1.701104313883143604e+01,1.011199776907403169e+01
2.039727091789245605e+01,1.571897115786839105e+00,-7.791343312841809698e-01,-1.586073653578482068e+00,6.432502371468001856e-14,2.931856146748401670e-14,-5.453081562689643391e-14,-2.102403537720953786e-15,-1.701104313883143604e+01,1.011199776907403169e+01
2.040721964836120605e+01,1.571897115786839105e+00,-7.791343312841809698e-01,-1.586073653578482068e+00,6.432571489356497807e-14,2.932723508486390074e-14,-5.453298403124140492e-14,-2.102403537720953786e-15,-1.701104313883143604e+01,1.011199776907403169e+01
2.041791200637817383e+01,1.571897115786839105e+00,-7.791343312841809698e-01,-1.586073653578482068e+00,6.432693462100902426e-14,2.930988785010413267e-14,-5.450913158344672382e-14,-2.046892386489695959e-15,-1.701104313883143959e+01,1.011199776907403169e+01
2.042796087265014648e+01,1.571897115786839105e+00,-7.791343312841809698e-01,-1.586073653578482068e+00,6.432815434845307045e-14,2.929254061534436460e-14,-5.448527913565204273e-14,-2.046892386489695959e-15,-1.701104313883143959e+01,1.011199776907403169e+01
2.043756818771362305e+01,1.571897115786839105e+00,-7.791343312841809698e-01,-1.586073653578482068e+00,6.432964512644023802e-14,2.927519338058459653e-14,-5.446142668785736163e-14,-2.036484045633835116e-15,-1.701104313883143959e+01,1.011199776907403169e+01
2.044745779037475586e+01,1.571897115786839105e+00,-7.791343312841809698e-01,-1.586073653578482068e+00,6.433113590442740559e-14,2.925784614582482845e-14,-5.443757424006268053e-14,-2.036484045633835116e-15,-1.701104313883143959e+01,1.011199776907403169e+01
2.045725345611572266e+01,1.571897115786839105e+00,-7.791343312841809698e-01,-1.586073653578482068e+00,6.433167800551364834e-14,2.924049891106506038e-14,-5.441372179226799943e-14,-2.078117409057278486e-15,-1.701104313883143959e+01,1.011199776907403169e+01
2.046719074249267578e+01,1.571897115786839105e+00,-7.791343312841809698e-01,-1.586073653578482068e+00,6.433222010659989110e-14,2.922315167630529231e-14,-5.438986934447331834e-14,-2.078117409057278486e-15,-1.701104313883143959e+01,1.011199776907403169e+01
2.047725963592529297e+01,1.571897115786839105e+00,-7.791343312841809698e-01,-1.586073653578482068e+00,6.433209813385548648e-14,2.923182529368517635e-14,-5.439203774881828934e-14,-2.137098007240489927e-15,-1.701104313883143604e+01,1.011199776907403169e+01
2.048733830451965332e+01,1.571897115786839105e+00,-7.791343312841809698e-01,-1.586073653578482068e+00,6.433197616111108186e-14,2.924049891106506038e-14,-5.439420615316326035e-14,-2.137098007240489927e-15,-1.701104313883143604e+01,1.011199776907403169e+01
2.049759221076965332e+01,1.571897115786839105e+00,-7.791343312841809698e-01,-1.586073653578482068e+00,6.433033630532519753e-14,2.924917252844494442e-14,-5.439637455750823136e-14,-2.178731370663933298e-15,-1.701104313883143604e+01,1.011199776907403169e+01
2.050730252265930176e+01,1.571897115786839105e+00,-7.791343312841809698e-01,-1.586073653578482068e+00,6.432913013040830741e-14,2.925784614582482845e-14,-5.439854296185320237e-14,-2.178731370663933298e-15,-1.701104313883143604e+01,1.011199776907403169e+01
2.051791524887084961e+01,1.571897115786839105e+00,-7.791343312841809698e-01,-1.586073653578482068e+00,6.432816790098022652e-14,2.927953018927453854e-14,-5.444191104875262255e-14,-2.150975795048304384e-15,-1.701104313883143604e+01,1.011199776907402992e+01
2.052912139892578125e+01,1.571897115786839105e+00,-7.791343312841809698e-01,-1.586073653578482068e+00,6.432763935242113984e-14,2.930121423272424863e-14,-5.448527913565204273e-14,-2.150975795048304384e-15,-1.701104313883143604e+01,1.011199776907402992e+01
2.053808236122131348e+01,1.571897115786839105e+00,-7.791343312841809698e-01,-1.586073653578482068e+00,6.432763935242113984e-14,2.929687742403430661e-14,-5.450045796606683979e-14,-2.102403537720953786e-15,-1.701104313883143959e+01,1.011199776907402992e+01
2.054731202125549316e+01,1.571897115786839105e+00,-7.791343312841809698e-01,-1.586073653578482068e+00,6.432763935242113984e-14,2.929254061534436460e-14,-5.451563679648163685e-14,-2.102403537720953786e-15,-1.701104313883143959e+01,1.011199776907402992e+01
2.055708217620849609e+01,1.571897115786839105e+00,-7.791343312841809698e-01,-1.586073653578482068e+00,6.432845250405050397e-14,2.927519338058459653e-14,-5.449178434868695575e-14,-2.064239621249464030e-15,-1.701104313883143959e+01,1.011199776907403169e+01
2.056800746917724609e+01,1.571897115786839105e+00,-7.791343312841809698e-01,-1.586073653578482068e+00,6.432926565567986810e-14,2.925784614582482845e-14,-5.446793190089227465e-14,-2.064239621249464030e-15,-1.701104313883143959e+01,1.011199776907403169e+01
2.057850193977355957e+01,1.571897115786839105e+00,-7.791343312841809698e-01,-1.586073653578482068e+00,6.432938762842427272e-14,2.926651976320471249e-14,-5.447010030523724566e-14,-2.105872984672907400e-15,-1.701104313883143604e+01,1.011199776907403169e+01
2.058713364601135254e+01,1.571897115786839105e+00,-7.791343312841809698e-01,-1.586073653578482068e+00,6.432994328203767154e-14,2.927519338058459653e-14,-5.447226870958221667e-14,-2.105872984672907400e-15,-1.701104313883143604e+01,1.011199776907403169e+01
2.059708547592163086e+01,1.571897115786839105e+00,-7.791343312841809698e-01,-1.586073653578482068e+00,6.432938762842427272e-14,2.928386699796448056e-14,-5.447443711392718768e-14,-2.137098007240489927e-15,-1.701104313883143604e+01,1.011199776907403169e+01
2.060793161392211914e+01,1.571897115786839105e+00,-7.791343312841809698e-01,-1.586073653578482068e+00,6.432926565567986810e-14,2.929254061534436460e-14,-5.447660551827215869e-14,-2.137098007240489927e-15,-1.701104313883143604e+01,1.011199776907403169e+01
2.061748719215393066e+01,1.571897115786839105e+00,-7.791343312841809698e-01,-1.586073653578482068e+00,6.432938762842427272e-14,2.930121423272424863e-14,-5.447877392261712970e-14,-2.105872984672907400e-15,-1.701104313883143604e+01,1.011199776907403169e+01
2.062720346450805664e+01,1.571897115786839105e+00,-7.791343312841809698e-01,-1.586073653578482068e+00,6.432994328203767154e-14,2.930988785010413267e-14,-5.448094232696210071e-14,-2.105872984672907400e-15,-1.701104313883143604e+01,1.011199776907403169e+01
2.063812065124511719e+01,1.571897115786839105e+00,-7.791343312841809698e-01,-1.586073653578482068e+00,6.433048538312391429e-14,2.929254061534436460e-14,-5.445708987916741961e-14,-2.078117409057278486e-15,-1.701104313883143959e+01,1.011199776907403169e+01
2.064760041236877441e+01,1.571897115786839105e+00,-7.791343312841809698e-01,-1.586073653578482068e+00,6.433102748421015704e-14,2.927519338058459653e-14,-5.443323743137273851e-14,-2.078117409057278486e-15,-1.701104313883143959e+01,1.011199776907403169e+01
2.065771055221557617e+01,1.571897115786839105e+00,-7.791343312841809698e-01,-1.586073653578482068e+00,6.433224721165420323e-14,2.927085657189465451e-14,-5.444841626178753557e-14,-2.046892386489695959e-15,-1.701104313883143959e+01,1.011199776907402992e+01
2.066735124588012695e+01,1.571897115786839105e+00,-7.791343312841809698e-01,-1.586073653578482068e+00,6.433346693909824943e-14,2.926651976320471249e-14,-5.446359509220233264e-14,-2.046892386489695959e-15,-1.701104313883143959e+01,1.011199776907402992e+01
2.067752695083618164e+01,1.571897115786839105e+00,-7.791343312841809698e-01,-1.586073653578482068e+00,6.433373798964137080e-14,2.924917252844494442e-14,-5.443974264440765154e-14,-2.088525749913139329e-15,-1.701104313883143959e+01,1.011199776907403169e+01
2.068750500679016113e+01,1.571897115786839105e+00,-7.791343312841809698e-01,-1.586073653578482068e+00,6.433400904018449218e-14,2.923182529368517635e-14,-5.441589019661297044e-14,-2.088525749913139329e-15,-1.701104313883143959e+01,1.011199776907403169e+01
2.069743204116821289e+01,1.571897115786839105e+00,-7.791343312841809698e-01,-1.586073653578482068e+00,6.433291128548485061e-14,2.924049891106506038e-14,-5.441805860095794145e-14,-2.154445242000257998e-15,-1.701104313883143604e+01,1.011199776907403169e+01
2.070719671249389648e+01,1.571897115786839105e+00,-7.791343312841809698e-01,-1.586073653578482068e+00,6.433224721165420323e-14,2.924917252844494442e-14,-5.442022700530291246e-14,-2.154445242000257998e-15,-1.701104313883143604e+01,1.011199776907403169e+01
2.071757125854492188e+01,1.571897115786839105e+00,-7.791343312841809698e-01,-1.586073653578482068e+00,6.433060735586831891e-14,2.925784614582482845e-14,-5.442239540964788347e-14,-2.178731370663933298e-15,-1.701104313883143604e+01,1.011199776907403169e+01
2.072845292091369629e+01,1.571897115786839105e+00,-7.791343312841809698e-01,-1.586073653578482068e+00,6.432940118095142878e-14,2.926651976320471249e-14,-5.442456381399285448e-14,-2.178731370663933298e-15,-1.701104313883143604e+01,1.011199776907403169e+01
2.073864364624023438e+01,1.571897115786839105e+00,-7.791343312841809698e-01,-1.586073653578482068e+00,6.432843895152334790e-14,2.927519338058459653e-14,-5.442673221833782549e-14,-2.150975795048304384e-15,-1.701104313883143604e+01,1.011199776907403169e+01
2.074729442596435547e+01,1.571897115786839105e+00,-7.791343312841809698e-01,-1.586073653578482068e+00,6.432791040296426122e-14,2.928386699796448056e-14,-5.442890062268279650e-14,-2.150975795048304384e-15,-1.701104313883143604e+01,1.011199776907403169e+01
2.075746631622314453e+01,1.571897115786839105e+00,-7.791343312841809698e-01,-1.586073653578482068e+00,6.432777487769270053e-14,2.927953018927453854e-14,-5.444407945309759356e-14,-2.105872984672907400e-15,-1.701104313883143959e+01,1.011199776907402992e+01
2.076722025871276855e+01,1.571897115786839105e+00,-7.791343312841809698e-01,-1.586073653578482068e+00,6.432763935242113984e-14,2.927519338058459653e-14,-5.445925828351239062e-14,-2.105872984672907400e-15,-1.701104313883143959e+01,1.011199776907402992e+01
2.077765464782714844e+01,1.571897115786839105e+00,-7.791343312841809698e-01,-1.586073653578482068e+00,6.432831697877894328e-14,2.927085657189465451e-14,-5.447443711392718768e-14,-2.071178515153371258e-15,-1.701104313883143959e+01,1.011199776907402992e+01
